{
"type": "FeatureCollection",
"name": "kabupaten",
"crs": { "type": "name", "properties": { "name": "urn:ogc:def:crs:OGC:1.3:CRS84" } },
"features": [
{ "type": "Feature", "properties": { "fid": null, "kk": null, "gid": 79246, "bstt": null, "luas": 0.66212071980214804, "bsbtt": null, "idsls": "13060700030003", "kdkab": "06", "kdkec": "070", "kdsls": "0003", "nmkab": "PADANG PARIAMAN", "nmkec": "V KOTO", "nmsls": "KORONG TOBOH SIMPANG IV PANCAHAN", "bstt_k": null, "kddesa": "003", "kdprov": "13", "khusus": null, "muatan": null, "nmdesa": "CAMPAGO SELATAN", "nmprov": "SUMATERA BARAT", "posisi": "", "rw_dki": "", "segmen": "", "sumber": "", "dom_sls": "", "periode": "2024_1", "tingkat": null, "nm_gedung": "", "wil_campur": null, "iddesa": "1306070003", "idkec": "1306070", "idkab": "1306" }, "geometry": { "type": "MultiPolygon", "coordinates": [ [ [ [ 100.097183016, -0.564979716999971 ], [ 100.09682392, -0.564743039999948 ], [ 100.09681582, -0.564737709999978 ], [ 100.09667137, -0.564676219999972 ], [ 100.0964182, -0.564626599999942 ], [ 100.09621057, -0.564692319999953 ], [ 100.09617945, -0.564629689999957 ], [ 100.096096457, -0.564661931999989 ], [ 100.096064812, -0.564550823999985 ], [ 100.095622566, -0.564708405999963 ], [ 100.095653173, -0.564838278999966 ], [ 100.0956045, -0.564857319999936 ], [ 100.09552541, -0.564889189999974 ], [ 100.09546346, -0.56493564999994 ], [ 100.09542534, -0.564973879999966 ], [ 100.09448077, -0.56523550999998 ], [ 100.093743511, -0.565416565999959 ], [ 100.0932957, -0.565526539999957 ], [ 100.0932803, -0.565538939999959 ], [ 100.09307352, -0.565705539999964 ], [ 100.09302292, -0.565708709999976 ], [ 100.09235606, -0.565754309999933 ], [ 100.09191026, -0.565742589999957 ], [ 100.09109047, -0.565721039999972 ], [ 100.09066553, -0.565778809999933 ], [ 100.08969346, -0.566270389999952 ], [ 100.08953307, -0.56635149999994 ], [ 100.08936244, -0.566437789999951 ], [ 100.088951014, -0.565676475999965 ], [ 100.089122379, -0.565319464999965 ], [ 100.089269673, -0.565168577999948 ], [ 100.08910974, -0.56476411999995 ], [ 100.08889548, -0.564222249999941 ], [ 100.08841036, -0.562981449999941 ], [ 100.08816157, -0.562340839999933 ], [ 100.08806828, -0.562098279999934 ], [ 100.08761425, -0.561199549999976 ], [ 100.08669376, -0.55939898999998 ], [ 100.08594509, -0.557950709999948 ], [ 100.085842959989392, -0.557753131505935 ], [ 100.08579193, -0.55765440999994 ], [ 100.08569701, -0.557466569999974 ], [ 100.0850518, -0.556189709999955 ], [ 100.084881483, -0.555844708999933 ], [ 100.08485444, -0.555789929999951 ], [ 100.08480924, -0.555698359999956 ], [ 100.08409663, -0.554627239999945 ], [ 100.08380167, -0.554183899999948 ], [ 100.08265105, -0.552414439999957 ], [ 100.08190224744159, -0.551277446046352 ], [ 100.08163727, -0.550875099999926 ], [ 100.08100909, -0.549904849999967 ], [ 100.08070323, -0.549500389999938 ], [ 100.07945157, -0.547845259999972 ], [ 100.07920427, -0.547521279999956 ], [ 100.07878921, -0.546977509999985 ], [ 100.07815233, -0.546154339999939 ], [ 100.07802495, -0.545985569999972 ], [ 100.07734349, -0.545089159999981 ], [ 100.07730521, -0.545050979999926 ], [ 100.077072983, -0.544819362999931 ], [ 100.07674164, -0.544488889999965 ], [ 100.07643275, -0.544186369999976 ], [ 100.07640415, -0.544157879999947 ], [ 100.07479596, -0.542555959999959 ], [ 100.07304772, -0.540820449999959 ], [ 100.07140138, -0.539180479999969 ], [ 100.06987605, -0.53766788999997 ], [ 100.06963722, -0.537429059999963 ], [ 100.0693156, -0.537110619999972 ], [ 100.06891118, -0.53674281999997 ], [ 100.06863732, -0.536497619999976 ], [ 100.06771065, -0.535671269999973 ], [ 100.06684768, -0.534899049999975 ], [ 100.06666935, -0.53472708999994 ], [ 100.06591414, -0.533982159999945 ], [ 100.06585096, -0.533919839999957 ], [ 100.065787526, -0.533857650999955 ], [ 100.06570221, -0.533774009999949 ], [ 100.06568855, -0.533760619999957 ], [ 100.06537648, -0.533451729999971 ], [ 100.0648829, -0.532959739999967 ], [ 100.06463133, -0.532714539999969 ], [ 100.06392439, -0.532018749999971 ], [ 100.06330343, -0.531399379999934 ], [ 100.06298499, -0.531096859999939 ], [ 100.06223665, -0.530331009999948 ], [ 100.06193546, -0.529980519999932 ], [ 100.06174833, -0.529762759999926 ], [ 100.061742851, -0.529756383999941 ], [ 100.06152653, -0.529504659999935 ], [ 100.06085144, -0.528713329999959 ], [ 100.06011265, -0.527851949999964 ], [ 100.05950762, -0.52703514999996 ], [ 100.059391124133384, -0.526879728375148 ], [ 100.05884526, -0.526151469999949 ], [ 100.05818927, -0.525264619999973 ], [ 100.05757786, -0.524438259999954 ], [ 100.0573868, -0.524183509999944 ], [ 100.05686371, -0.523474969999938 ], [ 100.05686137, -0.523471799999926 ], [ 100.056730274017511, -0.523296449839587 ], [ 100.05664426, -0.523181399999948 ], [ 100.05660662, -0.523131059999981 ], [ 100.05611304, -0.522467109999984 ], [ 100.05547297, -0.52160891999995 ], [ 100.05495391, -0.520909939999973 ], [ 100.05436798, -0.520121799999973 ], [ 100.05368333, -0.519199909999944 ], [ 100.05350182, -0.518948339999955 ], [ 100.05276941, -0.518160199999954 ], [ 100.05188096, -0.517200099999969 ], [ 100.05142022, -0.516707369999948 ], [ 100.05107849, -0.516341899999936 ], [ 100.050808344, -0.51605008599995 ], [ 100.05022506, -0.515420019999967 ], [ 100.05012953, -0.515317289999924 ], [ 100.0493589, -0.514488579999983 ], [ 100.04839403, -0.513445679999962 ], [ 100.04753105, -0.512520609999971 ], [ 100.04666171, -0.511579619999972 ], [ 100.04632125, -0.511211609999986 ], [ 100.046025332993324, -0.510891748563719 ], [ 100.0459741, -0.510836369999937 ], [ 100.04589427, -0.510750079999983 ], [ 100.04503448, -0.509828189999955 ], [ 100.04416513, -0.508887199999957 ], [ 100.04340911, -0.508074819999934 ], [ 100.04328942, -0.507946209999946 ], [ 100.043252571, -0.507906363999957 ], [ 100.04248695, -0.507078459999957 ], [ 100.04223538, -0.506814149999967 ], [ 100.04158258, -0.50610561999998 ], [ 100.04139151, -0.505898629999932 ], [ 100.04114313, -0.505631139999937 ], [ 100.04096162, -0.505452819999961 ], [ 100.04053809, -0.505040439999963 ], [ 100.03966875, -0.504210899999984 ], [ 100.03870706, -0.503279459999936 ], [ 100.03781542, -0.50242443999997 ], [ 100.03750972, -0.502131479999949 ], [ 100.037342338, -0.501970177999972 ], [ 100.03685175, -0.501497409999962 ], [ 100.03681506, -0.501462049999938 ], [ 100.03676457, -0.501413389999932 ], [ 100.0365735, -0.501228699999967 ], [ 100.03614679, -0.50081790999997 ], [ 100.03576148, -0.500450109999975 ], [ 100.03550036, -0.500192169999942 ], [ 100.0346533, -0.499410399999935 ], [ 100.03430822, -0.499093729999967 ], [ 100.03386039, -0.498682759999955 ], [ 100.03305155, -0.497945569999953 ], [ 100.03291943, -0.497826549999965 ], [ 100.03269808, -0.49762712999996 ], [ 100.03242422, -0.497375559999971 ], [ 100.0319774, -0.496955499999954 ], [ 100.03197203, -0.49695043999998 ], [ 100.0315899, -0.496612099999942 ], [ 100.031290105, -0.496340060999967 ], [ 100.03116001, -0.496222009999936 ], [ 100.03074603, -0.495841869999933 ], [ 100.0304674, -0.495599059999968 ], [ 100.02954392, -0.494753199999935 ], [ 100.02935286, -0.494574079999954 ], [ 100.0290384, -0.494295439999979 ], [ 100.02805123, -0.49338987999994 ], [ 100.02702824, -0.492460429999941 ], [ 100.02688576, -0.492330169999948 ], [ 100.0267496, -0.492205679999933 ], [ 100.02654839, -0.492022069999966 ], [ 100.02643116, -0.491915099999971 ], [ 100.02599729, -0.491525009999978 ], [ 100.02563506, -0.491196619999932 ], [ 100.02521312, -0.490802549999963 ], [ 100.02467178, -0.490316919999947 ], [ 100.02442896, -0.490084059999958 ], [ 100.02371542, -0.489442329999981 ], [ 100.02318306, -0.488963549999947 ], [ 100.0223588, -0.488200403999937 ], [ 100.02213619, -0.487994299999972 ], [ 100.02194114, -0.487831089999939 ], [ 100.02088631, -0.486865819999944 ], [ 100.02061962, -0.486626989999938 ], [ 100.01949313, -0.485594049999983 ], [ 100.01943824, -0.485545329999979 ], [ 100.01944009, -0.485542989999947 ], [ 100.01914814, -0.48528383999997 ], [ 100.01801369, -0.484242939999948 ], [ 100.01760516, -0.483875069999952 ], [ 100.01715391, -0.483468729999979 ], [ 100.01684342, -0.483182129999927 ], [ 100.01680665, -0.483148599999943 ], [ 100.01643741, -0.482811939999981 ], [ 100.0158439, -0.482312709999975 ], [ 100.01567316, -0.482169089999964 ], [ 100.01456259, -0.481251579999942 ], [ 100.01445104, -0.481158869999943 ], [ 100.01337242, -0.480262429999931 ], [ 100.01207477, -0.479189679999943 ], [ 100.01144427, -0.478662467999936 ], [ 100.01067761, -0.478021399999942 ], [ 100.00939191, -0.476964569999958 ], [ 100.00802261, -0.47582813999998 ], [ 100.00681254, -0.474819079999979 ], [ 100.00672054, -0.47474411999997 ], [ 100.00669726, -0.474725149999927 ], [ 100.00627517, -0.47438121999994 ], [ 100.0057179, -0.473915499999976 ], [ 100.00534373, -0.473571189999972 ], [ 100.00522099, -0.47345542999995 ], [ 100.00397841, -0.472283489999938 ], [ 100.003203811, -0.471553263999967 ], [ 100.00284268, -0.471212819999958 ], [ 100.00283203, -0.471202779999947 ], [ 100.00256533, -0.470959969999967 ], [ 100.0014269, -0.469887219999981 ], [ 100.00125082, -0.469720629999931 ], [ 99.99825782, -0.467415349999962 ], [ 99.995833650000094, -0.46544628999993 ], [ 99.99549306, -0.465169639999947 ], [ 99.994891402000107, -0.464667226999962 ], [ 99.994465550000101, -0.464311619999939 ], [ 99.994446620000105, -0.464273759999966 ], [ 99.994164160000096, -0.464063549999934 ], [ 99.994029860000097, -0.463963609999952 ], [ 99.993494890000093, -0.463663629999927 ], [ 99.99337296, -0.463569499999951 ], [ 99.993321510000101, -0.463548929999952 ], [ 99.992177480000095, -0.462712089999977 ], [ 99.99215409, -0.462688689999945 ], [ 99.991598160000095, -0.462298539999956 ], [ 99.9914637, -0.462246829999967 ], [ 99.991322860000096, -0.462148239999982 ], [ 99.991119430000097, -0.462005839999964 ], [ 99.990833870000102, -0.461745319999974 ], [ 99.98819454, -0.460021479999972 ], [ 99.9861501, -0.45878210999996 ], [ 99.985661160000106, -0.458462415999974 ], [ 99.9851943, -0.458157159999932 ], [ 99.98478041, -0.457941709999944 ], [ 99.98453362, -0.457822289999974 ], [ 99.984342550000093, -0.457669049999945 ], [ 99.983859760000101, -0.457288449999965 ], [ 99.98379722, -0.45723914999997 ], [ 99.983279750000094, -0.45683313999996 ], [ 99.98290161, -0.456349509999938 ], [ 99.98280938, -0.456234079999954 ], [ 99.982744680000096, -0.456153099999938 ], [ 99.981754040000098, -0.455360599999946 ], [ 99.980997860000102, -0.454516029999979 ], [ 99.98073571, -0.454251149999948 ], [ 99.98068019, -0.454169069999987 ], [ 99.980674800000102, -0.454161109999971 ], [ 99.980667200000099, -0.454145899999956 ], [ 99.980614500000101, -0.454113929999954 ], [ 99.980464760000103, -0.454023059999946 ], [ 99.980274920000099, -0.453838029999929 ], [ 99.97978764, -0.453194509999958 ], [ 99.979420670000096, -0.452650439999965 ], [ 99.978470230000099, -0.451462399999973 ], [ 99.976997820000093, -0.449640409999974 ], [ 99.9756101400001, -0.447977319999949 ], [ 99.97394705, -0.446187119999936 ], [ 99.97314199, -0.445350279999966 ], [ 99.973110630000093, -0.445285139999959 ], [ 99.9727407, -0.444897599999938 ], [ 99.972659130000096, -0.444809699999955 ], [ 99.97216862, -0.444281129999978 ], [ 99.97203822, -0.44419327999998 ], [ 99.971420640000105, -0.443777229999964 ], [ 99.970710493000098, -0.443133500999979 ], [ 99.96994822, -0.442442519999931 ], [ 99.968433430000104, -0.440768839999987 ], [ 99.9668339, -0.439031599999962 ], [ 99.96563115, -0.437667589999943 ], [ 99.965429830000105, -0.437483599999959 ], [ 99.964120240000099, -0.436287459999963 ], [ 99.962723080000103, -0.435011699999965 ], [ 99.962537230000095, -0.434841919999944 ], [ 99.96175765, -0.434222349999973 ], [ 99.960777700000094, -0.433448699999932 ], [ 99.96043331, -0.433245889999972 ], [ 99.96000317, -0.432815749999986 ], [ 99.959956410000103, -0.43269417999995 ], [ 99.960046241, -0.432526039999971 ], [ 99.960077979, -0.432466638999933 ], [ 99.960319038000094, -0.432731882999979 ], [ 99.961132437, -0.432085472999972 ], [ 99.961801415541515, -0.431553834357371 ], [ 99.962063294000103, -0.431345718999986 ], [ 99.963160673000104, -0.43057177799994 ], [ 99.964188744000097, -0.429878695999945 ], [ 99.964258053, -0.429810831999939 ], [ 99.964346132000102, -0.429728527999944 ], [ 99.964442874, -0.429636117999965 ], [ 99.964639248000097, -0.42946284699997 ], [ 99.964812518000102, -0.429278024999971 ], [ 99.965135956, -0.428850624999943 ], [ 99.965170610000101, -0.42860804599996 ], [ 99.965216816000094, -0.428388569999929 ], [ 99.965390086000099, -0.427452909999938 ], [ 99.965413189000103, -0.426667416999987 ], [ 99.965563357000093, -0.42553538399995 ], [ 99.965701973000094, -0.424900058999925 ], [ 99.965840589, -0.424715236999933 ], [ 99.966036963000093, -0.424576619999929 ], [ 99.966221784000098, -0.424368695999939 ], [ 99.966383503, -0.424137668999943 ], [ 99.966530700000106, -0.42383672899996 ], [ 99.966601221000104, -0.423792678999975 ], [ 99.966663740000101, -0.423753624999971 ], [ 99.966691731000097, -0.423736139999965 ], [ 99.966710770000105, -0.423693969999932 ], [ 99.966726251000097, -0.423617919999976 ], [ 99.966728051000104, -0.423600807999943 ], [ 99.96674168, -0.423471340999924 ], [ 99.96675544, -0.423251578999951 ], [ 99.96678395, -0.422966610999934 ], [ 99.966942711000101, -0.422391420999942 ], [ 99.967021030000097, -0.422243869999939 ], [ 99.96707925, -0.422158498999985 ], [ 99.967158881, -0.422041729999937 ], [ 99.967399859000096, -0.42178451999996 ], [ 99.967599240000098, -0.421642949999987 ], [ 99.967784832000106, -0.421590298999946 ], [ 99.967866260000093, -0.421581830999967 ], [ 99.968016540000093, -0.421566218999943 ], [ 99.96829354, -0.421542948999956 ], [ 99.9684736, -0.421528168999943 ], [ 99.9686058, -0.421459758999954 ], [ 99.968708769, -0.421327608999944 ], [ 99.9687706550001, -0.421233746999975 ], [ 99.96889265, -0.421048718999944 ], [ 99.969011949, -0.420860588999981 ], [ 99.969102922, -0.420684050999976 ], [ 99.969214789, -0.420423707999926 ], [ 99.969465211000099, -0.420237889999958 ], [ 99.9697330690001, -0.420155678999947 ], [ 99.969905052, -0.420150909999963 ], [ 99.970250551, -0.420078010999927 ], [ 99.970421732, -0.420092848999959 ], [ 99.9704727310001, -0.420129629999964 ], [ 99.97057945, -0.420206608999943 ], [ 99.970735461000103, -0.420316749999923 ], [ 99.970880360000095, -0.420432959999983 ], [ 99.971010539000105, -0.420512428999934 ], [ 99.971139789000105, -0.420568798999975 ], [ 99.97125925, -0.420610327999951 ], [ 99.971488851, -0.420667529999957 ], [ 99.971669180000106, -0.420678309999972 ], [ 99.971729480000107, -0.42067560899995 ], [ 99.971767001, -0.420673919999962 ], [ 99.972006210000103, -0.420657680999968 ], [ 99.972257920000104, -0.420646238999957 ], [ 99.972466429000093, -0.420614949999969 ], [ 99.972731171000106, -0.420555688999968 ], [ 99.972886210000098, -0.420516178999946 ], [ 99.972913701, -0.420509169999955 ], [ 99.973171320000105, -0.420396080999976 ], [ 99.973458841000095, -0.42022774899994 ], [ 99.973722001000098, -0.42002726999994 ], [ 99.9738198310001, -0.419964920999974 ], [ 99.9739255100001, -0.419897569999929 ], [ 99.974043390000105, -0.419887668999934 ], [ 99.974112470000094, -0.419902299999941 ], [ 99.974206051000095, -0.419952528999945 ], [ 99.974549910000107, -0.420325048999934 ], [ 99.97468932, -0.420501028999979 ], [ 99.974819149, -0.420684928999942 ], [ 99.974918409, -0.420887209999937 ], [ 99.974964960000094, -0.421066309999958 ], [ 99.97495096, -0.421141090999931 ], [ 99.975658420000102, -0.420765408999956 ], [ 99.97579733, -0.420691639999979 ], [ 99.97629722, -0.419977510999963 ], [ 99.977723111, -0.417116249999943 ], [ 99.977980500000101, -0.416599769999949 ], [ 99.978675640000105, -0.415689789999931 ], [ 99.978720032000098, -0.415631670999972 ], [ 99.978999591, -0.415265718999942 ], [ 99.97912216, -0.415105269999971 ], [ 99.97940291, -0.414413668999945 ], [ 99.979737709000105, -0.412959158999972 ], [ 99.979754710000094, -0.412846098999979 ], [ 99.979767011, -0.412764288999948 ], [ 99.979924156, -0.411719295999947 ], [ 99.980324810000099, -0.409055009999979 ], [ 99.98037715, -0.408706959999961 ], [ 99.980377042, -0.407840849999954 ], [ 99.98033008, -0.406999889999957 ], [ 99.9803156010001, -0.406913039999952 ], [ 99.980279411000097, -0.406815330999965 ], [ 99.98012019, -0.406583729999975 ], [ 99.980015419, -0.406402890999979 ], [ 99.979856011, -0.406127759999949 ], [ 99.979833980000095, -0.406091559999934 ], [ 99.97975469, -0.405961298999962 ], [ 99.979704021, -0.405885299999972 ], [ 99.979693170000104, -0.405805688999977 ], [ 99.979691701, -0.405662088999972 ], [ 99.979691350000095, -0.405627469999958 ], [ 99.979718001, -0.404542429999939 ], [ 99.979682311, -0.403880489999946 ], [ 99.979689549000099, -0.403590988999952 ], [ 99.979743861, -0.403489759999963 ], [ 99.979822390000095, -0.403343419999945 ], [ 99.97984878, -0.403294247999963 ], [ 99.980003171000106, -0.403103939999943 ], [ 99.980159991000093, -0.402910649999968 ], [ 99.980216912, -0.402864599999927 ], [ 99.98080414, -0.402389548999969 ], [ 99.980971500000095, -0.402238278999961 ], [ 99.980979127000097, -0.402231385999922 ], [ 99.980998686000106, -0.402213706999931 ], [ 99.981180491, -0.40204937899995 ], [ 99.981307790000102, -0.401851780999955 ], [ 99.981417361000098, -0.401681698999937 ], [ 99.981577151000096, -0.401433668999979 ], [ 99.981665411, -0.401296669999966 ], [ 99.981879641, -0.400890758999937 ], [ 99.982100761000098, -0.400471789999936 ], [ 99.982255712, -0.400215448999975 ], [ 99.983938689000098, -0.39877919899994 ], [ 99.98447439, -0.398322028999925 ], [ 99.984620080000099, -0.398031569999946 ], [ 99.98478406, -0.397704658999944 ], [ 99.985174780000094, -0.396925700999931 ], [ 99.985760500000097, -0.396904348999961 ], [ 99.985763599, -0.396856993999969 ], [ 99.985778161, -0.396634498999959 ], [ 99.985785113000105, -0.396626114999951 ], [ 99.986217351, -0.39610484899993 ], [ 99.986559999000093, -0.39587642 ], [ 99.98707396, -0.395705098999951 ], [ 99.9878924920001, -0.395686060999942 ], [ 99.988406460000107, -0.395857387999973 ], [ 99.988653921000093, -0.39610484899993 ], [ 99.988678031000106, -0.396464188999976 ], [ 99.989015600000101, -0.397037598999935 ], [ 99.98932017, -0.397665770999933 ], [ 99.989605709, -0.398293949999926 ], [ 99.990176779000095, -0.398655629999948 ], [ 99.990900131, -0.398750808999982 ], [ 99.991167909000097, -0.39873407299996 ], [ 99.991509272000101, -0.398712738999957 ], [ 99.992042271000102, -0.398579488999933 ], [ 99.992556240000098, -0.398522379999976 ], [ 99.993355740000098, -0.398979238999972 ], [ 99.994155232000097, -0.399531269999951 ], [ 99.994787058, -0.399980201999941 ], [ 99.994878591000102, -0.400045235999936 ], [ 99.995449662000098, -0.400368842999968 ], [ 99.995521368000098, -0.400396259999983 ], [ 99.995592123000094, -0.400365066999946 ], [ 99.995652244, -0.400338561999947 ], [ 99.995734656000096, -0.40037289999998 ], [ 99.996065184000102, -0.400414967999962 ], [ 99.996263501, -0.400463043999937 ], [ 99.996479847, -0.400487082999982 ], [ 99.99658201, -0.400493091999981 ], [ 99.996810374, -0.400451024999944 ], [ 99.996918547, -0.400360880999933 ], [ 99.997062778, -0.400216650999947 ], [ 99.997279123000098, -0.400120496999934 ], [ 99.997465421000101, -0.400126506999925 ], [ 99.997717824000105, -0.400138525999985 ], [ 99.997934169000104, -0.400084439999949 ], [ 99.998192582, -0.399982276999937 ], [ 99.998354841, -0.399922180999975 ], [ 99.998667340000097, -0.399844055999946 ], [ 99.9988235900001, -0.399765930999935 ], [ 99.999057964000102, -0.399585642999968 ], [ 99.999111065000093, -0.399473539999977 ], [ 99.999112050000093, -0.39947146099996 ], [ 99.999129708, -0.399377284999957 ], [ 99.999148108000099, -0.399279153999939 ], [ 99.999148108000099, -0.399098865999975 ], [ 99.999136813000106, -0.398906848999954 ], [ 99.999180657000096, -0.398755830999961 ], [ 99.999300849000093, -0.398635638999965 ], [ 99.999475127, -0.398569532999941 ], [ 99.999573826000102, -0.398549792999982 ], [ 99.999595319, -0.398545494999953 ], [ 99.999733540000094, -0.398533475999961 ], [ 99.999781894000094, -0.398495866999954 ], [ 99.999834656000104, -0.398454829999941 ], [ 99.999841713000095, -0.398449340999953 ], [ 99.999883780000104, -0.398347177999943 ], [ 99.9998957990001, -0.398257033999931 ], [ 99.9998957990001, -0.398218213999937 ], [ 99.999828569, -0.39799917299997 ], [ 99.999819177, -0.397968573999956 ], [ 99.999318294, -0.39683015499998 ], [ 99.998925355, -0.396198645999966 ], [ 99.998307879, -0.395412767999971 ], [ 99.99791494, -0.395047895999937 ], [ 99.997297465000102, -0.393897145999973 ], [ 99.997143096, -0.393160385999985 ], [ 99.996729107000107, -0.39208682099997 ], [ 99.996497554000101, -0.391307958999965 ], [ 99.996560704, -0.390486997999975 ], [ 99.996672973, -0.389799355 ], [ 99.996616839000097, -0.389132761999984 ], [ 99.996546671, -0.388557386999941 ], [ 99.996546671, -0.388353900999963 ], [ 99.997079945000095, -0.387799575999974 ], [ 99.997283431000099, -0.38737155299998 ], [ 99.997430783000098, -0.385820848 ], [ 99.997451834, -0.384733248999969 ], [ 99.997255364000097, -0.382936956999969 ], [ 99.997385290000096, -0.382309064999965 ], [ 99.997427357, -0.382116757999942 ], [ 99.997469424000101, -0.381849330999959 ], [ 99.997493463000097, -0.381696085999981 ], [ 99.997478439000105, -0.381551855999942 ], [ 99.997370266000104, -0.38140762499996 ], [ 99.997284552000096, -0.381366482999962 ], [ 99.997268064000096, -0.38135856899993 ], [ 99.997220026, -0.381335509999937 ], [ 99.997075796, -0.381329500999926 ], [ 99.9969405800001, -0.381344523999935 ], [ 99.996832407, -0.381371567999965 ], [ 99.996801194000099, -0.381381104999953 ], [ 99.996724234000098, -0.381404619999962 ], [ 99.996649071, -0.381424855999971 ], [ 99.996608761000104, -0.381423098999961 ], [ 99.996525182000099, -0.38140627899998 ], [ 99.996451619000098, -0.381375920999968 ], [ 99.996416911, -0.381352638999945 ], [ 99.996357642000106, -0.381277490999938 ], [ 99.996242661, -0.381118708999961 ], [ 99.9961658510001, -0.381013788999949 ], [ 99.996083849, -0.380911598999949 ], [ 99.9960175800001, -0.380854779999943 ], [ 99.995999689000101, -0.380839439999932 ], [ 99.995843891, -0.380741189999982 ], [ 99.995693802, -0.380687100999977 ], [ 99.995571201000104, -0.380667578999976 ], [ 99.9954095, -0.380665678999956 ], [ 99.99527851, -0.380671228999973 ], [ 99.995176431, -0.380675748999982 ], [ 99.995066211, -0.380679519999944 ], [ 99.994946599000102, -0.380696148999962 ], [ 99.99478837, -0.380759488999955 ], [ 99.994663580000093, -0.380821878999941 ], [ 99.994651761, -0.380827788999966 ], [ 99.994518821, -0.38091545999993 ], [ 99.994395791, -0.381000808999949 ], [ 99.994080150000102, -0.381230968999945 ], [ 99.994065410000104, -0.381200522999957 ], [ 99.994056931, -0.381183009999969 ], [ 99.994007359000094, -0.381088768999976 ], [ 99.993964881000096, -0.381011039999975 ], [ 99.993891071, -0.380907458999957 ], [ 99.993792779, -0.380826189999938 ], [ 99.99377939, -0.38081511999997 ], [ 99.993713293, -0.380766377999971 ], [ 99.993713256, -0.380766349999938 ], [ 99.993687029, -0.380747009999936 ], [ 99.99359977, -0.380681147999952 ], [ 99.993522031000097, -0.380614597999968 ], [ 99.993414869, -0.380531489999959 ], [ 99.993339031, -0.38045687999994 ], [ 99.993282171, -0.380399649999967 ], [ 99.993146651000103, -0.380244018999977 ], [ 99.993052390000102, -0.380113240999946 ], [ 99.99301925, -0.380053858999933 ], [ 99.992980821, -0.379975650999934 ], [ 99.992930241000096, -0.379858668999936 ], [ 99.992881101000094, -0.379748768999944 ], [ 99.992838251000094, -0.379657920999932 ], [ 99.992806531, -0.379592589999964 ], [ 99.992795321000102, -0.37956950899997 ], [ 99.992722711000098, -0.379475236999954 ], [ 99.99271984, -0.379471509999972 ], [ 99.992612031000107, -0.37939249099998 ], [ 99.992490740000093, -0.379364329999935 ], [ 99.99237786, -0.379364339999944 ], [ 99.992194020000099, -0.379372649999941 ], [ 99.992095561, -0.379379808999952 ], [ 99.991987701000099, -0.379381568999974 ], [ 99.991870561, -0.379380719999969 ], [ 99.991825081000101, -0.37937536999993 ], [ 99.991809341000106, -0.379373518999958 ], [ 99.991776051, -0.379354228999947 ], [ 99.991735251000094, -0.379313797999946 ], [ 99.991658171, -0.379172379999954 ], [ 99.991637521000101, -0.379118750999965 ], [ 99.9916341200001, -0.379061958999965 ], [ 99.991637500000095, -0.378957748999946 ], [ 99.991653421000095, -0.37874637099998 ], [ 99.99166184, -0.378661540999939 ], [ 99.991661830000098, -0.378558967999939 ], [ 99.991645730000101, -0.378473650999988 ], [ 99.991624960000095, -0.378408628999988 ], [ 99.991571760000099, -0.378315209999924 ], [ 99.99146403, -0.378209659999925 ], [ 99.991307031000105, -0.378026086999977 ], [ 99.991234612000099, -0.377941409999956 ], [ 99.991038930000101, -0.378055699999949 ], [ 99.990927540000101, -0.378107538999929 ], [ 99.990803001000103, -0.378153140999938 ], [ 99.990694182000098, -0.378191819999935 ], [ 99.990637343000103, -0.378215467999953 ], [ 99.990548310000094, -0.378252509999921 ], [ 99.990537671000098, -0.378064790999939 ], [ 99.990537661000104, -0.377946437999921 ], [ 99.990534680000096, -0.377857738999975 ], [ 99.990520007, -0.377777012999962 ], [ 99.990519370000101, -0.377773508999958 ], [ 99.990492409000097, -0.377671249999937 ], [ 99.990419881, -0.377534788999984 ], [ 99.990366809000093, -0.377477765999968 ], [ 99.990336601000095, -0.377445308999937 ], [ 99.990242770000094, -0.377389089999949 ], [ 99.9901261, -0.377346868999947 ], [ 99.990058099000095, -0.377332909999955 ], [ 99.989981002, -0.377317089999974 ], [ 99.989843801000106, -0.377295929999948 ], [ 99.989719392, -0.377277419999933 ], [ 99.989617780000103, -0.377254148999951 ], [ 99.98951422, -0.377216099999951 ], [ 99.989391731000097, -0.377156170999972 ], [ 99.98928827, -0.377096409999984 ], [ 99.989153219, -0.377030859999941 ], [ 99.989016581, -0.376986069999935 ], [ 99.988910721000096, -0.376982918999948 ], [ 99.988769400000095, -0.376985700999968 ], [ 99.988619519, -0.376991139999977 ], [ 99.988447629000106, -0.376993838999971 ], [ 99.988306321000096, -0.376991268999983 ], [ 99.988187941, -0.376974569999966 ], [ 99.988178079000093, -0.376973178999945 ], [ 99.988126560000097, -0.376948429999977 ], [ 99.988093970000094, -0.376913807999933 ], [ 99.988058221000102, -0.376599258999938 ], [ 99.988053891, -0.376461140999936 ], [ 99.988055620000097, -0.376322578999986 ], [ 99.98806211, -0.376221980999965 ], [ 99.988087701000097, -0.37612041999995 ], [ 99.988141161, -0.376002960999924 ], [ 99.988193930000094, -0.375918109999939 ], [ 99.988250731000093, -0.375855549999929 ], [ 99.98831479, -0.375757600999973 ], [ 99.988328141000096, -0.375646270999942 ], [ 99.988322191000094, -0.375537518999977 ], [ 99.988269450000104, -0.375430118999934 ], [ 99.988201637, -0.375357598999926 ], [ 99.988181142000101, -0.375335680999971 ], [ 99.988066171000099, -0.375259529999936 ], [ 99.987948941000099, -0.375186398999979 ], [ 99.987787199000095, -0.375125100999978 ], [ 99.9876357200001, -0.375098728999952 ], [ 99.987479800000102, -0.375082127999971 ], [ 99.987294801000104, -0.375063340999936 ], [ 99.9871387190001, -0.37503991999995 ], [ 99.987015131000106, -0.37500841999998 ], [ 99.986895231, -0.374956699999932 ], [ 99.986882746, -0.374949119999945 ], [ 99.986806531000099, -0.374902848999962 ], [ 99.986737371, -0.374811258999954 ], [ 99.986674629, -0.374676048999967 ], [ 99.98663645, -0.374534058999936 ], [ 99.986584171, -0.374222998999929 ], [ 99.98655355, -0.374032538999935 ], [ 99.986511599, -0.373896068999961 ], [ 99.986455581000101, -0.373765829999974 ], [ 99.98639426, -0.373657357999952 ], [ 99.986344530000096, -0.373565438999945 ], [ 99.986294311, -0.373479429999985 ], [ 99.986256120000107, -0.373400719999954 ], [ 99.98617949, -0.373275988999986 ], [ 99.986094960000102, -0.373155938999952 ], [ 99.986002550000094, -0.373044138999956 ], [ 99.98592095, -0.37295350899996 ], [ 99.985838892, -0.372874438999934 ], [ 99.985740920000097, -0.372747880999963 ], [ 99.985710200000099, -0.372684037999942 ], [ 99.985700751000095, -0.372607278999967 ], [ 99.98569792, -0.372548036999943 ], [ 99.9856953, -0.372493209999969 ], [ 99.985675010000094, -0.372353549999958 ], [ 99.98560812, -0.372240168999952 ], [ 99.985583802000093, -0.372217369999936 ], [ 99.98551953, -0.372157110999985 ], [ 99.98539321, -0.372111638999966 ], [ 99.985144670000096, -0.372011059999972 ], [ 99.9850845980001, -0.371974316999966 ], [ 99.9850048200001, -0.37192551999994 ], [ 99.984980800000102, -0.371890288999969 ], [ 99.984930961, -0.371835208999933 ], [ 99.984875161, -0.371772908999964 ], [ 99.98484055, -0.371729968999953 ], [ 99.984809, -0.371682677999963 ], [ 99.984798210000093, -0.371641518999983 ], [ 99.984794711, -0.371566859999979 ], [ 99.984777819, -0.371486728999967 ], [ 99.984712181000106, -0.371367588999927 ], [ 99.984625722, -0.371299078999933 ], [ 99.984612410000096, -0.371288529999959 ], [ 99.9845312610001, -0.371228168999958 ], [ 99.98436301, -0.371112059999983 ], [ 99.984361335000102, -0.371111002999961 ], [ 99.984259405, -0.37104665999994 ], [ 99.984249060000096, -0.371040129999929 ], [ 99.984234628000095, -0.37103472699994 ], [ 99.984500855000107, -0.370965507999926 ], [ 99.984529054000106, -0.370936100999931 ], [ 99.984611746, -0.370854662999931 ], [ 99.98466061, -0.370798283999937 ], [ 99.984673765000096, -0.370782308999939 ], [ 99.984683788, -0.370771659999944 ], [ 99.984692324, -0.370759913999963 ], [ 99.984703287, -0.370746445999949 ], [ 99.984713623000104, -0.370733916999946 ], [ 99.984729520000101, -0.37071559299995 ], [ 99.9847443190001, -0.37069539099997 ], [ 99.984774624000096, -0.370660466999938 ], [ 99.98479287, -0.370642142999938 ], [ 99.984827951000099, -0.370603303999937 ], [ 99.984859822, -0.370575270999952 ], [ 99.984889892000098, -0.370545201999965 ], [ 99.984934996, -0.370495085999954 ], [ 99.985000148, -0.370439959999949 ], [ 99.985122384000107, -0.370325790999971 ], [ 99.98523264, -0.370195490999951 ], [ 99.985323398, -0.370101681999925 ], [ 99.985360985000099, -0.370066600999967 ], [ 99.9854737470001, -0.369987668999961 ], [ 99.985566462000094, -0.36985736999998 ], [ 99.985580244, -0.369799736999935 ], [ 99.985587761, -0.369737092999976 ], [ 99.985595279000094, -0.369649390999943 ], [ 99.985599037, -0.369582988999987 ], [ 99.985599037, -0.369549160999964 ], [ 99.985606555000103, -0.369436401999965 ], [ 99.985629107000094, -0.36937125199995 ], [ 99.985653539, -0.36933115999995 ], [ 99.985653539, -0.369301089999971 ], [ 99.985654792, -0.369280417999965 ], [ 99.985656045, -0.369257865999947 ], [ 99.985665441, -0.369235313999978 ], [ 99.985669200000103, -0.369210255999983 ], [ 99.985676091000101, -0.369175801999979 ], [ 99.985682356, -0.369146359999948 ], [ 99.985689247, -0.369105640999977 ], [ 99.985707414, -0.369061789999931 ], [ 99.9857193160001, -0.369008542999956 ], [ 99.985734351000104, -0.368959679999929 ], [ 99.985756277, -0.368897662999928 ], [ 99.985763795000096, -0.368830006999926 ], [ 99.985772565, -0.368757339999952 ], [ 99.985783841, -0.368734787999927 ], [ 99.985777577000107, -0.368708476999932 ], [ 99.985777577000107, -0.368683419999973 ], [ 99.985775071, -0.368658361999963 ], [ 99.985771312, -0.368599476999977 ], [ 99.985777577000107, -0.368553119999944 ], [ 99.985797623, -0.368499245999948 ], [ 99.985816417000095, -0.368445371999945 ], [ 99.985833957000096, -0.368400268999955 ], [ 99.985843981000102, -0.368357670999962 ], [ 99.985855257000097, -0.368296278999933 ], [ 99.985860269000099, -0.368267462999945 ], [ 99.985869039000093, -0.368239899999943 ], [ 99.985877809, -0.368182266999951 ], [ 99.985895350000106, -0.368115863999953 ], [ 99.985907879000095, -0.368068254999966 ], [ 99.985946719000097, -0.367954242999934 ], [ 99.986004353000098, -0.367822689999973 ], [ 99.986054469000095, -0.36768487299998 ], [ 99.986082033000102, -0.367607194999955 ], [ 99.986117115000098, -0.367529515999943 ], [ 99.986152196, -0.367451836999977 ], [ 99.986192915000103, -0.367355365 ], [ 99.986221106000102, -0.367290214999976 ], [ 99.986245538, -0.367205018999931 ], [ 99.986260572, -0.36715427799993 ], [ 99.986273102, -0.367097271999971 ], [ 99.9862906420001, -0.367042144999972 ], [ 99.986310689, -0.366964465999963 ], [ 99.986345770000099, -0.366839177999975 ], [ 99.986375856000095, -0.366748025999927 ], [ 99.986391453000095, -0.366758139999951 ], [ 99.986592045000094, -0.36594195799995 ], [ 99.986628983000102, -0.365319300999942 ], [ 99.986646310000097, -0.365027216999981 ], [ 99.986662208, -0.364759236999928 ], [ 99.986654005000048, -0.36468730699994 ], [ 99.98652327700006, -0.364730103999932 ], [ 99.986119797000072, -0.364066216999959 ], [ 99.986218234000034, -0.363439741999969 ], [ 99.986216025000033, -0.363420896999969 ], [ 99.986495864000062, -0.363136775999976 ], [ 99.986693149000075, -0.363172333999955 ], [ 99.986797130000099, -0.363071591999923 ], [ 99.986869245, -0.362885293999967 ], [ 99.986919368000102, -0.362434188999945 ], [ 99.986923332, -0.362398516999977 ], [ 99.9870315040001, -0.362043950999978 ], [ 99.987127658000105, -0.361755489999955 ], [ 99.987229821000099, -0.361497076999968 ], [ 99.987347242, -0.361237773999968 ], [ 99.987374052000106, -0.361178568999955 ], [ 99.987422128, -0.361058376999952 ], [ 99.9876324640001, -0.360727848999947 ], [ 99.987572368000102, -0.360451406999968 ], [ 99.987488234000097, -0.360114869999973 ], [ 99.987380061000096, -0.359766312999971 ], [ 99.987151696000097, -0.359333621999951 ], [ 99.987043524, -0.359009103999946 ], [ 99.987776695, -0.358876892999953 ], [ 99.989218998000098, -0.358864873999959 ], [ 99.990613225000104, -0.358792758999924 ], [ 99.992488219, -0.358636508999949 ], [ 99.994194945000103, -0.358744681999959 ], [ 99.995264653, -0.358961026999965 ], [ 99.995889651000098, -0.359189391999959 ], [ 99.997175705000103, -0.35961006399998 ], [ 99.997692530000094, -0.35981438999994 ], [ 99.997871051000104, -0.359892131999975 ], [ 99.997912181000103, -0.359858148999932 ], [ 99.99801432, -0.359801908999942 ], [ 99.998144061000104, -0.359743678999961 ], [ 99.998217301000096, -0.359711888999928 ], [ 99.998269520000093, -0.359683239999924 ], [ 99.99830204, -0.359659608999946 ], [ 99.998332469, -0.359624859999949 ], [ 99.998334774, -0.359621816999955 ], [ 99.998352238, -0.359598760999976 ], [ 99.998390780000094, -0.359547878999931 ], [ 99.998445899, -0.359477198999976 ], [ 99.998505961, -0.359407268999985 ], [ 99.99866367, -0.359227589999932 ], [ 99.998852960000093, -0.359039390999963 ], [ 99.998994791000101, -0.358864258999979 ], [ 99.999107620000103, -0.358757229999983 ], [ 99.999123960000105, -0.358755528999952 ], [ 99.999201110000101, -0.358747489999929 ], [ 99.999404210000094, -0.358753959999951 ], [ 99.99960683, -0.35885628999995 ], [ 99.99968979, -0.358901549999938 ], [ 99.999762280000098, -0.358931879999945 ], [ 99.999865880000101, -0.358963519999982 ], [ 99.99996179, -0.358975319999954 ], [ 99.99999999, -0.358978919999966 ], [ 100.00009653, -0.358988019999975 ], [ 100.00017551, -0.35897715999995 ], [ 100.00025371, -0.358932159999937 ], [ 100.000261547, -0.35892602099995 ], [ 100.0002843, -0.358908199999972 ], [ 100.00031973, -0.358889249999946 ], [ 100.00033588, -0.358884319999964 ], [ 100.00043057, -0.358900549999932 ], [ 100.00047999, -0.358937329999952 ], [ 100.00053525, -0.358991099999974 ], [ 100.000608469, -0.359042109999967 ], [ 100.00064685, -0.359068849999982 ], [ 100.00074626, -0.359115539999949 ], [ 100.00082915, -0.359141209999973 ], [ 100.000926479, -0.359164629999954 ], [ 100.001043749, -0.359173047999944 ], [ 100.00115807, -0.359171080999951 ], [ 100.001269031, -0.359164749999944 ], [ 100.00143027, -0.359122519999975 ], [ 100.001521399, -0.359070648999937 ], [ 100.001574101, -0.359048090999975 ], [ 100.001628889, -0.359036349999942 ], [ 100.00167709, -0.359038409999928 ], [ 100.001736271, -0.359058260999977 ], [ 100.001810501, -0.359103369999965 ], [ 100.00189001, -0.359168068999969 ], [ 100.002144431, -0.35935585899995 ], [ 100.00227456, -0.359419009999955 ], [ 100.002470621, -0.359447769999979 ], [ 100.002751751, -0.359473459999958 ], [ 100.002810322, -0.359495568999932 ], [ 100.002887701, -0.359540489999978 ], [ 100.002973022, -0.359602950999942 ], [ 100.00309311, -0.359654748999966 ], [ 100.003202761, -0.359667 ], [ 100.003287879, -0.359664739999978 ], [ 100.003414901, -0.35964644999996 ], [ 100.003679191, -0.35958174999996 ], [ 100.003747949, -0.359538979999973 ], [ 100.003774061, -0.359467018999967 ], [ 100.00377128, -0.35939212899996 ], [ 100.003793072, -0.359328149999953 ], [ 100.003843271, -0.35930095799995 ], [ 100.00393214, -0.359292069999929 ], [ 100.004109871, -0.359274300999971 ], [ 100.004219261, -0.359262738999972 ], [ 100.004262241, -0.359246380999933 ], [ 100.004321431, -0.359201990999965 ], [ 100.004383249, -0.359143900999926 ], [ 100.004431892, -0.359075868999981 ], [ 100.004488321, -0.358970118999934 ], [ 100.00449705, -0.358952539999966 ], [ 100.00454488, -0.358856198999953 ], [ 100.00466992, -0.358741950999959 ], [ 100.004800582, -0.35867709099995 ], [ 100.0050272, -0.358525800999935 ], [ 100.00527104, -0.35872069999994 ], [ 100.00534498, -0.35876461999993 ], [ 100.005447361, -0.358780469999943 ], [ 100.00558158, -0.358790238999977 ], [ 100.00572265, -0.358848829999947 ], [ 100.00588511, -0.358961598999936 ], [ 100.006117691, -0.359134800999931 ], [ 100.006106232, -0.359246429999928 ], [ 100.00610062, -0.359301128999971 ], [ 100.006105492, -0.359394228999977 ], [ 100.00614942, -0.359486128999948 ], [ 100.006259409, -0.35960125099997 ], [ 100.006381541, -0.359712068999955 ], [ 100.006479339, -0.359817399999949 ], [ 100.00661724, -0.359944208999934 ], [ 100.006742411, -0.36007567999997 ], [ 100.0068312, -0.360186918999946 ], [ 100.006897831, -0.360275819999974 ], [ 100.006977352, -0.360346678999982 ], [ 100.00703737, -0.36037479899995 ], [ 100.007106239, -0.360380977999976 ], [ 100.007186359, -0.360384069999961 ], [ 100.0072854, -0.360379908999965 ], [ 100.007376651, -0.360349709999979 ], [ 100.00747376, -0.360298328999936 ], [ 100.007624149, -0.360237749999958 ], [ 100.007743449, -0.360221878999941 ], [ 100.00787043, -0.360227848999951 ], [ 100.0080225, -0.360247648999975 ], [ 100.00815337, -0.360267149999981 ], [ 100.00825509, -0.360268599999935 ], [ 100.008363312, -0.360255509999944 ], [ 100.00844865, -0.360230388999979 ], [ 100.008520801, -0.360189078999955 ], [ 100.008601962, -0.360140039999977 ], [ 100.00861938, -0.360131698999972 ], [ 100.008896531, -0.359998898999951 ], [ 100.00898338, -0.359988530999952 ], [ 100.009022471, -0.360022038999955 ], [ 100.009105731, -0.360232597999921 ], [ 100.009154912, -0.36028759899995 ], [ 100.0091874, -0.360323919999928 ], [ 100.009258621, -0.360374898999975 ], [ 100.009382839, -0.360487768999983 ], [ 100.009448261, -0.360536768999968 ], [ 100.009547341, -0.360602718999924 ], [ 100.009595409, -0.360630169999978 ], [ 100.00971966, -0.360672338999958 ], [ 100.00981307, -0.360687489999983 ], [ 100.009968299, -0.360708858999944 ], [ 100.0101554, -0.360718579999968 ], [ 100.010210898, -0.360716826999981 ], [ 100.010227571, -0.360716299999985 ], [ 100.01025842, -0.360715328999956 ], [ 100.010613961, -0.360699669999971 ], [ 100.011178548, -0.361117446999974 ], [ 100.011750743, -0.361469566999979 ], [ 100.012129273, -0.361689641999932 ], [ 100.013106407, -0.361971337999938 ], [ 100.014655736, -0.361680838999979 ], [ 100.015139902, -0.361381536999949 ], [ 100.015580052, -0.360624477999985 ], [ 100.016222672, -0.360554053999977 ], [ 100.017050155, -0.361196673999934 ], [ 100.017886441, -0.361003007999965 ], [ 100.018749135, -0.360518841999974 ], [ 100.019140869, -0.360039077999946 ], [ 100.019422566, -0.35956371599998 ], [ 100.020082791, -0.359202791999967 ], [ 100.020514139, -0.359326033999939 ], [ 100.020989501, -0.359678154999925 ], [ 100.021447258, -0.36012710799997 ], [ 100.021702545, -0.360567258999942 ], [ 100.022045862, -0.36122748399993 ], [ 100.022283543, -0.361350725999966 ], [ 100.02258332, -0.36139886699993 ], [ 100.022764482, -0.361310971999961 ], [ 100.022896521, -0.36124690799995 ], [ 100.023174969, -0.361160398999974 ], [ 100.023242729, -0.361148634999958 ], [ 100.023378301, -0.361125098999947 ], [ 100.023535059, -0.361117739999949 ], [ 100.02371445, -0.361136428999939 ], [ 100.02395599, -0.361232187999971 ], [ 100.02423513, -0.361335860999938 ], [ 100.024525141, -0.361409258999977 ], [ 100.024731471, -0.361502209999967 ], [ 100.024871549, -0.361616148999938 ], [ 100.024982841, -0.361712409999945 ], [ 100.02509805, -0.361813239999949 ], [ 100.025178991, -0.361875798999969 ], [ 100.025298701, -0.361932410999937 ], [ 100.025493922, -0.361991348999941 ], [ 100.025522865, -0.361999871999968 ], [ 100.02570063, -0.362052219999953 ], [ 100.025891561, -0.362098268999948 ], [ 100.026212162, -0.362111617999974 ], [ 100.026450791, -0.362134639999965 ], [ 100.026704001, -0.362245269999962 ], [ 100.026959359, -0.362428578999928 ], [ 100.027136311, -0.362620649999947 ], [ 100.027345761, -0.36278897899996 ], [ 100.0278857, -0.363170059999965 ], [ 100.02809222, -0.363313169999974 ], [ 100.02829922, -0.363447688999942 ], [ 100.028554839, -0.363563610999957 ], [ 100.028924109, -0.363648868999983 ], [ 100.029223891, -0.363658619999972 ], [ 100.029468781, -0.363653697999951 ], [ 100.029708311, -0.363613479 ], [ 100.029912642, -0.363519668999975 ], [ 100.03002571, -0.36343780899996 ], [ 100.030107612, -0.36337850099995 ], [ 100.030302411, -0.363230930999977 ], [ 100.030364967, -0.363199130999931 ], [ 100.030506721, -0.363127070999962 ], [ 100.030718891, -0.36308838799994 ], [ 100.03091252, -0.363036260999934 ], [ 100.031101399, -0.362987340999949 ], [ 100.031278031, -0.362966150999968 ], [ 100.03145053, -0.363008148999944 ], [ 100.031563841, -0.363143428999939 ], [ 100.031629329, -0.363282978999967 ], [ 100.031688821, -0.363407737999986 ], [ 100.031742001, -0.363502889999959 ], [ 100.031812451, -0.363586928999948 ], [ 100.031936311, -0.363664649999976 ], [ 100.032055821, -0.363729809999947 ], [ 100.03224215, -0.363831168999982 ], [ 100.032382041, -0.363897167999934 ], [ 100.03248568, -0.363907719999932 ], [ 100.032513181, -0.363906959999957 ], [ 100.0334329, -0.363368029999951 ], [ 100.033455431, -0.363343988999933 ], [ 100.03357679, -0.363195868999987 ], [ 100.03372853, -0.363087350999932 ], [ 100.03390404, -0.363038128999962 ], [ 100.03399592, -0.363038118999954 ], [ 100.034082149, -0.36303810099997 ], [ 100.034241181, -0.363051859999934 ], [ 100.03439876, -0.363051840999962 ], [ 100.03460048, -0.363107068999974 ], [ 100.034804801, -0.36321253999995 ], [ 100.034944746, -0.363292924999935 ], [ 100.034961451, -0.363302518999943 ], [ 100.03498743, -0.363317438999957 ], [ 100.035076169, -0.363447528999927 ], [ 100.035136249, -0.363506779999969 ], [ 100.035291261, -0.363581070999949 ], [ 100.035379111, -0.363615860999966 ], [ 100.035461631, -0.363631188999934 ], [ 100.03559719, -0.363623589999976 ], [ 100.035851997, -0.363600673999948 ], [ 100.036057861, -0.363582158999983 ], [ 100.036236466, -0.363573967999975 ], [ 100.036260179, -0.363572880999929 ], [ 100.03629926, -0.363577691999975 ], [ 100.036328699, -0.363581315999968 ], [ 100.036331172, -0.363581620999986 ], [ 100.036329833, -0.363580903999948 ], [ 100.036334994, -0.363579026999953 ], [ 100.036334618, -0.363567007999959 ], [ 100.036333116, -0.363559871999938 ], [ 100.036321097, -0.363542969999972 ], [ 100.036312082, -0.363532076999949 ], [ 100.036306244, -0.363525363999941 ], [ 100.036310204, -0.363444186999975 ], [ 100.036322223, -0.363119668999954 ], [ 100.036346262, -0.362698996999941 ], [ 100.036442415, -0.362314382999958 ], [ 100.036514531, -0.36192976799993 ], [ 100.036598665, -0.361605249999973 ], [ 100.036682799, -0.361388904999962 ], [ 100.036730876, -0.361208616999935 ], [ 100.036730876, -0.360980251999939 ], [ 100.036694819, -0.360739867999941 ], [ 100.036550588, -0.360391310999945 ], [ 100.036418377, -0.359970639999981 ], [ 100.036141936, -0.35970621699995 ], [ 100.036190012, -0.359465832999945 ], [ 100.036430396, -0.359093237999961 ], [ 100.036658761, -0.358852854999948 ], [ 100.036863087, -0.358756700999951 ], [ 100.037139529, -0.358672566999932 ], [ 100.037343855, -0.35861247099996 ], [ 100.037548181, -0.358504297999967 ], [ 100.037692412, -0.358299971999952 ], [ 100.037824623, -0.358047567999965 ], [ 100.037848661, -0.357759107999931 ], [ 100.037800584, -0.357362473999954 ], [ 100.037788565, -0.356941801999937 ], [ 100.037788565, -0.356557187999959 ], [ 100.037776546, -0.355980266999958 ], [ 100.03757222, -0.355319210999942 ], [ 100.037440009, -0.355054788999948 ], [ 100.037235682, -0.354634116999933 ], [ 100.037151548, -0.354249502999956 ], [ 100.037139529, -0.353876907999968 ], [ 100.037139529, -0.353600465999942 ], [ 100.037199625, -0.35331200599996 ], [ 100.037256774, -0.353317048999951 ], [ 100.03725704, -0.353317071999927 ], [ 100.037608277, -0.353348062999945 ], [ 100.038065007, -0.353504312999969 ], [ 100.038738082, -0.353672580999964 ], [ 100.039266926, -0.353780753999957 ], [ 100.039675579, -0.353949022999925 ], [ 100.039831828, -0.353997099999955 ], [ 100.040065424, -0.354070098999964 ], [ 100.040216443, -0.354117291999959 ], [ 100.040575099, -0.35413970799993 ], [ 100.040601057, -0.354141329999945 ], [ 100.040927074, -0.354086993999947 ], [ 100.041177978, -0.354045175999947 ], [ 100.041490477, -0.353949022999925 ], [ 100.042091437, -0.353708638999933 ], [ 100.042524128, -0.353516331999976 ], [ 100.042989103, -0.353446585999967 ], [ 100.043004896, -0.353444216999946 ], [ 100.044014508, -0.353564408999946 ], [ 100.044519315, -0.353636523999967 ], [ 100.044976044, -0.353732676999925 ], [ 100.045288543, -0.353828830999939 ], [ 100.045366002, -0.353844322999973 ], [ 100.045769311, -0.353924984999939 ], [ 100.045843325, -0.353933691999947 ], [ 100.046177963, -0.353973060999976 ], [ 100.046471101, -0.35405123099998 ], [ 100.046538539, -0.354069214999928 ], [ 100.046995269, -0.354309598999977 ], [ 100.04702743, -0.354329174999981 ], [ 100.047040686, -0.354337243999973 ], [ 100.0470645, -0.354328679999982 ], [ 100.04720014, -0.354310379999968 ], [ 100.04732738, -0.354265339999935 ], [ 100.04748118, -0.354156979999977 ], [ 100.04752548, -0.35411124999996 ], [ 100.04765854, -0.35397390999998 ], [ 100.04768424, -0.353933 ], [ 100.047795889, -0.353755259999957 ], [ 100.04789152, -0.353635297999976 ], [ 100.047946961, -0.353592048999929 ], [ 100.048003791, -0.353572510999932 ], [ 100.048029968, -0.353570693999933 ], [ 100.048054015, -0.353569023999968 ], [ 100.04808419, -0.353566928999957 ], [ 100.04822004, -0.353618518999949 ], [ 100.048348629, -0.353690598999947 ], [ 100.048419827, -0.35377972699997 ], [ 100.048427179, -0.353788930999943 ], [ 100.04855637, -0.354117329999955 ], [ 100.04858919, -0.354186458999952 ], [ 100.048612231, -0.354234989999954 ], [ 100.048664599, -0.354289428999955 ], [ 100.04869451, -0.354298690999946 ], [ 100.04878166, -0.35432569099993 ], [ 100.04888932, -0.354321448999943 ], [ 100.048916301, -0.354307188999949 ], [ 100.04894313, -0.354285758999941 ], [ 100.048965089, -0.354259629999951 ], [ 100.04899731, -0.354210349999965 ], [ 100.0490278, -0.354134859999928 ], [ 100.04905741, -0.354015580999942 ], [ 100.049096071, -0.353924739999969 ], [ 100.04918173, -0.353797749999957 ], [ 100.049292581, -0.353741929999954 ], [ 100.04938347, -0.35371543999997 ], [ 100.049510971, -0.353713168999949 ], [ 100.049614251, -0.353737489999956 ], [ 100.049733582, -0.353786619999938 ], [ 100.0498684, -0.353847099999938 ], [ 100.050025471, -0.353910660999932 ], [ 100.05003813, -0.353916119999956 ], [ 100.050168121, -0.35397219 ], [ 100.05028039, -0.35400621899994 ], [ 100.050380449, -0.354011370999963 ], [ 100.05043845, -0.354005108999969 ], [ 100.050479891, -0.353985419999953 ], [ 100.050488409, -0.353975960999953 ], [ 100.050496259, -0.353949208999961 ], [ 100.050499841, -0.353873090999976 ], [ 100.05048996, -0.353784889999933 ], [ 100.050451992, -0.353686068999938 ], [ 100.050400701, -0.353589799999957 ], [ 100.050384061, -0.353567779999943 ], [ 100.050176961, -0.353293748999929 ], [ 100.049845351, -0.35291089899994 ], [ 100.049751431, -0.352790419999965 ], [ 100.04969387, -0.352672618999984 ], [ 100.049649931, -0.352559850999974 ], [ 100.049649919, -0.352432970999925 ], [ 100.0496744, -0.35230220999995 ], [ 100.049778051, -0.352164630999939 ], [ 100.049895051, -0.352082380999949 ], [ 100.0500274, -0.352030668999938 ], [ 100.050136812, -0.352003597999954 ], [ 100.05025328, -0.351989788999968 ], [ 100.05032499, -0.351978450999988 ], [ 100.05034738, -0.351971789999942 ], [ 100.050330351, -0.351895479999946 ], [ 100.05033279, -0.351750499999982 ], [ 100.05040037, -0.351620049999946 ], [ 100.050522712, -0.351525499999981 ], [ 100.050695291, -0.351502698999988 ], [ 100.050851411, -0.351571938999938 ], [ 100.050950731, -0.351679789999942 ], [ 100.050998589, -0.351811688999941 ], [ 100.051030081, -0.351912820999939 ], [ 100.05108962, -0.351840190999961 ], [ 100.051155111, -0.351739689999939 ], [ 100.051234601, -0.351625628999964 ], [ 100.05135867, -0.351536009999971 ], [ 100.05151854, -0.351523369999942 ], [ 100.051653161, -0.351595858999936 ], [ 100.05171967, -0.351696249999977 ], [ 100.05174968, -0.351804458999944 ], [ 100.051751521, -0.351926440999937 ], [ 100.051785911, -0.351902108999987 ], [ 100.05199301, -0.351671459999983 ], [ 100.052082002, -0.351581830999984 ], [ 100.052174599, -0.351506948999942 ], [ 100.05223493, -0.351428319999972 ], [ 100.052285742, -0.35128659999998 ], [ 100.05232657, -0.350904808999931 ], [ 100.052370411, -0.350790028999943 ], [ 100.052478351, -0.35070307999996 ], [ 100.052603179, -0.35067037999995 ], [ 100.05271967, -0.350668410999966 ], [ 100.05286248, -0.350671708999926 ], [ 100.052954511, -0.350671698999983 ], [ 100.053075379, -0.350670098999966 ], [ 100.053206381, -0.350661198999952 ], [ 100.05331339, -0.350637088999982 ], [ 100.0534575, -0.350588708999968 ], [ 100.05362126, -0.350545098999929 ], [ 100.053782429, -0.350547588999985 ], [ 100.053910941, -0.35062644999994 ], [ 100.053934671, -0.350669439999939 ], [ 100.05399444, -0.350777710999987 ], [ 100.054023741, -0.350904870999957 ], [ 100.05405151, -0.350996328999949 ], [ 100.054079359, -0.351034418999975 ], [ 100.05413443, -0.351057709999965 ], [ 100.05424521, -0.351061219999966 ], [ 100.054313511, -0.351043768999954 ], [ 100.054392011, -0.350991060999956 ], [ 100.05449281, -0.350909868999965 ], [ 100.05455223, -0.350874848999981 ], [ 100.054566939, -0.350859599999981 ], [ 100.05457139, -0.350836719999967 ], [ 100.05456556, -0.350788930999962 ], [ 100.054509531, -0.350680108999947 ], [ 100.054426721, -0.350550278999955 ], [ 100.054349519, -0.350417599999965 ], [ 100.054338431, -0.350376709999987 ], [ 100.054306931, -0.350260519999956 ], [ 100.054336, -0.350120719999947 ], [ 100.054447921, -0.350000738999939 ], [ 100.05461701, -0.349986820999969 ], [ 100.05464791, -0.350002369999971 ], [ 100.054841439, -0.349856389999957 ], [ 100.05489423, -0.349810828999984 ], [ 100.05491804, -0.349777529999925 ], [ 100.054927127, -0.349752689999943 ], [ 100.05493849, -0.349721628999942 ], [ 100.054942441, -0.349617840999946 ], [ 100.054942439, -0.349528589999979 ], [ 100.0549307, -0.349405899999964 ], [ 100.05491797, -0.349239558999953 ], [ 100.054917951, -0.349063149999953 ], [ 100.05492055, -0.348944968999944 ], [ 100.05493638, -0.348801347999947 ], [ 100.054967911, -0.348629318999949 ], [ 100.055018111, -0.348461659999947 ], [ 100.055088661, -0.348282820999945 ], [ 100.055137621, -0.348112479999943 ], [ 100.055159561, -0.347935659999967 ], [ 100.055157461, -0.347782817999928 ], [ 100.055114431, -0.347624778999954 ], [ 100.05502596, -0.34737364999995 ], [ 100.054855892, -0.347106349999932 ], [ 100.054777661, -0.346982988999976 ], [ 100.054708971, -0.346833669999969 ], [ 100.05466781, -0.346699829999977 ], [ 100.054672262, -0.346569400999962 ], [ 100.05475513, -0.346435178999969 ], [ 100.0548568, -0.346329949999936 ], [ 100.054948301, -0.346248648999965 ], [ 100.05511406, -0.346126459999942 ], [ 100.055292699, -0.346090468999945 ], [ 100.05548111, -0.346096198999929 ], [ 100.05563279, -0.346127860999968 ], [ 100.055780939, -0.346185010999934 ], [ 100.05591086, -0.34621552799997 ], [ 100.056021161, -0.346228079999949 ], [ 100.05610719, -0.346223168999924 ], [ 100.05616329, -0.346190528999962 ], [ 100.05621592, -0.346114339999934 ], [ 100.05627262, -0.34597599899997 ], [ 100.056328279, -0.345819520999962 ], [ 100.056375049, -0.345643508999962 ], [ 100.056444, -0.345461878999969 ], [ 100.056533981, -0.345291319999942 ], [ 100.05664326, -0.345124989999932 ], [ 100.05670102, -0.345040427999957 ], [ 100.05677931, -0.344959533999939 ], [ 100.0567821, -0.344956649999971 ], [ 100.05680548, -0.344932498999928 ], [ 100.056913251, -0.344833009999953 ], [ 100.056969881, -0.344746567999948 ], [ 100.057012811, -0.344614779999977 ], [ 100.057040521, -0.344467629999944 ], [ 100.057100951, -0.344317069999926 ], [ 100.05721379, -0.344192369999974 ], [ 100.057328731, -0.344043248999979 ], [ 100.057374791, -0.343946609999932 ], [ 100.057404622, -0.343818899999984 ], [ 100.05748419, -0.343665609999963 ], [ 100.05765578, -0.343547048999942 ], [ 100.057843181, -0.343497538999942 ], [ 100.05800468, -0.34349475999995 ], [ 100.05809305, -0.34349474999994 ], [ 100.05818116, -0.343470859999976 ], [ 100.05824587, -0.34342691099995 ], [ 100.058293831, -0.343355358999939 ], [ 100.058355861, -0.343242448999949 ], [ 100.058424139, -0.343129948999949 ], [ 100.05851936, -0.343056187999934 ], [ 100.058673941, -0.342984117999953 ], [ 100.058760451, -0.342958488999966 ], [ 100.058870372, -0.342914210999932 ], [ 100.05899707, -0.34287668899998 ], [ 100.059056179, -0.342855099999958 ], [ 100.059225521, -0.342793258999966 ], [ 100.059459691, -0.342748079999982 ], [ 100.0596522, -0.342692448999973 ], [ 100.059667351, -0.342685270999937 ], [ 100.060001649, -0.342527068999971 ], [ 100.06024093, -0.342432448999954 ], [ 100.060469841, -0.342379259999979 ], [ 100.060570991, -0.342382077999962 ], [ 100.06061627, -0.34237984899994 ], [ 100.06066378, -0.342369017999938 ], [ 100.060725061, -0.342331580999937 ], [ 100.060813529, -0.342246818999973 ], [ 100.060923731, -0.342161068999937 ], [ 100.061025381, -0.342095368999937 ], [ 100.061083179, -0.342050518999948 ], [ 100.061142691, -0.341982198999976 ], [ 100.06119968, -0.341888298999958 ], [ 100.061343911, -0.341582968999943 ], [ 100.061583999, -0.341010118999975 ], [ 100.061913511, -0.340435290999953 ], [ 100.06230783, -0.339849059999954 ], [ 100.062596651, -0.339398928999967 ], [ 100.062690919, -0.339268418999955 ], [ 100.06289195, -0.338863528999984 ], [ 100.063049421, -0.338500019999972 ], [ 100.06315242, -0.338265428999939 ], [ 100.06325277, -0.338043099999941 ], [ 100.063348151, -0.337872089999967 ], [ 100.063394622, -0.337711328999948 ], [ 100.063575761, -0.337380988999946 ], [ 100.063949061, -0.336890469999967 ], [ 100.06427053, -0.336556489999969 ], [ 100.064674969, -0.336316428999964 ], [ 100.064758131, -0.336268958999939 ], [ 100.06476491, -0.336260769999978 ], [ 100.064817491, -0.336197260999936 ], [ 100.064865919, -0.336056538999977 ], [ 100.064798881, -0.335698677999979 ], [ 100.06473651, -0.335459818999934 ], [ 100.06464392, -0.335241259999986 ], [ 100.064524531, -0.334931408999982 ], [ 100.064490231, -0.334778349999959 ], [ 100.064463101, -0.334604958999941 ], [ 100.06443599, -0.334443098999948 ], [ 100.064389421, -0.334330179999949 ], [ 100.064304831, -0.334200458999927 ], [ 100.064222181, -0.334124209999973 ], [ 100.06413883, -0.334077388999966 ], [ 100.064066969, -0.334036297999945 ], [ 100.063981399, -0.33398861899997 ], [ 100.0639187, -0.333944308999951 ], [ 100.063840251, -0.33386981999996 ], [ 100.0638331, -0.333862807999942 ], [ 100.063771169, -0.333802019999957 ], [ 100.063698342, -0.333743378999945 ], [ 100.06361321, -0.333699548999964 ], [ 100.063449221, -0.333625090999934 ], [ 100.063419371, -0.333595097999938 ], [ 100.063405059, -0.333532689999972 ], [ 100.06342651, -0.333427080999973 ], [ 100.06360777, -0.333235049999935 ], [ 100.063941659, -0.332795790999973 ], [ 100.064065591, -0.332469649999951 ], [ 100.064066301, -0.332464158999931 ], [ 100.064087481, -0.332300628999975 ], [ 100.064121851, -0.332035229999984 ], [ 100.0641262, -0.332001688999981 ], [ 100.064207059, -0.331791438999968 ], [ 100.06446988, -0.331431960999974 ], [ 100.064495931, -0.331407348999961 ], [ 100.06485401, -0.331069088999934 ], [ 100.064908551, -0.331033009999938 ], [ 100.064960521, -0.33099863899997 ], [ 100.065068358, -0.33092731399995 ], [ 100.06508989, -0.330913070999949 ], [ 100.065253441, -0.330891318999932 ], [ 100.06528319, -0.330887359999968 ], [ 100.06529481, -0.330888358999979 ], [ 100.06546228, -0.330902720999977 ], [ 100.06557008, -0.330911969999927 ], [ 100.065590571, -0.330913729999961 ], [ 100.065849231, -0.331034408999932 ], [ 100.066310451, -0.331339840999937 ], [ 100.06646948, -0.331445158999943 ], [ 100.06659525, -0.331528449999962 ], [ 100.06674454, -0.331559689999952 ], [ 100.06682997, -0.331550469999973 ], [ 100.066965469, -0.331535848999984 ], [ 100.06747043, -0.331305540999951 ], [ 100.067673761, -0.331179340999941 ], [ 100.067926421, -0.331022528999949 ], [ 100.06870001, -0.330677829999957 ], [ 100.068866512, -0.330603639999944 ], [ 100.06957521, -0.330107569999939 ], [ 100.06967942, -0.330034628999956 ], [ 100.069769421, -0.329971628999948 ], [ 100.069784182, -0.329962729999982 ], [ 100.07011091, -0.329765858999968 ], [ 100.070448367, -0.329490561999929 ], [ 100.070764281, -0.329232839999971 ], [ 100.070788411, -0.329213149999934 ], [ 100.0710317, -0.329017169999937 ], [ 100.07148132, -0.328654979999953 ], [ 100.0713548, -0.328187809999982 ], [ 100.0713594, -0.328099499999948 ], [ 100.07137506, -0.327799149999978 ], [ 100.071283285, -0.327210256999929 ], [ 100.07126932, -0.327120649999928 ], [ 100.07126138, -0.327069729999952 ], [ 100.07116832, -0.326118420999938 ], [ 100.071168607, -0.32611839199996 ], [ 100.07113563, -0.325783240999951 ], [ 100.0711682, -0.325718108999985 ], [ 100.071233339, -0.32567105999993 ], [ 100.071450462, -0.32563848999997 ], [ 100.071977812, -0.325626395999962 ], [ 100.07208877, -0.32562385099994 ], [ 100.072239361, -0.325620398999951 ], [ 100.07234505, -0.325614179999951 ], [ 100.072362401, -0.325613159999931 ], [ 100.07239497, -0.325595068999977 ], [ 100.072400131, -0.325515020999953 ], [ 100.0724031, -0.325469058999945 ], [ 100.07240254, -0.325457538999962 ], [ 100.072402481, -0.325456399999958 ], [ 100.072389541, -0.325363460999942 ], [ 100.072360591, -0.325086628999948 ], [ 100.0723425, -0.32475188899997 ], [ 100.072333451, -0.324460577999962 ], [ 100.072326212, -0.324333918999973 ], [ 100.072331641, -0.324295919999936 ], [ 100.072382301, -0.324259729999933 ], [ 100.0724453, -0.324245729999982 ], [ 100.072512581, -0.324230779999935 ], [ 100.07285275, -0.324156598999936 ], [ 100.073057211, -0.324104120999958 ], [ 100.07306781, -0.324102310999937 ], [ 100.073255109, -0.324070338999952 ], [ 100.073367461, -0.324070338999952 ], [ 100.074777137, -0.323880103999963 ], [ 100.075360359, -0.323801398999937 ], [ 100.076567129, -0.323518669999951 ], [ 100.076710332, -0.323447478999934 ], [ 100.076901947, -0.323352225999941 ], [ 100.077620768, -0.322994893999979 ], [ 100.077622129, -0.322994216999972 ], [ 100.077633699, -0.322983444999975 ], [ 100.077735862, -0.322827194999953 ], [ 100.077795958, -0.322688974999955 ], [ 100.077850045, -0.322502676999937 ], [ 100.077862064, -0.322400513999984 ], [ 100.077886102, -0.322250273999937 ], [ 100.077898122, -0.322094023999962 ], [ 100.077936911, -0.321977656999947 ], [ 100.077949203, -0.321973831999975 ], [ 100.078063386, -0.32196181299998 ], [ 100.078180573, -0.32196181299998 ], [ 100.078264707, -0.321967822999975 ], [ 100.078426966, -0.321985851999958 ], [ 100.078550163, -0.321997870999952 ], [ 100.078670355, -0.322003879999958 ], [ 100.078838624, -0.322000875999954 ], [ 100.078979849, -0.321982846999965 ], [ 100.07911807, -0.321940779999978 ], [ 100.079238262, -0.32190472199995 ], [ 100.079337348, -0.321852264999965 ], [ 100.079340425, -0.321850635999969 ], [ 100.079415545, -0.321799553999943 ], [ 100.07949367, -0.321739457999963 ], [ 100.079516589, -0.321721313999949 ], [ 100.079565785, -0.321682366999939 ], [ 100.079664943, -0.321601236999927 ], [ 100.079734054, -0.321544145999961 ], [ 100.079803164, -0.321484049999919 ], [ 100.079839222, -0.321339819999933 ], [ 100.079839222, -0.321252680999983 ], [ 100.079839412, -0.321250203999968 ], [ 100.07986326, -0.321246670999926 ], [ 100.079953404, -0.321234651999933 ], [ 100.079957651, -0.321233518999975 ], [ 100.080043548, -0.321210613999947 ], [ 100.080283932, -0.321132488999985 ], [ 100.080292828, -0.321130918999929 ], [ 100.08030159, -0.321140329999938 ], [ 100.080302834, -0.321143785999944 ], [ 100.080335013, -0.321129483999926 ], [ 100.080422153, -0.321087416999948 ], [ 100.080445164, -0.321079745999955 ], [ 100.080485253, -0.321066382999964 ], [ 100.080524316, -0.321039339999966 ], [ 100.080524316, -0.320991262999947 ], [ 100.080527321, -0.320937176999963 ], [ 100.080530325, -0.320877080999939 ], [ 100.080548354, -0.32081097499997 ], [ 100.080599436, -0.320768907999933 ], [ 100.080701599, -0.320777922999983 ], [ 100.080761695, -0.320813979999966 ], [ 100.080767704, -0.320856046999954 ], [ 100.080773714, -0.320913137999984 ], [ 100.080728642, -0.321009291999935 ], [ 100.080706996, -0.32105876899994 ], [ 100.080686575, -0.321105445999933 ], [ 100.080674556, -0.321177560999957 ], [ 100.080665541, -0.32124366599993 ], [ 100.080665541, -0.321318785999946 ], [ 100.080665541, -0.321390900999979 ], [ 100.080665541, -0.321444987999944 ], [ 100.080653522, -0.321514097999969 ], [ 100.080632489, -0.321577198999938 ], [ 100.08060845, -0.32163128499997 ], [ 100.080563378, -0.321685371999933 ], [ 100.080515301, -0.321739457999963 ], [ 100.080455205, -0.321808567999937 ], [ 100.080410133, -0.32187467399996 ], [ 100.080374076, -0.321937774999982 ], [ 100.080353042, -0.321991860999964 ], [ 100.080347086, -0.322075262999933 ], [ 100.080364011, -0.322111069999945 ], [ 100.080387589, -0.32215331999993 ], [ 100.080411961, -0.322197018999931 ], [ 100.080474389, -0.322253108999974 ], [ 100.08049051, -0.322259397999977 ], [ 100.080828122, -0.322226869999952 ], [ 100.081098316, -0.322200695999933 ], [ 100.08140713, -0.322170779999967 ], [ 100.08191014, -0.322158119999928 ], [ 100.0821417, -0.322144 ], [ 100.08220688, -0.322140019999951 ], [ 100.08226297, -0.322140019999951 ], [ 100.08234259, -0.322143639999987 ], [ 100.08245296, -0.322168969999951 ], [ 100.0825835, -0.322212479999964 ], [ 100.08262666, -0.322226869999952 ], [ 100.08276714, -0.322279549999964 ], [ 100.08281769, -0.322298509999946 ], [ 100.08295959, -0.32235171999998 ], [ 100.08297822, -0.322356869999973 ], [ 100.08304464, -0.322375239999933 ], [ 100.0831739, -0.322373919999963 ], [ 100.08322196, -0.322373429999981 ], [ 100.083243796, -0.322372030999934 ], [ 100.083321984, -0.322382454999976 ], [ 100.083472397, -0.32239971599995 ], [ 100.083664728, -0.322421907999969 ], [ 100.083896513, -0.322463826999982 ], [ 100.08410857, -0.322520539999979 ], [ 100.084293505, -0.322574786999958 ], [ 100.084599263, -0.322703007999971 ], [ 100.084739977, -0.322746980999969 ], [ 100.084749059, -0.322752323999963 ], [ 100.084762005, -0.322759104999932 ], [ 100.084781115, -0.322767734999964 ], [ 100.084797759, -0.322776364999927 ], [ 100.084810088, -0.322781296999952 ], [ 100.084821184, -0.32278499599995 ], [ 100.084839677, -0.322789926999982 ], [ 100.084855705, -0.322793625999965 ], [ 100.084870499, -0.322795474999967 ], [ 100.084875832, -0.322794859999942 ], [ 100.084886527, -0.322793625999965 ], [ 100.084892692, -0.32278931099995 ], [ 100.084901322, -0.32277944799995 ], [ 100.084903788, -0.32276341999995 ], [ 100.084900705, -0.322749241999934 ], [ 100.084881595, -0.322733213999931 ], [ 100.084857554, -0.322720268999943 ], [ 100.084835362, -0.322706706999953 ], [ 100.084816252, -0.322690062999926 ], [ 100.084793443, -0.322672801999945 ], [ 100.084754607, -0.322657390999957 ], [ 100.084723785, -0.322643212999945 ], [ 100.084684332, -0.322621020999975 ], [ 100.084660907, -0.322607458999932 ], [ 100.084626386, -0.322589581999983 ], [ 100.084601112, -0.322574786999958 ], [ 100.084590275, -0.322570845999968 ], [ 100.084480905, -0.322505744999949 ], [ 100.083953226, -0.322214781999947 ], [ 100.083627741, -0.322037244999928 ], [ 100.083440341, -0.321953407999962 ], [ 100.083331847, -0.321889297999983 ], [ 100.083203815, -0.321838084999969 ], [ 100.083146912, -0.321790665999973 ], [ 100.08303102, -0.321741349999977 ], [ 100.082929923, -0.321711760999966 ], [ 100.082801702, -0.321674773999977 ], [ 100.082653755, -0.321640252999949 ], [ 100.082537862, -0.321618060999931 ], [ 100.082552657, -0.321410933999971 ], [ 100.082584712, -0.321127368999952 ], [ 100.082591944, -0.321112102999962 ], [ 100.082606905, -0.321080518999964 ], [ 100.082735126, -0.321087915999958 ], [ 100.083065541, -0.321144628999941 ], [ 100.083265588, -0.321184144999973 ], [ 100.083385637, -0.321207857999977 ], [ 100.083464999, -0.321223533999965 ], [ 100.083738702, -0.321255589999961 ], [ 100.083782548, -0.321263075999981 ], [ 100.083839799, -0.321272849999954 ], [ 100.08387432, -0.321285178999975 ], [ 100.08385706, -0.321334494999985 ], [ 100.083832402, -0.321489839999967 ], [ 100.083898978, -0.321620525999943 ], [ 100.084071584, -0.32170436299998 ], [ 100.084212134, -0.321847378999968 ], [ 100.085094886, -0.322269028999929 ], [ 100.08560777, -0.322397249999942 ], [ 100.085753889, -0.322463181999981 ], [ 100.08601216, -0.322579718999975 ], [ 100.086339231, -0.322756720999971 ], [ 100.086395641, -0.322762457999954 ], [ 100.08664534, -0.322764260999977 ], [ 100.086918378, -0.322738627999971 ], [ 100.087030741, -0.322728078999945 ], [ 100.087195392, -0.322691888999943 ], [ 100.087553659, -0.322570658999958 ], [ 100.08802229, -0.322436759999961 ], [ 100.08838598, -0.322339058999948 ], [ 100.0885054, -0.32231733999993 ], [ 100.088769571, -0.322288389999933 ], [ 100.088983081, -0.322266679999932 ], [ 100.089154971, -0.322239538999956 ], [ 100.089361242, -0.322203349999947 ], [ 100.089538569, -0.322170779999967 ], [ 100.08971408, -0.322138210999933 ], [ 100.08982626, -0.322123738999953 ], [ 100.08997644, -0.322087548999952 ], [ 100.09009767, -0.322047740999956 ], [ 100.090148331, -0.32201517099998 ], [ 100.090175472, -0.321966319999952 ], [ 100.090190157, -0.321950171999964 ], [ 100.09019357, -0.321946418999971 ], [ 100.090199296, -0.32194578199994 ], [ 100.090221263, -0.321889297999983 ], [ 100.090354415, -0.321849844999976 ], [ 100.090620721, -0.321982997999956 ], [ 100.090946205, -0.322209849999983 ], [ 100.091562652, -0.322456428999943 ], [ 100.092307321, -0.322510676999967 ], [ 100.093402131, -0.322614239999951 ], [ 100.094058031, -0.322683281999958 ], [ 100.094328081, -0.322712269999953 ], [ 100.094930921, -0.322776981999939 ], [ 100.095369832, -0.322791776999971 ], [ 100.09556047, -0.322808050999932 ], [ 100.095774221, -0.322826297999946 ], [ 100.096252584, -0.322855886999948 ], [ 100.096425189, -0.32258464999996 ], [ 100.096469574, -0.32240711299994 ], [ 100.096477207, -0.322239186999983 ], [ 100.096683066, -0.322255991999965 ], [ 100.09710423, -0.322291683999935 ], [ 100.097496841, -0.32226312999996 ], [ 100.09798939, -0.322220299999978 ], [ 100.098446246, -0.322198884999989 ], [ 100.098888826, -0.322127500999953 ], [ 100.099359959, -0.322056116999931 ], [ 100.099823954, -0.32206325599998 ], [ 100.100380748, -0.322077531999983 ], [ 100.100801913, -0.322091808999982 ], [ 100.101108863, -0.322077531999983 ], [ 100.101380122, -0.321977594999969 ], [ 100.101572858, -0.321813411999932 ], [ 100.101729902, -0.321584983999969 ], [ 100.101908362, -0.321285171999935 ], [ 100.102172482, -0.321106711999967 ], [ 100.102415187, -0.321063881999979 ], [ 100.102512732, -0.321063881999979 ], [ 100.102513884, -0.321072526999958 ], [ 100.102505827, -0.321124902999943 ], [ 100.1025798, -0.32135668699994 ], [ 100.102624185, -0.321583539999952 ], [ 100.102408428, -0.321827652999955 ], [ 100.101619375, -0.322202452999941 ], [ 100.101175533, -0.322508210999957 ], [ 100.100771144, -0.322577252999964 ], [ 100.100337165, -0.322626568999971 ], [ 100.099932775, -0.322587115999967 ], [ 100.099548112, -0.322606841999976 ], [ 100.099222628, -0.322735062999926 ], [ 100.098768922, -0.323040820999956 ], [ 100.09835467, -0.323484662999936 ], [ 100.097841786, -0.323928505999961 ], [ 100.097347176, -0.32432799799995 ], [ 100.097304243, -0.324401936999955 ], [ 100.097180954, -0.32445125299996 ], [ 100.097052733, -0.324470978999961 ], [ 100.096939307, -0.32448084199996 ], [ 100.096687796, -0.324510431999949 ], [ 100.096485601, -0.324530157999963 ], [ 100.096352449, -0.324535089999926 ], [ 100.09616998, -0.324549884999955 ], [ 100.096056554, -0.324559747999957 ], [ 100.095989866, -0.324569274999937 ], [ 100.095556799, -0.324705720999928 ], [ 100.095565934, -0.32497673799998 ], [ 100.0956197, -0.326571765999983 ], [ 100.095515475, -0.328311501999972 ], [ 100.095574431, -0.328609440999965 ], [ 100.095637821, -0.328780399999972 ], [ 100.095725221, -0.328969258999963 ], [ 100.095728001, -0.328973480999933 ], [ 100.095843071, -0.329148509999931 ], [ 100.096002031, -0.329318829999974 ], [ 100.096150001, -0.329455738999978 ], [ 100.09636417, -0.329740179999925 ], [ 100.096346311, -0.329849400999942 ], [ 100.096342592, -0.329872138999981 ], [ 100.096340168, -0.329886954999952 ], [ 100.096312292, -0.330057460999969 ], [ 100.096381282, -0.330130004999948 ], [ 100.096393801, -0.330143168999944 ], [ 100.09667972, -0.330211368999932 ], [ 100.09672096, -0.330220260999972 ], [ 100.096871429, -0.330252718999929 ], [ 100.097116612, -0.33031259099994 ], [ 100.097184881, -0.330343219999974 ], [ 100.097437949, -0.330639669999927 ], [ 100.09757106, -0.330756808999984 ], [ 100.097597211, -0.330816418999977 ], [ 100.097757559, -0.331130696999942 ], [ 100.09776833, -0.331151807999964 ], [ 100.09778614, -0.331186709999948 ], [ 100.097913731, -0.331385638999966 ], [ 100.098045811, -0.331581278999973 ], [ 100.098305291, -0.331907118999938 ], [ 100.098452591, -0.332082547999965 ], [ 100.09860754, -0.332267740999961 ], [ 100.09872752, -0.332425700999983 ], [ 100.098841161, -0.332523280999967 ], [ 100.098947511, -0.332593959999944 ], [ 100.099047751, -0.33259778299993 ], [ 100.099061563, -0.332598310999966 ], [ 100.099075007, -0.332598823999954 ], [ 100.099219192, -0.332647185999972 ], [ 100.099265882, -0.332669079999961 ], [ 100.099431295, -0.332746642999958 ], [ 100.099659839, -0.33284182499995 ], [ 100.099907061, -0.332855173999979 ], [ 100.100166086, -0.332841843999974 ], [ 100.100242019, -0.332811255999965 ], [ 100.100378644, -0.332756220999956 ], [ 100.100588449, -0.332651857999963 ], [ 100.100755921, -0.332547184999956 ], [ 100.100849942, -0.332717505999944 ], [ 100.100921678, -0.332847456999964 ], [ 100.101122472, -0.332774373999944 ], [ 100.101283125, -0.332702470999953 ], [ 100.101378075, -0.332675835999967 ], [ 100.101431782, -0.332683940999971 ], [ 100.101527695, -0.332743818999983 ], [ 100.101607925, -0.332821782999938 ], [ 100.101717735, -0.332934091999965 ], [ 100.101866313, -0.332976809999933 ], [ 100.101879121, -0.332980490999949 ], [ 100.102119088, -0.332985107999953 ], [ 100.102246847, -0.333011540999966 ], [ 100.102348534, -0.333113887999967 ], [ 100.10253075, -0.333463282999965 ], [ 100.102659713, -0.333534075999976 ], [ 100.102807876, -0.333592421999927 ], [ 100.10305527, -0.333667400999965 ], [ 100.103205113, -0.333716515999927 ], [ 100.103215496, -0.333861567999978 ], [ 100.10322543, -0.333973190999937 ], [ 100.103232895, -0.334057072999946 ], [ 100.103246495, -0.334195549999954 ], [ 100.103292709, -0.334340987999958 ], [ 100.103477, -0.334459417999938 ], [ 100.103673372, -0.334386558999937 ], [ 100.103808022, -0.334322938999956 ], [ 100.103971224, -0.334199685999981 ], [ 100.104072825, -0.334063283999963 ], [ 100.104272033, -0.333826791999969 ], [ 100.104354999, -0.333728296999945 ], [ 100.10441295, -0.333676555999955 ], [ 100.104535926, -0.333649834999961 ], [ 100.104548128, -0.333649631999954 ], [ 100.10466473, -0.333647694999975 ], [ 100.104781862, -0.333645749999967 ], [ 100.104830715, -0.333671268999984 ], [ 100.104828619, -0.333721832 ], [ 100.104814207, -0.334069411999958 ], [ 100.105110944, -0.334080282999939 ], [ 100.105273237, -0.334090851999975 ], [ 100.105428237, -0.334101646999965 ], [ 100.105547702, -0.334104433999933 ], [ 100.105647589, -0.334136697999952 ], [ 100.105734917, -0.334191331999941 ], [ 100.105812156, -0.334301466999934 ], [ 100.105928746, -0.334521686999948 ], [ 100.10594037, -0.334543642999959 ], [ 100.106175263, -0.334589386999947 ], [ 100.106550771, -0.334620584999926 ], [ 100.106600926, -0.33462057999998 ], [ 100.106772375, -0.334620559999962 ], [ 100.107013879, -0.334639354999983 ], [ 100.107112401, -0.334624989999958 ], [ 100.107320844, -0.334723016999934 ], [ 100.107425455, -0.334773554999976 ], [ 100.107458734, -0.334789632999963 ], [ 100.107597042, -0.334769724999945 ], [ 100.107929114, -0.335545415999947 ], [ 100.108616661, -0.335704475999937 ], [ 100.109144897, -0.335826679999974 ], [ 100.109926653, -0.336007533999975 ], [ 100.110297417, -0.336093307999934 ], [ 100.110346636, -0.336119284999945 ], [ 100.11058282, -0.336198586999964 ], [ 100.110705854, -0.33626981799995 ], [ 100.110729354, -0.336320987999962 ], [ 100.110748318, -0.336365809999961 ], [ 100.110754354, -0.336408908999946 ], [ 100.110753921, -0.336433044999977 ], [ 100.110752036, -0.336441715999975 ], [ 100.110728095, -0.336458725999938 ], [ 100.116770469, -0.337281247999957 ], [ 100.118364431, -0.337498227999956 ], [ 100.119803056, -0.33733518399993 ], [ 100.12173939, -0.337115729999944 ], [ 100.12361291, -0.33605695899997 ], [ 100.124726879, -0.335722764999961 ], [ 100.125754421, -0.335414499999957 ], [ 100.125970164, -0.335320112999966 ], [ 100.128038709, -0.334415128999989 ], [ 100.129466381, -0.333915439999951 ], [ 100.130679909, -0.332701918999929 ], [ 100.130851751, -0.332028098999956 ], [ 100.130881682, -0.331891835999958 ], [ 100.13088631, -0.331892608999973 ], [ 100.131093969, -0.33196916899994 ], [ 100.131158271, -0.331990199999962 ], [ 100.13118016, -0.33199177099993 ], [ 100.13122163, -0.331994749999975 ], [ 100.13130772, -0.331982329999962 ], [ 100.131472521, -0.331877458999941 ], [ 100.131538679, -0.331826388999958 ], [ 100.131591191, -0.331785848999969 ], [ 100.13162931, -0.331746228999978 ], [ 100.13172434, -0.331647449999933 ], [ 100.13187664, -0.331515659999985 ], [ 100.132044431, -0.331408808999926 ], [ 100.132391041, -0.331269679999933 ], [ 100.13259857, -0.331262608999961 ], [ 100.132611742, -0.331262158999944 ], [ 100.13280822, -0.331262138999933 ], [ 100.133006731, -0.331259990999973 ], [ 100.133163491, -0.331242679999954 ], [ 100.133326989, -0.331233258999932 ], [ 100.13361148, -0.331211079999942 ], [ 100.133703359, -0.331195388999969 ], [ 100.13371442, -0.331193499999931 ], [ 100.133884691, -0.331164419999936 ], [ 100.134218471, -0.331054050999971 ], [ 100.1344659, -0.330947348999938 ], [ 100.134591489, -0.330878490999966 ], [ 100.13475162, -0.330790708999927 ], [ 100.13497649, -0.33068113099995 ], [ 100.13514622, -0.330645509999963 ], [ 100.1352827, -0.330639928999973 ], [ 100.135316792, -0.330638529999933 ], [ 100.13544183, -0.330653979999971 ], [ 100.135702421, -0.33067268799994 ], [ 100.13596035, -0.330676840999961 ], [ 100.13617564, -0.330676818999964 ], [ 100.1363991, -0.330651138999943 ], [ 100.136416881, -0.33064417999998 ], [ 100.13660211, -0.33057174099997 ], [ 100.136852489, -0.330451870999985 ], [ 100.13710207, -0.330304208999959 ], [ 100.137385571, -0.330136477999925 ], [ 100.13779916, -0.329818340999962 ], [ 100.137893871, -0.329752329999974 ], [ 100.13805549, -0.329648170999982 ], [ 100.13807075, -0.329639829999958 ], [ 100.138281219, -0.329524779999926 ], [ 100.138508711, -0.329413499999931 ], [ 100.138764971, -0.329322419999932 ], [ 100.138955631, -0.329259109999958 ], [ 100.139148869, -0.329185437999966 ], [ 100.139169689, -0.32917749899997 ], [ 100.13969201, -0.328963598999965 ], [ 100.139924401, -0.328961230999943 ], [ 100.139981989, -0.328966716999964 ], [ 100.140007631, -0.328969159999933 ], [ 100.140137159, -0.328981498999958 ], [ 100.140374242, -0.32904838899998 ], [ 100.140585305, -0.329129699999957 ], [ 100.140683759, -0.329167628999924 ], [ 100.140919909, -0.329258608999966 ], [ 100.14119247, -0.329384059999946 ], [ 100.141400811, -0.329469569999958 ], [ 100.1416159, -0.329518749999983 ], [ 100.141815441, -0.329520739999971 ], [ 100.14188179, -0.329519298999976 ], [ 100.141892699, -0.329519058999955 ], [ 100.14199539, -0.329516820999979 ], [ 100.142209401, -0.329440318999959 ], [ 100.14227919, -0.329417519999932 ], [ 100.14250737, -0.329342971999955 ], [ 100.142780961, -0.32925358899997 ], [ 100.143053789, -0.329170710999967 ], [ 100.143348872, -0.329128869999976 ], [ 100.143384871, -0.329127029999934 ], [ 100.14369261, -0.329111308999927 ], [ 100.144340399, -0.329180108999935 ], [ 100.14466479, -0.329234868999949 ], [ 100.145020121, -0.329363058999949 ], [ 100.145275279, -0.329557339999959 ], [ 100.145592401, -0.329828039999941 ], [ 100.145613969, -0.329846448999948 ], [ 100.146037112, -0.33030349999996 ], [ 100.14603973, -0.33030632099997 ], [ 100.146398251, -0.330508149999967 ], [ 100.14661831, -0.330617848999967 ], [ 100.14704726, -0.330789688999969 ], [ 100.14730883, -0.330883699999961 ], [ 100.147597471, -0.330970219999926 ], [ 100.14796955, -0.331026990999933 ], [ 100.148370741, -0.331120318999988 ], [ 100.149077721, -0.331393800999932 ], [ 100.14974752, -0.331649770999952 ], [ 100.150339371, -0.331951890999964 ], [ 100.15044697, -0.332014210999953 ], [ 100.150876361, -0.332262929999963 ], [ 100.151138961, -0.332674309999961 ], [ 100.15123835, -0.333116549999954 ], [ 100.15124753, -0.333197797999966 ], [ 100.15132143, -0.33385178999993 ], [ 100.151397801, -0.334005508999957 ], [ 100.151465399, -0.334084618999956 ], [ 100.151512481, -0.334101199999976 ], [ 100.15165929, -0.334101188999976 ], [ 100.151844419, -0.33408331999994 ], [ 100.151970821, -0.334045869999959 ], [ 100.152169771, -0.333940648999947 ], [ 100.152367822, -0.33382517999996 ], [ 100.152540291, -0.333722259999947 ], [ 100.15296075, -0.333504269999941 ], [ 100.15297231, -0.333498278999972 ], [ 100.153201339, -0.333409209999952 ], [ 100.153247071, -0.333405169999937 ], [ 100.153308281, -0.333399758999975 ], [ 100.153460221, -0.333386328999947 ], [ 100.153642921, -0.333395498999956 ], [ 100.15386889, -0.333448478999976 ], [ 100.154131329, -0.333517739999936 ], [ 100.154502309, -0.333656418999964 ], [ 100.154839091, -0.33376655899997 ], [ 100.155131201, -0.333874438999949 ], [ 100.15514293, -0.333922229999938 ], [ 100.155169102, -0.334028970999955 ], [ 100.15516912, -0.334125768999976 ], [ 100.155169121, -0.334141975999953 ], [ 100.15516914, -0.334301708999931 ], [ 100.1551671, -0.334569370999932 ], [ 100.155149159, -0.334790357999973 ], [ 100.155034349, -0.335195078999967 ], [ 100.154956259, -0.33542481899997 ], [ 100.15482775, -0.335723308999949 ], [ 100.1546733, -0.336051408999936 ], [ 100.15463495, -0.336150969999955 ], [ 100.154534361, -0.336412140999924 ], [ 100.15447856, -0.336713468999964 ], [ 100.15448319, -0.336995409999932 ], [ 100.154563879, -0.337234369999983 ], [ 100.1550518, -0.337973600999937 ], [ 100.15514477, -0.338100038999927 ], [ 100.15523881, -0.338287380999936 ], [ 100.155276889, -0.338490439999939 ], [ 100.15527378, -0.338675709999962 ], [ 100.15538046000006, -0.340761229999941 ], [ 100.15537845, -0.341007000999987 ], [ 100.155355229, -0.341239150999973 ], [ 100.155261301, -0.341433888999982 ], [ 100.155233811, -0.34146190999997 ], [ 100.155211471, -0.341484688999968 ], [ 100.155110521, -0.341587609999979 ], [ 100.154951471, -0.341688667999968 ], [ 100.15472088, -0.341766748999936 ], [ 100.1544883, -0.341824788999924 ], [ 100.154013369, -0.341922248999941 ], [ 100.153922979, -0.341940798999936 ], [ 100.153650499, -0.341987668999935 ], [ 100.153450701, -0.342098078999924 ], [ 100.153412841, -0.342141568999983 ], [ 100.153285251, -0.342288138999957 ], [ 100.153155521, -0.342508880999956 ], [ 100.153046839, -0.342777159999976 ], [ 100.15292753, -0.343021658999929 ], [ 100.1527964, -0.343315119999948 ], [ 100.152723291, -0.343438477999941 ], [ 100.152484851, -0.343767038999941 ], [ 100.15232599, -0.344001829999966 ], [ 100.152224611, -0.344151659999962 ], [ 100.152061641, -0.344361119999974 ], [ 100.151982678, -0.344509556999979 ], [ 100.15195408, -0.34456331799993 ], [ 100.151935529, -0.344841628999979 ], [ 100.151953319, -0.345069610999935 ], [ 100.1520068, -0.345345128999949 ], [ 100.15203295, -0.345496788999979 ], [ 100.15207844, -0.345760588999961 ], [ 100.152204211, -0.34641256899994 ], [ 100.15230348, -0.346694499999964 ], [ 100.15243248, -0.346938479999949 ], [ 100.152476691, -0.346995439999954 ], [ 100.152598022, -0.347151749999969 ], [ 100.152823051, -0.347388818999954 ], [ 100.15292319, -0.347520687999975 ], [ 100.153039321, -0.347673610999951 ], [ 100.15317359, -0.347968069999987 ], [ 100.153259691, -0.348261007999963 ], [ 100.153358362, -0.348660218999957 ], [ 100.153367901, -0.348815418999955 ], [ 100.153348399, -0.348976599999967 ], [ 100.15326183, -0.349366939999926 ], [ 100.1531413, -0.349748900999948 ], [ 100.15310664, -0.349858748999973 ], [ 100.15295653, -0.350199208999925 ], [ 100.152853341, -0.350433239999976 ], [ 100.15297331, -0.350858047999964 ], [ 100.153061421, -0.351067849999931 ], [ 100.15313642, -0.351258609999952 ], [ 100.153212461, -0.351469070999941 ], [ 100.15328804, -0.351653780999923 ], [ 100.153530401, -0.35215017099995 ], [ 100.15354937, -0.352184840999943 ], [ 100.153658779, -0.352384879999932 ], [ 100.153801371, -0.352619728999969 ], [ 100.15398749, -0.352863028999936 ], [ 100.15407333, -0.352975909999942 ], [ 100.15413378, -0.353126229999928 ], [ 100.15420713, -0.353308578999936 ], [ 100.154495361, -0.354025219999929 ], [ 100.15506454, -0.355440358999947 ], [ 100.155343061, -0.356132850999925 ], [ 100.155843581, -0.356886379999937 ], [ 100.156054409, -0.357162858999976 ], [ 100.15624131, -0.357398549999975 ], [ 100.156410721, -0.35756904099998 ], [ 100.15658895, -0.357676208999975 ], [ 100.15687731, -0.357788868999941 ], [ 100.15694703, -0.357816108999944 ], [ 100.157127201, -0.357924089999934 ], [ 100.1576154, -0.358230918999943 ], [ 100.157715621, -0.358339548999934 ], [ 100.157767241, -0.358399988999967 ], [ 100.157814639, -0.358455478999939 ], [ 100.1579033, -0.358584369999964 ], [ 100.157956762, -0.358689997999933 ], [ 100.158034321, -0.358856357999977 ], [ 100.158091079, -0.359017508999951 ], [ 100.15814425, -0.359196529999967 ], [ 100.158192401, -0.359417749999974 ], [ 100.158247121, -0.359625268999944 ], [ 100.158291851, -0.359836318999958 ], [ 100.15837952, -0.359931338999956 ], [ 100.158387212, -0.360025589999971 ], [ 100.15841382, -0.360351509999927 ], [ 100.158368182, -0.360535377999951 ], [ 100.158362811, -0.361172629999945 ], [ 100.158362829, -0.361304608999948 ], [ 100.158371831, -0.361485418999962 ], [ 100.15842552, -0.361699158999958 ], [ 100.158517561, -0.361860038999967 ], [ 100.158698661, -0.362044509999982 ], [ 100.15880603, -0.362167648999959 ], [ 100.158871532, -0.362242769999964 ], [ 100.15901943, -0.362514178999959 ], [ 100.15903578, -0.362623849999977 ], [ 100.159035789, -0.362688282999952 ], [ 100.15903579, -0.362692938999944 ], [ 100.1590358, -0.362773258999935 ], [ 100.159025789, -0.362868189999975 ], [ 100.158982881, -0.363089008999969 ], [ 100.15896017, -0.363127000999958 ], [ 100.15885444, -0.363303888999956 ], [ 100.15877949, -0.363440229999988 ], [ 100.1587429, -0.363606069999952 ], [ 100.158757831, -0.363756169999932 ], [ 100.15880752, -0.364040049999976 ], [ 100.15881185, -0.364064780999967 ], [ 100.158811881, -0.364346029999988 ], [ 100.158801161, -0.364605768999976 ], [ 100.158796201, -0.364652210999975 ], [ 100.158787021, -0.364738129999984 ], [ 100.15876515, -0.364813410999945 ], [ 100.158722301, -0.36490166099998 ], [ 100.15867206, -0.364983398999926 ], [ 100.158570811, -0.365095750999962 ], [ 100.15846796, -0.365205938999971 ], [ 100.15837797, -0.365305398999962 ], [ 100.158269549, -0.365423139999964 ], [ 100.1579824, -0.365679519999962 ], [ 100.157908201, -0.36574576099997 ], [ 100.157984311, -0.366284 ], [ 100.157986491, -0.366566429999975 ], [ 100.1579865, -0.366600349999952 ], [ 100.157986521, -0.366821329999946 ], [ 100.157995651, -0.36706628999997 ], [ 100.1580317, -0.367245349999971 ], [ 100.158056851, -0.367416129999922 ], [ 100.158059851, -0.367533449999946 ], [ 100.158059953, -0.367537438999943 ], [ 100.158061029, -0.367579278999924 ], [ 100.158052449, -0.36775901999994 ], [ 100.158043631, -0.367950288999971 ], [ 100.15804145, -0.368139789999941 ], [ 100.158041455, -0.368173934999956 ], [ 100.15804147, -0.368280509999984 ], [ 100.15804148, -0.368343958999965 ], [ 100.15803771, -0.368465750999979 ], [ 100.15798065, -0.368593657999963 ], [ 100.157865411, -0.368758559999953 ], [ 100.157697289, -0.368925768999936 ], [ 100.15739425, -0.369166838999948 ], [ 100.157260661, -0.369273108999954 ], [ 100.157079379, -0.369440070999932 ], [ 100.156899, -0.36959955999993 ], [ 100.15672529, -0.369767398999959 ], [ 100.156631081, -0.369943958999956 ], [ 100.15661339, -0.370140218999958 ], [ 100.156633311, -0.370365 ], [ 100.156607251, -0.370961368999929 ], [ 100.156608271, -0.37103004999994 ], [ 100.156609799, -0.371132429999942 ], [ 100.15661171, -0.371261019999966 ], [ 100.15661178, -0.371801408999944 ], [ 100.156592882, -0.372044838999954 ], [ 100.156538939, -0.372283129999968 ], [ 100.156474009, -0.372449749999926 ], [ 100.156371701, -0.372691009999926 ], [ 100.156508119, -0.373125689999938 ], [ 100.156509125, -0.373128897999956 ], [ 100.15651345, -0.373142689999954 ], [ 100.15658007, -0.373341518999956 ], [ 100.156709639, -0.37356910899996 ], [ 100.15692583, -0.373812159999946 ], [ 100.15723201, -0.374075979999939 ], [ 100.15744884, -0.374296340999936 ], [ 100.15756334, -0.374446568999936 ], [ 100.157606501, -0.374529499999936 ], [ 100.157643421, -0.374614118999953 ], [ 100.1576867, -0.374736058999928 ], [ 100.157732552, -0.374852280999965 ], [ 100.157803111, -0.37503111099995 ], [ 100.157861581, -0.375282930999956 ], [ 100.157934781, -0.375474450999956 ], [ 100.157998281, -0.375735570999954 ], [ 100.15800388, -0.375990409999936 ], [ 100.15799278, -0.376273498999983 ], [ 100.157922921, -0.376515548999972 ], [ 100.157830721, -0.376830710999977 ], [ 100.157828331, -0.376838897999966 ], [ 100.15757485, -0.377411778999947 ], [ 100.15753415, -0.377673609999934 ], [ 100.15752822, -0.377946908999947 ], [ 100.15751977, -0.378254640999953 ], [ 100.157465211, -0.378482 ], [ 100.157375181, -0.378857189999966 ], [ 100.15724415, -0.37914457999995 ], [ 100.157184871, -0.379373978999981 ], [ 100.157157639, -0.37966686999994 ], [ 100.157151801, -0.379995359999957 ], [ 100.15714025, -0.380251989999977 ], [ 100.157117301, -0.380613679999955 ], [ 100.15704748, -0.381015247999933 ], [ 100.157003421, -0.381503880999967 ], [ 100.156947671, -0.382098427999948 ], [ 100.15694161, -0.382727178999978 ], [ 100.157034821, -0.382866159999944 ], [ 100.1571016, -0.382977729999938 ], [ 100.1571791, -0.383107199999934 ], [ 100.157307172, -0.383333479999976 ], [ 100.157308791, -0.383336338999931 ], [ 100.157455839, -0.383632299999934 ], [ 100.157559651, -0.383999319999934 ], [ 100.15759616, -0.384312759999947 ], [ 100.157593339, -0.384641750999951 ], [ 100.15758446, -0.385115859999929 ], [ 100.15766793, -0.385523728999952 ], [ 100.157702281, -0.385734798999985 ], [ 100.1577752, -0.386182779999962 ], [ 100.15781635, -0.386624679999961 ], [ 100.157816572, -0.386627099999946 ], [ 100.157812529, -0.386756290999928 ], [ 100.15780139, -0.38697269999995 ], [ 100.157745701, -0.387286878999931 ], [ 100.15773111, -0.387322649999934 ], [ 100.157594441, -0.387657648999943 ], [ 100.157488671, -0.38792548099997 ], [ 100.157436679, -0.388224409999968 ], [ 100.15741866, -0.388481848999965 ], [ 100.157414871, -0.389108330999934 ], [ 100.15741095, -0.389757940999972 ], [ 100.157419451, -0.390189020999971 ], [ 100.15742811, -0.390532727999931 ], [ 100.157493841, -0.390893378999983 ], [ 100.157653409, -0.391184259999928 ], [ 100.157835391, -0.39141468799994 ], [ 100.157977979, -0.391558180999944 ], [ 100.157987099, -0.391567359999957 ], [ 100.158099311, -0.391774830999965 ], [ 100.158186859, -0.39198956899998 ], [ 100.158359679, -0.392449579999951 ], [ 100.158494041, -0.392878048999944 ], [ 100.15869137, -0.393319659999978 ], [ 100.158707582, -0.393347970999966 ], [ 100.158895491, -0.393676079999981 ], [ 100.159053729, -0.393933779999937 ], [ 100.159240431, -0.394165048999978 ], [ 100.159498011, -0.394472718999974 ], [ 100.159510609, -0.394486263999964 ], [ 100.15961306, -0.394596398999973 ], [ 100.15974994, -0.394743549999928 ], [ 100.16003868, -0.394995589999953 ], [ 100.160404031, -0.395160609999959 ], [ 100.160788059, -0.39537345099996 ], [ 100.160940651, -0.395459450999973 ], [ 100.161061521, -0.395527570999946 ], [ 100.161286449, -0.395714449999958 ], [ 100.161395519, -0.395880390999938 ], [ 100.161421871, -0.395941119999986 ], [ 100.161498519, -0.396117699999941 ], [ 100.16162373, -0.396435569999941 ], [ 100.16179668, -0.39674702099996 ], [ 100.162022201, -0.396907239999961 ], [ 100.162459112, -0.396967429999959 ], [ 100.16275708, -0.396972940999952 ], [ 100.163324491, -0.397120448999947 ], [ 100.163564521, -0.397241220999948 ], [ 100.16373536, -0.397350879999976 ], [ 100.163918631, -0.397468518999982 ], [ 100.164248761, -0.397663279999966 ], [ 100.164620641, -0.397846119999949 ], [ 100.164804625, -0.397931105999942 ], [ 100.164818862, -0.397937680999975 ], [ 100.164962849, -0.398004190999931 ], [ 100.16522871, -0.398137968999958 ], [ 100.165483721, -0.398285809999956 ], [ 100.165625741, -0.398373278999941 ], [ 100.16566293, -0.398396179999967 ], [ 100.165791551, -0.398518018999946 ], [ 100.16590174, -0.398688219999944 ], [ 100.16599527, -0.398919700999958 ], [ 100.16599382, -0.398968560999959 ], [ 100.165987711, -0.399174519999972 ], [ 100.16587041, -0.399695098999935 ], [ 100.16639269, -0.399965760999975 ], [ 100.16689406, -0.400381637999939 ], [ 100.16736742, -0.400829849999983 ], [ 100.167724709, -0.401149478999976 ], [ 100.168037741, -0.401390058999941 ], [ 100.16832139, -0.401589879999969 ], [ 100.168575691, -0.401755818999965 ], [ 100.16885108, -0.401963678999947 ], [ 100.16917206, -0.402250519999951 ], [ 100.16944539, -0.40252560899995 ], [ 100.169725591, -0.402761568999952 ], [ 100.169764111, -0.402790450999939 ], [ 100.17001293, -0.402977030999983 ], [ 100.17030036, -0.403206970999981 ], [ 100.170523381, -0.403448907999976 ], [ 100.170732972, -0.403726448999976 ], [ 100.17092788, -0.404023479999985 ], [ 100.17097859, -0.404101050999937 ], [ 100.17113752, -0.40434417999996 ], [ 100.171216349, -0.404475459999963 ], [ 100.171455651, -0.404874008999967 ], [ 100.171940629, -0.405565218999931 ], [ 100.1721389, -0.405922129999968 ], [ 100.172327169, -0.406222370999961 ], [ 100.17251682, -0.406428158999974 ], [ 100.172677781, -0.406560218999968 ], [ 100.172783052, -0.406646588999933 ], [ 100.17300649, -0.406799380999935 ], [ 100.173330402, -0.407006308999941 ], [ 100.173595711, -0.40717781099994 ], [ 100.173713879, -0.407254199999953 ], [ 100.17409065, -0.407512607999936 ], [ 100.174191099, -0.407586878999949 ], [ 100.174363542, -0.407714380999956 ], [ 100.17462633, -0.407920389999954 ], [ 100.17470791, -0.407996278999977 ], [ 100.174806831, -0.408088298999929 ], [ 100.17498214, -0.408272998999967 ], [ 100.17509987, -0.408418819999957 ], [ 100.175125101, -0.408450078999988 ], [ 100.175315071, -0.408699448999935 ], [ 100.17550265, -0.409012208999973 ], [ 100.175667411, -0.409240200999938 ], [ 100.17589276, -0.409449318999976 ], [ 100.176125512, -0.409633788999951 ], [ 100.176230458, -0.409693638999961 ], [ 100.17646761, -0.409828877999927 ], [ 100.17676425, -0.410006308999932 ], [ 100.17706452, -0.410188208999958 ], [ 100.17739658, -0.410274028999931 ], [ 100.177683881, -0.410259219999947 ], [ 100.178007442, -0.410253699999943 ], [ 100.178257561, -0.410300388999934 ], [ 100.178514251, -0.410436209999952 ], [ 100.178987652, -0.410745318999953 ], [ 100.179467129, -0.410972918999955 ], [ 100.17958563, -0.410947227999937 ], [ 100.180162531, -0.410822149999942 ], [ 100.180741369, -0.41069318999996 ], [ 100.18079143, -0.410688429999941 ], [ 100.180948751, -0.410673459999943 ], [ 100.181319289, -0.410638218999964 ], [ 100.181592589, -0.410684898999935 ], [ 100.18186117, -0.41081609999998 ], [ 100.182058491, -0.410975468999939 ], [ 100.18207574, -0.410989398999956 ], [ 100.182270769, -0.411199117999966 ], [ 100.182428961, -0.411447378999983 ], [ 100.182550386, -0.411704358999944 ], [ 100.182625371, -0.411863048999984 ], [ 100.182666359, -0.411949788999946 ], [ 100.18269862, -0.41201806899995 ], [ 100.182902931, -0.412471520999937 ], [ 100.183322342, -0.413456319999974 ], [ 100.18340618, -0.413712539999952 ], [ 100.18362423, -0.414378939999956 ], [ 100.183791231, -0.414688539999933 ], [ 100.183907321, -0.414845429999962 ], [ 100.184088231, -0.414927168999951 ], [ 100.184314629, -0.414903668999958 ], [ 100.1846523, -0.414776509999967 ], [ 100.184781711, -0.414713140999944 ], [ 100.185158821, -0.41452849099994 ], [ 100.185671911, -0.414358959999957 ], [ 100.185918, -0.414348269999955 ], [ 100.18608883, -0.414351039999933 ], [ 100.18624871, -0.414353638999967 ], [ 100.186554851, -0.414442798999975 ], [ 100.187362571, -0.414728659999989 ], [ 100.18792964, -0.414995350999965 ], [ 100.188184091, -0.415030648999967 ], [ 100.188924331, -0.415190209999944 ], [ 100.18938121, -0.415326729999948 ], [ 100.18944931, -0.415352549999972 ], [ 100.18977529, -0.41547614999996 ], [ 100.190068881, -0.415515710999963 ], [ 100.190360771, -0.415482000999932 ], [ 100.190772551, -0.415323597999937 ], [ 100.19130798, -0.415162079999965 ], [ 100.191434946, -0.415167557999949 ], [ 100.191543491, -0.415172239999942 ], [ 100.1918004, -0.415245348999982 ], [ 100.192022979, -0.415376008999943 ], [ 100.192257071, -0.415543118999957 ], [ 100.19251722, -0.415777359999946 ], [ 100.192746981, -0.416022700999978 ], [ 100.19297856, -0.416238280999958 ], [ 100.193211811, -0.416400798999985 ], [ 100.193451339, -0.416492327999953 ], [ 100.19378659, -0.416555730999965 ], [ 100.194178441, -0.416640200999949 ], [ 100.194783579, -0.416772800999986 ], [ 100.19544864, -0.416310499999959 ], [ 100.195645342, -0.416185389999955 ], [ 100.195874021, -0.416145748999953 ], [ 100.196063702, -0.416176740999968 ], [ 100.196309189, -0.416348370999976 ], [ 100.19676131, -0.416755939999979 ], [ 100.19715941, -0.417148059999941 ], [ 100.197431849, -0.417362638999981 ], [ 100.19769864, -0.417469419999974 ], [ 100.197927131, -0.417514778999934 ], [ 100.1981591, -0.417523398999952 ], [ 100.19845626, -0.417551569999955 ], [ 100.198815052, -0.417568718999977 ], [ 100.19946274, -0.417557228999963 ], [ 100.20025503, -0.417511689999971 ], [ 100.200715109, -0.417469249999948 ], [ 100.201073861, -0.417451859999974 ], [ 100.20137593, -0.417369709999948 ], [ 100.201696069, -0.417178009999933 ], [ 100.20204928, -0.416991810999946 ], [ 100.20242144, -0.416841339999962 ], [ 100.202735791, -0.416782599999974 ], [ 100.203184021, -0.416698839999925 ], [ 100.203892221, -0.416578908999956 ], [ 100.204102229, -0.416228440999933 ], [ 100.204537332, -0.415863759999982 ], [ 100.20508994, -0.415528728999957 ], [ 100.205692841, -0.414958638999961 ], [ 100.2057718, -0.414892759999934 ], [ 100.20597392, -0.414724118999977 ], [ 100.206292089, -0.414603290999938 ], [ 100.206500761, -0.414578670999958 ], [ 100.206539862, -0.414574059999954 ], [ 100.206770471, -0.414574020999968 ], [ 100.20735342, -0.414646929999955 ], [ 100.207449849, -0.414605408999939 ], [ 100.207544889, -0.414564479999968 ], [ 100.20777945, -0.414463468999941 ], [ 100.208017262, -0.414383620999962 ], [ 100.208388951, -0.414362338999979 ], [ 100.208743821, -0.414440168999934 ], [ 100.209361801, -0.41467759999995 ], [ 100.209443952, -0.414695149999954 ], [ 100.20946895, -0.414700490999962 ], [ 100.209695169, -0.414748828999962 ], [ 100.2100632, -0.41474876999996 ], [ 100.210250911, -0.414704278999979 ], [ 100.21060958, -0.414704219999978 ], [ 100.211538759, -0.414657399999961 ], [ 100.21157456, -0.41464678999995 ], [ 100.21180863, -0.414633469999958 ], [ 100.21217598, -0.414481008999927 ], [ 100.212221259, -0.41445517899996 ], [ 100.21234126, -0.414419620999975 ], [ 100.212757919, -0.41429616899996 ], [ 100.213423771, -0.413963238999943 ], [ 100.214031731, -0.413818488999938 ], [ 100.214392331, -0.413803141999951 ], [ 100.21450732, -0.414018328999938 ], [ 100.21455372, -0.414105149999957 ], [ 100.21464976, -0.414362868999954 ], [ 100.2146801, -0.414437867999937 ], [ 100.214792771, -0.414716380999958 ], [ 100.214928742, -0.414993229999945 ], [ 100.215048181, -0.415321290999942 ], [ 100.215138041, -0.415657098999933 ], [ 100.215211141, -0.416018350999941 ], [ 100.215284551, -0.416416439999989 ], [ 100.215331501, -0.41703258099995 ], [ 100.21540585, -0.417298870999956 ], [ 100.215541481, -0.417596109999982 ], [ 100.215888541, -0.418118448999961 ], [ 100.216210542, -0.418692837999977 ], [ 100.21638744, -0.418991657999928 ], [ 100.216427432, -0.419068720999971 ], [ 100.21653783, -0.419281449999972 ], [ 100.21674969, -0.419765118999982 ], [ 100.216885389, -0.420069978999958 ], [ 100.21698341, -0.420308618999971 ], [ 100.21707464, -0.420530199999985 ], [ 100.217157182, -0.42073147099995 ], [ 100.21724855, -0.420984289999985 ], [ 100.21729216, -0.421227228999958 ], [ 100.217295481, -0.421491599999972 ], [ 100.217272969, -0.421832448999965 ], [ 100.217143341, -0.422574709999946 ], [ 100.217067839, -0.423018548999948 ], [ 100.217009281, -0.423329048999965 ], [ 100.217000111, -0.423610370999936 ], [ 100.2169909, -0.423852597999944 ], [ 100.217034021, -0.424459027999952 ], [ 100.217034851, -0.424462019999964 ], [ 100.217115331, -0.424751638999971 ], [ 100.217141782, -0.424987658999952 ], [ 100.217148282, -0.425273558999953 ], [ 100.21713541, -0.425536910999942 ], [ 100.21708468, -0.425926789999947 ], [ 100.217077111, -0.425953069999945 ], [ 100.2168917, -0.42635592099993 ], [ 100.216806651, -0.426520628999924 ], [ 100.216720861, -0.426648729999961 ], [ 100.216685052, -0.426780129999949 ], [ 100.216701609, -0.426965858999957 ], [ 100.21674023, -0.427085969999962 ], [ 100.216765711, -0.42716521999995 ], [ 100.216973479, -0.427589618999944 ], [ 100.21708211, -0.427808250999932 ], [ 100.217199141, -0.42800890899997 ], [ 100.21674936, -0.42850263899993 ], [ 100.216473101, -0.428768039999967 ], [ 100.215884789, -0.429314818999957 ], [ 100.21588452, -0.429315059999973 ], [ 100.215504261, -0.42965684899997 ], [ 100.2154101, -0.42974402199997 ], [ 100.215307531, -0.429838980999938 ], [ 100.215197101, -0.429927948999931 ], [ 100.2151111, -0.429997238999933 ], [ 100.2148682, -0.430137978999942 ], [ 100.214684711, -0.430201819999978 ], [ 100.21446659, -0.430263718999929 ], [ 100.21427611, -0.430356638999974 ], [ 100.21416021, -0.430426668999927 ], [ 100.21403447, -0.430534869999975 ], [ 100.214042685, -0.430570454999955 ], [ 100.214013325, -0.430585772999963 ], [ 100.213910159, -0.430639598999964 ], [ 100.213039692, -0.431446372999978 ], [ 100.212593843, -0.432125761999946 ], [ 100.212530151, -0.432911305999941 ], [ 100.212636305, -0.433781772999964 ], [ 100.212678767, -0.434482392999949 ], [ 100.212791566, -0.434923333999959 ], [ 100.212864095, -0.43520685699998 ], [ 100.212912307, -0.435395321999981 ], [ 100.213226974, -0.435769925999985 ], [ 100.213358156, -0.435926093999967 ], [ 100.213370467, -0.435942713999969 ], [ 100.213782774, -0.43649932899996 ], [ 100.213786771, -0.436502360999954 ], [ 100.214178771, -0.436799739999967 ], [ 100.21439847, -0.436966407999938 ], [ 100.21466245, -0.437395374999933 ], [ 100.214715677, -0.437481868999954 ], [ 100.214792552, -0.437606790999956 ], [ 100.214825248, -0.437659921999976 ], [ 100.215077859, -0.438070415999964 ], [ 100.215598693, -0.43840267199994 ], [ 100.216054315, -0.438693326999951 ], [ 100.216309252, -0.438855958999973 ], [ 100.216818793, -0.439492885999936 ], [ 100.217031739, -0.440096232999965 ], [ 100.217073564, -0.440214736999969 ], [ 100.217285873, -0.441170127999958 ], [ 100.217413259, -0.44148859099994 ], [ 100.217880339, -0.442019363999975 ], [ 100.218226653, -0.442075220999926 ], [ 100.218538497, -0.442125517999967 ], [ 100.218668494, -0.442241071999954 ], [ 100.218729575, -0.442295365999944 ], [ 100.218772037, -0.442868599999944 ], [ 100.218898155, -0.443048768999977 ], [ 100.219026176, -0.443231656999956 ], [ 100.219069269, -0.443293217999955 ], [ 100.219154193, -0.443972606999977 ], [ 100.218920653, -0.444843073999943 ], [ 100.218793267, -0.445840926999954 ], [ 100.218779963, -0.446073744999982 ], [ 100.218750806, -0.44658400799995 ], [ 100.218757536, -0.446785901999934 ], [ 100.218793267, -0.447857860999932 ], [ 100.21889869, -0.448424507999965 ], [ 100.218963115, -0.44877078999997 ], [ 100.219033244, -0.449025804999971 ], [ 100.219196655, -0.449620026999982 ], [ 100.219621273, -0.450256953999945 ], [ 100.21981706, -0.450427477999935 ], [ 100.220279431, -0.450830187999944 ], [ 100.220888796, -0.451458595999956 ], [ 100.22095882, -0.451530807999974 ], [ 100.222200828, -0.452231427999944 ], [ 100.222483693, -0.452249292999974 ], [ 100.222690843, -0.452262375999975 ], [ 100.223209296, -0.452295119999979 ], [ 100.223413298, -0.452291221999932 ], [ 100.224756166, -0.452265561999981 ], [ 100.224875922, -0.452263273999967 ], [ 100.225908674, -0.451995027999949 ], [ 100.226510701, -0.451838655999954 ], [ 100.228490483, -0.451514884999945 ], [ 100.228975307, -0.451588762999961 ], [ 100.229605106, -0.451684731999933 ], [ 100.230054527, -0.451760863999947 ], [ 100.230485778, -0.451833916999942 ], [ 100.230576419, -0.451849271999949 ], [ 100.230667858, -0.451859396999965 ], [ 100.231111566, -0.451908526999946 ], [ 100.23160217, -0.451962849999979 ], [ 100.231725801, -0.451976538999928 ], [ 100.232110352, -0.452019118999949 ], [ 100.23381944, -0.452008502999954 ], [ 100.234934063, -0.45192357999997 ], [ 100.235181823779556, -0.45188254951641 ], [ 100.235767376, -0.451785578999941 ], [ 100.23692277, -0.451723602999954 ], [ 100.237465006, -0.451900143999975 ], [ 100.237528601, -0.451920848999973 ], [ 100.237551981, -0.451937838999931 ], [ 100.23764959, -0.45204168 ], [ 100.237769411, -0.452241668999942 ], [ 100.23783116, -0.452404388999985 ], [ 100.237903091, -0.452662399999959 ], [ 100.23799695, -0.452939197999971 ], [ 100.2381805, -0.453318198999969 ], [ 100.238376809, -0.453502867999928 ], [ 100.238544721, -0.453635938999979 ], [ 100.23884437, -0.453832248999968 ], [ 100.239006171, -0.453972089999982 ], [ 100.239145979, -0.454139398999928 ], [ 100.23926958, -0.454355547999973 ], [ 100.23936932, -0.454472258999943 ], [ 100.23946774, -0.45454203899993 ], [ 100.23950023, -0.45456461699997 ], [ 100.239643061, -0.454642517999953 ], [ 100.23975249, -0.454668707999932 ], [ 100.239840311, -0.45468130999996 ], [ 100.23986191, -0.454684408999929 ], [ 100.23993745, -0.454721668999987 ], [ 100.239990619, -0.454762838999956 ], [ 100.24011066, -0.454991488999958 ], [ 100.240189789, -0.45510296999993 ], [ 100.240264901, -0.455182547999923 ], [ 100.240341429, -0.455251448999951 ], [ 100.24043589, -0.455321489999965 ], [ 100.240486541, -0.455385217999947 ], [ 100.24054183, -0.455468668999978 ], [ 100.24059197, -0.455588488999986 ], [ 100.240598429, -0.455718079999945 ], [ 100.240580281, -0.455821698999956 ], [ 100.24054062, -0.455931558999973 ], [ 100.24051496, -0.456005408999951 ], [ 100.24050805, -0.456082076999958 ], [ 100.24050806, -0.456140767999955 ], [ 100.240519801, -0.45624697799997 ], [ 100.240537651, -0.456321817999932 ], [ 100.24056529, -0.456356039999945 ], [ 100.24062938, -0.456402108999959 ], [ 100.24068633, -0.456475797999927 ], [ 100.240713269, -0.456552588999953 ], [ 100.240721651, -0.45657649799995 ], [ 100.240745251, -0.456655638999968 ], [ 100.240770881, -0.456701497999975 ], [ 100.24078715, -0.456719497999933 ], [ 100.240829221, -0.456739037999975 ], [ 100.240891791, -0.45677951799997 ], [ 100.240914731, -0.456790008999981 ], [ 100.24094423, -0.456794247999943 ], [ 100.24098282, -0.456791467999952 ], [ 100.241043299, -0.456777919999984 ], [ 100.24110235, -0.456754128999939 ], [ 100.241246291, -0.456700968999947 ], [ 100.241373492, -0.456670209999978 ], [ 100.241382112, -0.456669127999931 ], [ 100.241990301, -0.457212149999979 ], [ 100.242212912, -0.457410909999963 ], [ 100.242254209, -0.457476207999953 ], [ 100.24230417, -0.457516428999958 ], [ 100.24232923, -0.457523007999962 ], [ 100.24236063, -0.457531247999955 ], [ 100.24246105, -0.457527618999967 ], [ 100.24257336, -0.457514028999937 ], [ 100.24270978, -0.457509099999933 ], [ 100.242869549, -0.457515258999941 ], [ 100.242986479, -0.457593707999934 ], [ 100.243063041, -0.457691778999956 ], [ 100.243103151, -0.45780707799998 ], [ 100.24316522, -0.458023538999959 ], [ 100.243185851, -0.458052609999924 ], [ 100.243225829, -0.458084797999967 ], [ 100.24332758, -0.458132048999976 ], [ 100.24343633, -0.458182207999927 ], [ 100.24354686, -0.45823558899997 ], [ 100.243668121, -0.45828721799996 ], [ 100.243764731, -0.458342768999954 ], [ 100.24384119, -0.458454677999958 ], [ 100.243884421, -0.458572759999928 ], [ 100.243895809, -0.458687138999958 ], [ 100.243895821, -0.458794877999933 ], [ 100.243891121, -0.459014517999953 ], [ 100.24386681, -0.459156628999948 ], [ 100.243849681, -0.459248647999978 ], [ 100.24381165, -0.459325259999953 ], [ 100.24376755, -0.45939742999997 ], [ 100.24370945, -0.459467639999957 ], [ 100.24364732, -0.459521868999957 ], [ 100.243624311, -0.45954194899998 ], [ 100.243569551, -0.459574118999966 ], [ 100.243659961, -0.459697697999962 ], [ 100.24368629, -0.459757947999951 ], [ 100.24368492, -0.459777849999966 ], [ 100.24368179, -0.459823437999948 ], [ 100.24359719, -0.459996087999966 ], [ 100.243559611, -0.460242047999942 ], [ 100.243601971, -0.460478528999951 ], [ 100.243736, -0.460625128999942 ], [ 100.243866372, -0.460711027999939 ], [ 100.24394055, -0.460759889999969 ], [ 100.24454713, -0.46104593899998 ], [ 100.244625401, -0.461097337999949 ], [ 100.244784521, -0.461201816999961 ], [ 100.244808813, -0.461247665999967 ], [ 100.244816501, -0.461262177999974 ], [ 100.24482303, -0.461274497999969 ], [ 100.24485659, -0.461337829999934 ], [ 100.244860591, -0.461345389999969 ], [ 100.244882849, -0.461477208999963 ], [ 100.24487819, -0.461604319999938 ], [ 100.244809981, -0.461788958999942 ], [ 100.24478414, -0.461855338999964 ], [ 100.244725, -0.462007249999939 ], [ 100.244628191, -0.46225590899997 ], [ 100.244556789, -0.462747069999985 ], [ 100.244540187, -0.46288216199997 ], [ 100.244534431, -0.462928998999936 ], [ 100.244444921, -0.463657428999968 ], [ 100.2444377, -0.463716228999949 ], [ 100.244440832, -0.463766779999959 ], [ 100.244459131, -0.464061786999939 ], [ 100.244526371, -0.464421149999969 ], [ 100.24452487, -0.464537877999931 ], [ 100.24453149, -0.464760337999969 ], [ 100.24453255, -0.464795888999959 ], [ 100.24464234, -0.465194908999934 ], [ 100.24466539, -0.465278708999965 ], [ 100.24470241, -0.465362396999987 ], [ 100.24496815, -0.46596320899994 ], [ 100.2449805, -0.465992868999935 ], [ 100.245056011, -0.466174167999948 ], [ 100.245196451, -0.466511357999934 ], [ 100.245209571, -0.46665358799993 ], [ 100.245187641, -0.466752957999974 ], [ 100.245131681, -0.466846816999983 ], [ 100.245112361, -0.466862668999968 ], [ 100.245000021, -0.466954857999957 ], [ 100.244975211, -0.466964157999935 ], [ 100.244902521, -0.466991397999954 ], [ 100.244887439, -0.467002037999984 ], [ 100.244850799, -0.467032898999943 ], [ 100.244819251, -0.467065929999939 ], [ 100.244794569, -0.46709925799996 ], [ 100.244787121, -0.467117527999962 ], [ 100.244783359, -0.467139436999969 ], [ 100.24478144, -0.467175677999933 ], [ 100.24478144, -0.467178443999964 ], [ 100.24478146, -0.467308218999956 ], [ 100.244784511, -0.467374057999971 ], [ 100.244792301, -0.467442937999976 ], [ 100.244805061, -0.467533637999974 ], [ 100.244811119, -0.467587888999956 ], [ 100.244815851, -0.467630346999961 ], [ 100.24482631, -0.467797398999951 ], [ 100.24483045, -0.46787214699998 ], [ 100.244835961, -0.467930296999962 ], [ 100.244856611, -0.468009228999963 ], [ 100.244879132, -0.468066557999971 ], [ 100.244957881, -0.468207077999983 ], [ 100.244974911, -0.468239518999955 ], [ 100.245010091, -0.468279339999921 ], [ 100.245065662, -0.468392367999974 ], [ 100.24506802, -0.46840366899994 ], [ 100.245119811, -0.468451948999931 ], [ 100.245183869, -0.468518419999957 ], [ 100.245195539, -0.468534968999969 ], [ 100.245237391, -0.46859432799994 ], [ 100.245274461, -0.468694167999967 ], [ 100.24527454, -0.468694427999944 ], [ 100.24529584, -0.468771377999927 ], [ 100.245309241, -0.468834837999975 ], [ 100.245334629, -0.468905778999958 ], [ 100.24536363, -0.468968317999953 ], [ 100.245416141, -0.469049098999959 ], [ 100.245467821, -0.469121278999987 ], [ 100.245469061, -0.469123008999931 ], [ 100.24549383, -0.469153807999941 ], [ 100.245516311, -0.469181757999939 ], [ 100.24553413, -0.469212249999948 ], [ 100.245560921, -0.46925807799994 ], [ 100.245600041, -0.469359628999941 ], [ 100.245601341, -0.46947219999993 ], [ 100.245578346, -0.469593315999931 ], [ 100.245567011, -0.469653018999964 ], [ 100.24571792, -0.469675188999934 ], [ 100.24578439, -0.469671648999965 ], [ 100.24587709, -0.469661978999967 ], [ 100.24602437, -0.469671838999942 ], [ 100.24611207, -0.46968358899994 ], [ 100.24615257, -0.46968901899994 ], [ 100.24622432, -0.469690348999969 ], [ 100.24634766, -0.469693728999972 ], [ 100.24638377, -0.469703638999932 ], [ 100.24646678, -0.469726408999981 ], [ 100.24658202, -0.469772178999965 ], [ 100.24670579, -0.469815438999946 ], [ 100.24677958, -0.469826038999945 ], [ 100.24693083, -0.469859318999968 ], [ 100.24708151, -0.469907878999947 ], [ 100.24719923, -0.469934338999963 ], [ 100.24728868, -0.469935568999972 ], [ 100.24740519, -0.469934138999976 ], [ 100.24750957, -0.469928278999932 ], [ 100.24762859, -0.469925508999949 ], [ 100.24776855, -0.469900688999935 ], [ 100.24790514, -0.469909158999946 ], [ 100.24804024, -0.469969808999963 ], [ 100.24834602, -0.470066148999933 ], [ 100.24874094, -0.470153718999939 ], [ 100.24899375, -0.470214758999931 ], [ 100.24925811, -0.470351358999957 ], [ 100.24958845, -0.470611778999972 ], [ 100.24959239, -0.471465728999927 ], [ 100.24959241, -0.471615898999976 ], [ 100.24963027, -0.471785088999983 ], [ 100.24969252, -0.471979958999955 ], [ 100.24979218, -0.47226094899998 ], [ 100.24991977, -0.472409398999956 ], [ 100.25026014, -0.472501028999946 ], [ 100.25041705, -0.472437628999957 ], [ 100.25066152, -0.472511388999985 ], [ 100.25111638, -0.472681428999987 ], [ 100.25124824, -0.472794198999972 ], [ 100.25128889, -0.472838238999943 ], [ 100.251566091, -0.473138558999955 ], [ 100.25157296, -0.47316580799998 ], [ 100.251574291, -0.47317109399995 ], [ 100.25181775, -0.474137158999958 ], [ 100.252014831, -0.474442178999948 ], [ 100.252278699, -0.47462467699996 ], [ 100.25249988, -0.47477764999997 ], [ 100.252848529, -0.475113148999978 ], [ 100.253015289, -0.475372417999952 ], [ 100.253303339, -0.475875698999976 ], [ 100.253485271, -0.47624173799995 ], [ 100.253712671, -0.47654674799998 ], [ 100.254000672, -0.476805988999963 ], [ 100.25415225, -0.476866977999976 ], [ 100.254776031, -0.476944657999988 ], [ 100.25502934, -0.476571568999939 ], [ 100.255401431, -0.476294907999939 ], [ 100.25587989, -0.476165028999965 ], [ 100.256092031, -0.475951457999946 ], [ 100.256319291, -0.475539588999941 ], [ 100.2564436, -0.475420137999945 ], [ 100.25706447, -0.475309938999941 ], [ 100.257662649, -0.475203777999985 ], [ 100.257662734, -0.475203891999973 ], [ 100.258475811, -0.476277157999968 ], [ 100.259156611, -0.477175809999954 ], [ 100.259350363, -0.477431555999946 ], [ 100.259406639, -0.477505838999953 ], [ 100.25966103, -0.477956718999967 ], [ 100.259716561, -0.47805513899994 ], [ 100.259759761, -0.478131716999947 ], [ 100.259811299, -0.478223047999962 ], [ 100.25993255, -0.478437948999955 ], [ 100.2599711, -0.47868630899995 ], [ 100.25997425, -0.478706579999943 ], [ 100.260092259, -0.479466838999947 ], [ 100.260234491, -0.479627628999943 ], [ 100.260639531, -0.480085498999923 ], [ 100.26124167, -0.479865178999949 ], [ 100.26172221, -0.479689349999946 ], [ 100.26220488, -0.479620458999943 ], [ 100.262305219, -0.479606138999937 ], [ 100.26278105, -0.479538219999941 ], [ 100.26325975, -0.479264678999928 ], [ 100.263280731, -0.479252687999973 ], [ 100.263710559, -0.479031638999973 ], [ 100.263717755, -0.479027938999936 ], [ 100.263779621, -0.478996117999938 ], [ 100.264330101, -0.478713017999951 ], [ 100.26499478, -0.478404818999944 ], [ 100.26527074, -0.478267987999978 ], [ 100.26602799, -0.477892507999969 ], [ 100.266867559, -0.477782998999946 ], [ 100.26694164, -0.477773337999962 ], [ 100.2670198, -0.47776313899994 ], [ 100.26733989, -0.477721388999963 ], [ 100.26757623, -0.477690559999932 ], [ 100.2681021, -0.477159839999962 ], [ 100.26826187, -0.476998598999957 ], [ 100.269974661, -0.475270007999944 ], [ 100.271617161, -0.47410930799993 ], [ 100.27231079, -0.473619139999936 ], [ 100.2728762, -0.473219587999948 ], [ 100.273356811, -0.472879948999946 ], [ 100.27350867, -0.471627157999938 ], [ 100.27371758, -0.469903657999971 ], [ 100.273754901, -0.469845277999979 ], [ 100.274787102, -0.468230807999929 ], [ 100.2752135, -0.467563886999931 ], [ 100.275476299, -0.467152838999943 ], [ 100.275440531, -0.466244688999956 ], [ 100.275407791, -0.465413328999952 ], [ 100.27723096, -0.464385618999932 ], [ 100.278133711, -0.464085567999974 ], [ 100.27931446, -0.463693108999959 ], [ 100.280511779, -0.463295148999984 ], [ 100.28066119, -0.463245487999931 ], [ 100.281131212, -0.463089259999952 ], [ 100.282268531, -0.462421308999979 ], [ 100.28317257, -0.461544607999945 ], [ 100.28358545, -0.461425397999967 ], [ 100.28448805, -0.461425228999938 ], [ 100.286371831, -0.45953108999993 ], [ 100.2878356, -0.456422308999948 ], [ 100.288917261, -0.455070048999976 ], [ 100.28940214, -0.454431488999939 ], [ 100.28953949, -0.454306548999974 ], [ 100.289744729, -0.454046278999955 ], [ 100.289891084, -0.45386067399994 ], [ 100.28990506, -0.453842948999978 ], [ 100.29028906, -0.453575218999959 ], [ 100.2923556, -0.451962318999963 ], [ 100.29305764, -0.451200918999977 ], [ 100.29568943, -0.446738669999951 ], [ 100.295689451, -0.446738649999937 ], [ 100.29587303, -0.446409309999988 ], [ 100.29590762, -0.446368729999958 ], [ 100.296004, -0.446205299999977 ], [ 100.29677715, -0.445276969999952 ], [ 100.298180199, -0.443592309999933 ], [ 100.29829168, -0.44345845 ], [ 100.29923147, -0.442353659999985 ], [ 100.29965527, -0.441972059999955 ], [ 100.29968158, -0.44194118999997 ], [ 100.29983847, -0.440834189999982 ], [ 100.300452851, -0.44001658099995 ], [ 100.306434541, -0.432056309999951 ], [ 100.308680051, -0.43095608999994 ], [ 100.31229756, -0.429113479999954 ], [ 100.315065321, -0.429168720999949 ], [ 100.315333521, -0.429174078999958 ], [ 100.31606439, -0.428382421 ], [ 100.31692405, -0.427596372999969 ], [ 100.31713772, -0.427401 ], [ 100.31776582, -0.42669028099994 ], [ 100.31827827, -0.426110429999937 ], [ 100.318698869, -0.42563451099994 ], [ 100.31874537, -0.425679949999971 ], [ 100.318797989, -0.425731369999934 ], [ 100.31904047, -0.425968320999976 ], [ 100.319423371, -0.426342499999977 ], [ 100.32091521, -0.42780031999996 ], [ 100.320905138, -0.429479028999944 ], [ 100.32090167, -0.430056508999951 ], [ 100.320894299, -0.431285149999955 ], [ 100.32049659, -0.432485489999975 ], [ 100.32023535, -0.433273936999975 ], [ 100.320178321, -0.433446040999974 ], [ 100.319462309, -0.435318830999961 ], [ 100.318746289, -0.437191628999927 ], [ 100.31806777, -0.438946828999982 ], [ 100.317743859, -0.43978472899994 ], [ 100.31718185, -0.441400138999935 ], [ 100.31674148, -0.44266592999998 ], [ 100.316064221, -0.444709997999955 ], [ 100.31588232, -0.44525900999998 ], [ 100.315452899, -0.447419858999983 ], [ 100.315197401, -0.448062408999943 ], [ 100.314880071, -0.448860470999932 ], [ 100.31445063, -0.45087726999998 ], [ 100.314283761, -0.453400788999944 ], [ 100.31416487, -0.455198868999961 ], [ 100.31416516, -0.456806949999932 ], [ 100.314165361, -0.457935848999966 ], [ 100.314193951, -0.458878688999965 ], [ 100.31426639, -0.461267619999946 ], [ 100.314309501, -0.462689518999985 ], [ 100.315026629, -0.466866871 ], [ 100.31503427, -0.46691419999997 ], [ 100.315203499, -0.467962231999935 ], [ 100.31533785, -0.468794260999973 ], [ 100.31544811, -0.46947709899996 ], [ 100.315887241, -0.472196609999974 ], [ 100.31635507, -0.473353839999963 ], [ 100.317010974, -0.474976296999963 ], [ 100.317750621, -0.476805898999952 ], [ 100.31823966, -0.477113079999926 ], [ 100.31889692, -0.47752592999996 ], [ 100.32147619, -0.479686198999956 ], [ 100.32200912, -0.480000529999934 ], [ 100.325037071, -0.48178649899996 ], [ 100.325286141, -0.482036828999982 ], [ 100.326027541, -0.48278197999998 ], [ 100.326802491, -0.483696298999975 ], [ 100.32720983, -0.484176898999972 ], [ 100.327654801, -0.484701890999929 ], [ 100.32877589, -0.485227119999942 ], [ 100.329367449, -0.48565889799994 ], [ 100.32978384, -0.485962818999951 ], [ 100.330139691, -0.485929069999949 ], [ 100.331105329, -0.485837508999969 ], [ 100.3316363, -0.485787159999975 ], [ 100.33251404, -0.486024918999927 ], [ 100.33309954, -0.48618351099998 ], [ 100.33333302, -0.486246758999924 ], [ 100.333333252, -0.486246897999938 ], [ 100.333334119, -0.486259078999984 ], [ 100.333334469, -0.486260078999983 ], [ 100.3333828, -0.486403709999944 ], [ 100.33340135, -0.486457659999925 ], [ 100.333414169, -0.48648010899996 ], [ 100.333415229, -0.486481960999929 ], [ 100.33344978, -0.486528399999951 ], [ 100.333492799, -0.486566849999977 ], [ 100.333510309, -0.486577558999955 ], [ 100.33354258, -0.486597290999955 ], [ 100.333549161, -0.486601318999936 ], [ 100.33359024, -0.486621400999981 ], [ 100.333611669, -0.48663187899996 ], [ 100.33376524, -0.486694478999938 ], [ 100.333984459, -0.486783838999943 ], [ 100.334249291, -0.486891798999987 ], [ 100.33428093, -0.486904689999958 ], [ 100.334454901, -0.486970658999954 ], [ 100.33452082, -0.486991798999961 ], [ 100.334546911, -0.486996849999973 ], [ 100.334575581, -0.486999149999971 ], [ 100.33461071, -0.48699904999995 ], [ 100.33463939, -0.486992169999951 ], [ 100.33467106, -0.486978300999966 ], [ 100.33467976, -0.486969829999964 ], [ 100.334720101, -0.486953228999938 ], [ 100.33476339, -0.48692400099998 ], [ 100.334807869, -0.486887959999938 ], [ 100.334816901, -0.486879648999953 ], [ 100.334886881, -0.486894379999968 ], [ 100.33490792, -0.486950477999927 ], [ 100.335384721, -0.487202899999945 ], [ 100.336141999, -0.487230948999984 ], [ 100.33621066, -0.48722470099995 ], [ 100.336355581, -0.487211529999974 ], [ 100.336423059, -0.487205398999949 ], [ 100.33646449, -0.487201629999955 ], [ 100.336562061, -0.487265378999959 ], [ 100.336615892, -0.487300548999943 ], [ 100.336904501, -0.487166449999964 ], [ 100.33695603, -0.487151560999967 ], [ 100.33695827, -0.487150950999932 ], [ 100.337256601, -0.487163258999951 ], [ 100.337591329, -0.486937969999928 ], [ 100.337596571, -0.486934439999971 ], [ 100.337595041, -0.486926418999931 ], [ 100.337571931, -0.486805078999964 ], [ 100.337570421, -0.486797149999976 ], [ 100.337558541, -0.486773397999971 ], [ 100.33753967, -0.486735639999954 ], [ 100.33743593, -0.486528169999934 ], [ 100.33743836, -0.48652792999997 ], [ 100.337436801, -0.48652481899996 ], [ 100.337446, -0.48651868899998 ], [ 100.33744661, -0.486518278999942 ], [ 100.337444681, -0.486514748999982 ], [ 100.337427, -0.486482319999937 ], [ 100.33745369, -0.486420398999937 ], [ 100.33755614, -0.486182727999962 ], [ 100.337590441, -0.486103139999959 ], [ 100.337596991, -0.486087858999958 ], [ 100.33763337, -0.48605754099998 ], [ 100.337688291, -0.486011778999966 ], [ 100.337691299, -0.486009269999954 ], [ 100.338006411, -0.486074919999964 ], [ 100.33822962, -0.486140569999979 ], [ 100.338452829, -0.486219348999958 ], [ 100.33859042, -0.486233829999958 ], [ 100.33895176, -0.486271868999956 ], [ 100.339325961, -0.486271868999956 ], [ 100.339562861, -0.486271868999956 ], [ 100.33965696, -0.486297679999959 ], [ 100.33977107, -0.486326378999933 ], [ 100.33994579, -0.48630838999998 ], [ 100.340173999, -0.486304758999949 ], [ 100.34033803, -0.486340619999966 ], [ 100.34048066, -0.486347769999955 ], [ 100.340623291, -0.486347739999932 ], [ 100.340822971, -0.486336937999965 ], [ 100.34109041, -0.486358418999952 ], [ 100.341611031, -0.486462418999968 ], [ 100.341907, -0.486509019999976 ], [ 100.342192261, -0.486526909999952 ], [ 100.342268971, -0.486526898999952 ], [ 100.34233846, -0.486526880999974 ], [ 100.342491781, -0.486508900999981 ], [ 100.342548832, -0.486498120999957 ], [ 100.342583612, -0.486470709999936 ], [ 100.342630831, -0.486433497999948 ], [ 100.342748471, -0.486271938999954 ], [ 100.342862551, -0.486142680999934 ], [ 100.343008721, -0.48601342899997 ], [ 100.343151339, -0.485934428999946 ], [ 100.343295222, -0.485875135999959 ], [ 100.34330822, -0.485869779999981 ], [ 100.3437147, -0.485787138999963 ], [ 100.343943491, -0.485745209999958 ], [ 100.344433761, -0.485631439999967 ], [ 100.34451104, -0.485617109999965 ], [ 100.345289512, -0.485472728999983 ], [ 100.34554504, -0.485367978999933 ], [ 100.345750051, -0.485266228999929 ], [ 100.34599664, -0.485047808999979 ], [ 100.345997031, -0.485047498999964 ], [ 100.346151131, -0.484925129999963 ], [ 100.34638003, -0.484763318999968 ], [ 100.34646012, -0.484706698999959 ], [ 100.346614619, -0.484596587999939 ], [ 100.34681427, -0.484452959999945 ], [ 100.34691607, -0.48438619899998 ], [ 100.34701868, -0.484318899999957 ], [ 100.347156549, -0.484275799999977 ], [ 100.347216601, -0.484265980999974 ], [ 100.347332451, -0.484247048999981 ], [ 100.347484589, -0.48421350999996 ], [ 100.34765572, -0.484117758999952 ], [ 100.347812599, -0.484026788999936 ], [ 100.348002741, -0.483878369999959 ], [ 100.348131091, -0.483796979999974 ], [ 100.34835927, -0.483638990999973 ], [ 100.34841602, -0.483597959999949 ], [ 100.348544661, -0.483504939999931 ], [ 100.34868253, -0.483457050999957 ], [ 100.348815641, -0.483413949999951 ], [ 100.34901532, -0.483385189999989 ], [ 100.349064261, -0.483375648999928 ], [ 100.34924589, -0.483340218999957 ], [ 100.3495522, -0.483130638999972 ], [ 100.349728381, -0.482949508999985 ], [ 100.34986623, -0.48280110899998 ], [ 100.34996129, -0.482667069999934 ], [ 100.350089601, -0.482389448999927 ], [ 100.350175151, -0.482250628999968 ], [ 100.350303491, -0.482116589999973 ], [ 100.35042484, -0.481982919999958 ], [ 100.3504556, -0.481949039999961 ], [ 100.350728931, -0.481740788999952 ], [ 100.350759999, -0.481722248999979 ], [ 100.351306519, -0.481396068999967 ], [ 100.351976799, -0.480986709999971 ], [ 100.35238316, -0.480775869999944 ], [ 100.35244743, -0.480742519999984 ], [ 100.352616569, -0.480705848999953 ], [ 100.353010791, -0.480620359999928 ], [ 100.35334492, -0.480539560999942 ], [ 100.353545629, -0.480491028999948 ], [ 100.35391646, -0.480455058999953 ], [ 100.353965752, -0.480453338999949 ], [ 100.35397259, -0.480453098999937 ], [ 100.35433008, -0.480440618999979 ], [ 100.354750841, -0.480469248999959 ], [ 100.355127549, -0.480576498999945 ], [ 100.355128839, -0.48057686099998 ], [ 100.355369598, -0.480663816999943 ], [ 100.355406981, -0.480677318999944 ], [ 100.35565581, -0.480730928999942 ], [ 100.355729361, -0.480750189999987 ], [ 100.35578048, -0.480758129999978 ], [ 100.355876741, -0.480774160999949 ], [ 100.355904411, -0.480781449999945 ], [ 100.355935801, -0.480793947999936 ], [ 100.35597178, -0.480808259999954 ], [ 100.35599034, -0.480815649999966 ], [ 100.3560582, -0.480858158999983 ], [ 100.356184071, -0.48097227899996 ], [ 100.35629364, -0.481071609999969 ], [ 100.3563372, -0.481108168999924 ], [ 100.35646352, -0.481214178999953 ], [ 100.356491129, -0.481237348 ], [ 100.356781229, -0.481480798999941 ], [ 100.35684522, -0.481539598999974 ], [ 100.35708711, -0.481761858999964 ], [ 100.35728659, -0.481945148999962 ], [ 100.35729005, -0.481948328999977 ], [ 100.357346131, -0.481999859999981 ], [ 100.357369051, -0.482044529999939 ], [ 100.357391611, -0.482093818999949 ], [ 100.357418081, -0.48220002899996 ], [ 100.357424781, -0.482263879999959 ], [ 100.35742526, -0.482318859999967 ], [ 100.35742346, -0.482348038999934 ], [ 100.35741902, -0.482419948999956 ], [ 100.357407329, -0.482501157999934 ], [ 100.357402431, -0.482566788999977 ], [ 100.357362331, -0.482759869999939 ], [ 100.357321739, -0.482955329999931 ], [ 100.357320511, -0.482961220999926 ], [ 100.357308671, -0.483019439999975 ], [ 100.357284511, -0.483138268999944 ], [ 100.357244849, -0.483333330999928 ], [ 100.357229149, -0.483410538999989 ], [ 100.357205061, -0.483528969999959 ], [ 100.3571701, -0.483759269999947 ], [ 100.35713974, -0.483959258999962 ], [ 100.357128801, -0.484031270999932 ], [ 100.357077451, -0.484369478999956 ], [ 100.35707221, -0.484428498999938 ], [ 100.357067051, -0.484486509999958 ], [ 100.357066901, -0.484548468999953 ], [ 100.357078549, -0.48462013799998 ], [ 100.357097791, -0.484668668999981 ], [ 100.35712187, -0.48471273899998 ], [ 100.357333369, -0.484982928999963 ], [ 100.35736044, -0.485017510999965 ], [ 100.357825221, -0.485411718999968 ], [ 100.357856689, -0.485438399999969 ], [ 100.35794213, -0.485510860999973 ], [ 100.35797349, -0.485537467999969 ], [ 100.358038471, -0.485592578999957 ], [ 100.358216831, -0.485740200999946 ], [ 100.358333331, -0.485836628999949 ], [ 100.358380001, -0.48587525899996 ], [ 100.358445061, -0.485929107999941 ], [ 100.35852281, -0.485991910999927 ], [ 100.358584021, -0.486024339999977 ], [ 100.358597759, -0.486031610999938 ], [ 100.35864688, -0.486044947999973 ], [ 100.358715669, -0.486066629999923 ], [ 100.358718521, -0.486067018999966 ], [ 100.359007479, -0.486106400999977 ], [ 100.35903015, -0.48611110999997 ], [ 100.359087132, -0.486122939999982 ], [ 100.3591451, -0.486143398999962 ], [ 100.359161601, -0.486153619999926 ], [ 100.35919053, -0.486171540999984 ], [ 100.359229022, -0.486200929999935 ], [ 100.359241599, -0.486216490999936 ], [ 100.35928905, -0.486275229999931 ], [ 100.359323021, -0.486323449999927 ], [ 100.359408611, -0.48644492799998 ], [ 100.359427009, -0.486471030999955 ], [ 100.35947734, -0.48654246999997 ], [ 100.359532889, -0.486621308999927 ], [ 100.359557119, -0.486650459999968 ], [ 100.359583901, -0.486682689999963 ], [ 100.359640181, -0.486726029999947 ], [ 100.35969567, -0.486773198999979 ], [ 100.35973339, -0.486795708999986 ], [ 100.35975414, -0.486808088999969 ], [ 100.35982058, -0.48683728899994 ], [ 100.35982951, -0.486841209999964 ], [ 100.35990417, -0.486879828999971 ], [ 100.359969001, -0.486915950999958 ], [ 100.36005985, -0.486966577999961 ], [ 100.360125461, -0.487003137999987 ], [ 100.360192931, -0.487034539999968 ], [ 100.36026471, -0.487063817999974 ], [ 100.3603713, -0.487099068999964 ], [ 100.360430009, -0.487107629999969 ], [ 100.36050274, -0.487122950999949 ], [ 100.36058642, -0.487138310999973 ], [ 100.360750211, -0.487168379999957 ], [ 100.360959751, -0.487206839999943 ], [ 100.360986869, -0.487214858999946 ], [ 100.361109171, -0.487251018999928 ], [ 100.36111111, -0.48725158999997 ], [ 100.361231009, -0.487287038999972 ], [ 100.361389519, -0.487333899999953 ], [ 100.36153702, -0.487377509999928 ], [ 100.36162172, -0.48740255099995 ], [ 100.361663979, -0.487409629999953 ], [ 100.361768701, -0.487427169999937 ], [ 100.361850451, -0.487440859999941 ], [ 100.361958331, -0.487458928999961 ], [ 100.362066899, -0.487477108999949 ], [ 100.362184931, -0.487496878999934 ], [ 100.36223255, -0.487504849999947 ], [ 100.362276411, -0.487507537999933 ], [ 100.362371821, -0.48751336899995 ], [ 100.36247123, -0.48751944899993 ], [ 100.362575742, -0.487525839999933 ], [ 100.362653911, -0.487530619999981 ], [ 100.362693799, -0.487533059999981 ], [ 100.36316265, -0.487577590999933 ], [ 100.363840159, -0.487663608999984 ], [ 100.364432091, -0.487785530999934 ], [ 100.36475302, -0.487842899999981 ], [ 100.364955219, -0.487890110999958 ], [ 100.364958041, -0.487890769999984 ], [ 100.365152401, -0.487936149999938 ], [ 100.36545907, -0.488007879999948 ], [ 100.365758592, -0.488036538999956 ], [ 100.365993941, -0.48807956099995 ], [ 100.36625288, -0.488116748999972 ], [ 100.366293471, -0.48812257899993 ], [ 100.36642393, -0.488138 ], [ 100.366657182, -0.488165579999927 ], [ 100.366788061, -0.488181280999925 ], [ 100.367135001, -0.488222917999965 ], [ 100.36741312, -0.488158248999984 ], [ 100.36755573, -0.488057708999977 ], [ 100.36781242, -0.487849458999962 ], [ 100.36818321, -0.487619639999941 ], [ 100.36842565, -0.487490368999951 ], [ 100.368753679, -0.487382609999944 ], [ 100.369067451, -0.487353829999972 ], [ 100.36932297, -0.487281078999961 ], [ 100.36939548, -0.487260429999938 ], [ 100.369723521, -0.487238829999971 ], [ 100.37015143, -0.487339249999944 ], [ 100.370429571, -0.487410988999953 ], [ 100.370702291, -0.487443617999933 ], [ 100.370729101, -0.487446819999951 ], [ 100.371199771, -0.487446728999942 ], [ 100.37126406, -0.48744272899995 ], [ 100.371299999, -0.487440497999961 ], [ 100.371328639, -0.487684178999924 ], [ 100.371332211, -0.487703628999954 ], [ 100.371376201, -0.487942758999965 ], [ 100.37140059, -0.488075319999951 ], [ 100.37142187, -0.488191000999961 ], [ 100.37143031, -0.488285959999931 ], [ 100.371433519, -0.488318109999969 ], [ 100.371434601, -0.488329019999985 ], [ 100.37143751, -0.488358158999984 ], [ 100.37144902, -0.488437249999943 ], [ 100.371464171, -0.488507987999987 ], [ 100.371479851, -0.488574098999949 ], [ 100.371490101, -0.488600780999943 ], [ 100.371494431, -0.488612060999967 ], [ 100.371530371, -0.488709610999928 ], [ 100.371554101, -0.488774018999955 ], [ 100.371582431, -0.488850908999948 ], [ 100.37158727, -0.488864029999946 ], [ 100.371597431, -0.488888888999958 ], [ 100.37163184, -0.488973019999948 ], [ 100.371638772, -0.488989988999952 ], [ 100.371664129, -0.489060020999953 ], [ 100.37168533, -0.489127678999983 ], [ 100.37168831, -0.489137188999965 ], [ 100.371708659, -0.489212820999977 ], [ 100.371713842, -0.489273369999979 ], [ 100.371714629, -0.489282500999941 ], [ 100.37171335, -0.489360787999941 ], [ 100.37170407, -0.489444688999924 ], [ 100.371702911, -0.489455139999969 ], [ 100.37170932, -0.489545449999985 ], [ 100.37173092, -0.489643468999936 ], [ 100.371751409, -0.489727608999941 ], [ 100.37178802, -0.489877970999943 ], [ 100.37186888, -0.49005982999996 ], [ 100.37194974, -0.490232117999942 ], [ 100.372040099, -0.490361320999975 ], [ 100.372106671, -0.490447459999933 ], [ 100.372292111, -0.490550328999972 ], [ 100.372439491, -0.490555079999987 ], [ 100.372577371, -0.490567018999974 ], [ 100.37264136, -0.490571600999947 ], [ 100.372660571, -0.490572979999972 ], [ 100.3727735, -0.490632788999961 ], [ 100.3728308, -0.490686329999966 ], [ 100.372911881, -0.490792939999945 ], [ 100.373072151, -0.490889100999944 ], [ 100.373123371, -0.490913927999938 ], [ 100.373194881, -0.490948579999956 ], [ 100.373308431, -0.491003607999983 ], [ 100.373622242, -0.491139948999945 ], [ 100.374028771, -0.491308569999947 ], [ 100.37429979, -0.491423380999942 ], [ 100.374702741, -0.491559707999965 ], [ 100.37484758, -0.491605238999968 ], [ 100.375, -0.491687319999932 ], [ 100.375050751, -0.491714649999953 ], [ 100.375183879, -0.491743339999983 ], [ 100.375401001, -0.491777808999935 ], [ 100.375535721, -0.491799189999936 ], [ 100.375545212, -0.491800698999962 ], [ 100.37614426, -0.491819719999965 ], [ 100.376553121, -0.491790918999933 ], [ 100.37698047, -0.491774597999955 ], [ 100.377057071, -0.491771668999951 ], [ 100.37772267, -0.491742809999959 ], [ 100.377827261, -0.491742789999941 ], [ 100.378029441, -0.49173143999997 ], [ 100.37859745, -0.491699558999925 ], [ 100.378861301, -0.491670780999936 ], [ 100.37928205, -0.491634799999931 ], [ 100.379595821, -0.491577299999969 ], [ 100.38000229, -0.491469529999966 ], [ 100.38034189, -0.491341759999961 ], [ 100.380594151, -0.49124684999993 ], [ 100.38127871, -0.490952359999949 ], [ 100.382041711, -0.490679389999968 ], [ 100.382405392, -0.490571628999933 ], [ 100.382940211, -0.490384858999965 ], [ 100.383213411, -0.490287000999957 ], [ 100.383333331, -0.490244049999942 ], [ 100.383368699, -0.490231388999978 ], [ 100.383581991, -0.490154989999954 ], [ 100.38362354, -0.490145419999977 ], [ 100.383692731, -0.490129479999949 ], [ 100.383887569, -0.49008460899995 ], [ 100.38393526, -0.490073620999964 ], [ 100.384013511, -0.490053159999945 ], [ 100.384264531, -0.489987530999937 ], [ 100.38451413, -0.489965948999947 ], [ 100.384745891, -0.489937179999971 ], [ 100.38485462, -0.489898848999931 ], [ 100.38488851, -0.489886898999946 ], [ 100.38508104, -0.489786348999926 ], [ 100.38533061, -0.489642709999948 ], [ 100.38555166, -0.489524209999966 ], [ 100.385772711, -0.489445189999965 ], [ 100.38603657, -0.489423599999953 ], [ 100.386292731, -0.489449329999961 ], [ 100.38635749, -0.489455838999962 ], [ 100.386792519, -0.489498819999946 ], [ 100.387380841, -0.489426909999966 ], [ 100.387965609, -0.489383709999966 ], [ 100.38798465, -0.489383709 ], [ 100.388265121, -0.489383649999989 ], [ 100.388559191, -0.489446678999972 ], [ 100.38870016, -0.489476889999937 ], [ 100.38914946, -0.489577300999937 ], [ 100.38993396, -0.489806869999937 ], [ 100.390278909, -0.489945697999937 ], [ 100.39036188, -0.489979088999975 ], [ 100.390818341, -0.490244619999949 ], [ 100.39131047, -0.490538860999954 ], [ 100.39136437, -0.490573009999943 ], [ 100.391695611, -0.490782877999959 ], [ 100.39197376, -0.490883320999952 ], [ 100.392266151, -0.490926338999938 ], [ 100.392736831, -0.490969317999947 ], [ 100.393150451, -0.490962049999959 ], [ 100.393268111, -0.49095820099996 ], [ 100.393371521, -0.490954820999944 ], [ 100.39335051, -0.491008919999957 ], [ 100.393320851, -0.491085260999968 ], [ 100.393311871, -0.491108388999983 ], [ 100.393307379, -0.491119958999949 ], [ 100.393193339, -0.491414328999954 ], [ 100.393007991, -0.491766148999954 ], [ 100.392779859, -0.492089258999961 ], [ 100.392561669, -0.49232557999994 ], [ 100.392538411, -0.492341689999929 ], [ 100.392501771, -0.492367079999952 ], [ 100.39246191, -0.492394700999979 ], [ 100.392423081, -0.492421608999967 ], [ 100.392417051, -0.492425787999938 ], [ 100.392386699, -0.492446818999958 ], [ 100.392351272, -0.492471359999972 ], [ 100.392314301, -0.492496978999955 ], [ 100.392275521, -0.492523848999949 ], [ 100.39225015, -0.492541428999981 ], [ 100.39223697, -0.492550559999925 ], [ 100.392216751, -0.49256456899997 ], [ 100.39219145, -0.49258209999994 ], [ 100.392145371, -0.492614028999984 ], [ 100.39210517, -0.492641887999985 ], [ 100.392069029, -0.492666927999952 ], [ 100.392034619, -0.492690769999969 ], [ 100.391998199, -0.492716008999941 ], [ 100.391956299, -0.492745038999951 ], [ 100.39191224, -0.492775560999981 ], [ 100.391898281, -0.492785237999957 ], [ 100.391852809, -0.492823810999932 ], [ 100.391813551, -0.492857118999957 ], [ 100.39178721, -0.492879469999938 ], [ 100.391746669, -0.492913868999955 ], [ 100.39170187, -0.492951869999958 ], [ 100.391666669, -0.492981738999964 ], [ 100.391652409, -0.49299383899996 ], [ 100.391601619, -0.49303692999996 ], [ 100.39155471, -0.493076728999938 ], [ 100.39150704, -0.493117168999965 ], [ 100.391431539, -0.493181228999958 ], [ 100.391399131, -0.493208718999946 ], [ 100.391375551, -0.493232979999971 ], [ 100.391314651, -0.493295648999957 ], [ 100.39125601, -0.493355988999947 ], [ 100.39120642, -0.493407018999971 ], [ 100.391165131, -0.493449499999951 ], [ 100.39110652, -0.493509810999975 ], [ 100.39104203, -0.493576169999927 ], [ 100.390980049, -0.49363994999994 ], [ 100.390917381, -0.49370443799995 ], [ 100.390903621, -0.493718589999958 ], [ 100.39085684, -0.493766728999957 ], [ 100.390811061, -0.493813838999929 ], [ 100.39075958, -0.493866809999929 ], [ 100.390720171, -0.493907358999932 ], [ 100.390710739, -0.493921588999969 ], [ 100.39069083, -0.493951598999955 ], [ 100.39066963, -0.493983560999936 ], [ 100.390630501, -0.494042549999966 ], [ 100.39059319, -0.494098809999974 ], [ 100.39055928, -0.494149938999958 ], [ 100.390520989, -0.494207668999939 ], [ 100.390493371, -0.494249299999985 ], [ 100.390489969, -0.494254439999971 ], [ 100.390483031, -0.494267570999971 ], [ 100.39045096, -0.49432832099996 ], [ 100.39041431, -0.494397738999964 ], [ 100.39038965, -0.494444440999938 ], [ 100.390375631, -0.494470989999972 ], [ 100.39035889, -0.494502708999963 ], [ 100.39034498, -0.494524159999978 ], [ 100.390313499, -0.494572718999968 ], [ 100.390281921, -0.494621400999959 ], [ 100.390277532, -0.494628169999953 ], [ 100.390234359, -0.494679808999934 ], [ 100.39021352, -0.49470471999996 ], [ 100.390189911, -0.494722628999975 ], [ 100.390154302, -0.494749629999942 ], [ 100.39011823, -0.494776988999944 ], [ 100.39011688, -0.494778009999957 ], [ 100.390051361, -0.494814128999967 ], [ 100.389983051, -0.494851788999938 ], [ 100.389943071, -0.494873828999979 ], [ 100.38991355, -0.494890100999963 ], [ 100.389891691, -0.494902149999976 ], [ 100.389879031, -0.49490862999995 ], [ 100.389874419, -0.494910990999933 ], [ 100.389803011, -0.494947538999957 ], [ 100.389717361, -0.494991369999985 ], [ 100.389632999, -0.495034549999953 ], [ 100.38954978, -0.495077139999989 ], [ 100.38947242, -0.495116738999973 ], [ 100.38945499, -0.495125658999948 ], [ 100.389340771, -0.495172218999931 ], [ 100.38922925, -0.495217679999947 ], [ 100.389196599, -0.495230990999979 ], [ 100.389073591, -0.495281138999938 ], [ 100.389060659, -0.49528640999996 ], [ 100.388999011, -0.495311539999934 ], [ 100.388923911, -0.495342158999964 ], [ 100.38888889, -0.495356430999947 ], [ 100.38880612, -0.495390178999977 ], [ 100.388711711, -0.49542866099996 ], [ 100.388694151, -0.495435819999959 ], [ 100.388634951, -0.495462668999952 ], [ 100.38860702, -0.495475329999982 ], [ 100.38856339, -0.495495110999966 ], [ 100.38848431, -0.495530970999943 ], [ 100.38840153, -0.495568508999959 ], [ 100.388335771, -0.495598328999972 ], [ 100.388277269, -0.495624857999926 ], [ 100.388218731, -0.495651398999936 ], [ 100.388123551, -0.495694550999935 ], [ 100.388105111, -0.495702729999957 ], [ 100.388086879, -0.495710810999924 ], [ 100.38801524, -0.495742568999969 ], [ 100.388010299, -0.495744959999977 ], [ 100.387882591, -0.49580678999997 ], [ 100.38786515, -0.495815238999975 ], [ 100.387779421, -0.495860208999952 ], [ 100.387771229, -0.495864769999978 ], [ 100.38767978, -0.495915708999978 ], [ 100.387625741, -0.495951330999961 ], [ 100.38762138, -0.495954209999983 ], [ 100.387595069, -0.49597155899995 ], [ 100.387527461, -0.496033088999985 ], [ 100.387526551, -0.496034188999951 ], [ 100.38746678, -0.49610646899993 ], [ 100.387448199, -0.496140189999951 ], [ 100.387417532, -0.496195829999985 ], [ 100.387385171, -0.496278617999966 ], [ 100.38738308, -0.496285088999978 ], [ 100.38734265, -0.496410000999968 ], [ 100.38730397, -0.496529529999974 ], [ 100.387270299, -0.49663356999997 ], [ 100.387254381, -0.496682748999947 ], [ 100.3872016, -0.496897729999949 ], [ 100.38719366, -0.496961108999925 ], [ 100.387179909, -0.497070949999967 ], [ 100.3871759, -0.497102939999933 ], [ 100.387172381, -0.497120990999975 ], [ 100.387162821, -0.497170079999938 ], [ 100.387152669, -0.497222219999978 ], [ 100.38715192, -0.497226050999937 ], [ 100.38714341, -0.497250749999986 ], [ 100.387139161, -0.497263069999981 ], [ 100.387097391, -0.497384269999942 ], [ 100.38709614, -0.497387909999936 ], [ 100.387085311, -0.497419320999945 ], [ 100.38704324, -0.49749842999995 ], [ 100.38703589, -0.497512249999953 ], [ 100.38702281, -0.497529018999959 ], [ 100.38700378, -0.497553409999965 ], [ 100.386966981, -0.497600580999976 ], [ 100.386959169, -0.497610599999975 ], [ 100.38695208, -0.49761748899994 ], [ 100.386840781, -0.49772559899998 ], [ 100.38680656, -0.49775883899997 ], [ 100.38675392, -0.497798379999957 ], [ 100.38663665, -0.497886469999977 ], [ 100.386597391, -0.497915959999949 ], [ 100.386542571, -0.497957339999974 ], [ 100.386477411, -0.49800652999995 ], [ 100.386457919, -0.498024059999974 ], [ 100.38637521, -0.498098438999939 ], [ 100.386339661, -0.498130399999985 ], [ 100.386327441, -0.49814705899996 ], [ 100.38630642, -0.498175718999966 ], [ 100.386285851, -0.498203750999957 ], [ 100.38626536, -0.498238400999986 ], [ 100.386236201, -0.498287699999941 ], [ 100.38622936, -0.498299268999983 ], [ 100.386173781, -0.498401597999937 ], [ 100.386165869, -0.498416170999973 ], [ 100.38612185, -0.498542519999951 ], [ 100.38611111, -0.498573988999971 ], [ 100.386107001, -0.498586028999972 ], [ 100.386105621, -0.498590068999943 ], [ 100.386080761, -0.498662909999951 ], [ 100.386038999, -0.498755419999954 ], [ 100.386011699, -0.498799798999935 ], [ 100.38599757, -0.498822760999931 ], [ 100.385987181, -0.498839648999931 ], [ 100.385918499, -0.498930459999935 ], [ 100.385820361, -0.49903025999993 ], [ 100.385788849, -0.499058219999951 ], [ 100.38574473, -0.499097359999951 ], [ 100.385708261, -0.499128989999982 ], [ 100.38559344, -0.499228588999938 ], [ 100.385551381, -0.499261 ], [ 100.3853665, -0.499403508999932 ], [ 100.38530231, -0.499452980999936 ], [ 100.385257541, -0.499487489999984 ], [ 100.38521002, -0.499524119999936 ], [ 100.38515989, -0.499555799999937 ], [ 100.385083201, -0.499604269999969 ], [ 100.385033661, -0.499635579999961 ], [ 100.384991741, -0.499662079999957 ], [ 100.384962839, -0.499676299999981 ], [ 100.38486305, -0.499725389999988 ], [ 100.38482357, -0.499744818999947 ], [ 100.384670611, -0.499820060999987 ], [ 100.38455605, -0.499876420999966 ], [ 100.384451291, -0.499927958999936 ], [ 100.38440705, -0.499949728999975 ], [ 100.384390289, -0.499957969999972 ], [ 100.384377071, -0.499964469999947 ], [ 100.384367989, -0.499968117999975 ], [ 100.38435528, -0.499973208999963 ], [ 100.384343149, -0.499978070999929 ], [ 100.384328291, -0.499984029999957 ], [ 100.384312381, -0.499990408999966 ], [ 100.384299239, -0.499995678999943 ], [ 100.38428848, -0.5 ], [ 100.384117771, -0.50111357899994 ], [ 100.38410437, -0.501156199999971 ], [ 100.383596159, -0.502772518999966 ], [ 100.383522261, -0.503007537999966 ], [ 100.385206691, -0.508985547999945 ], [ 100.385213329, -0.509009078999948 ], [ 100.38489867, -0.511286149999936 ], [ 100.384743331, -0.512410248999977 ], [ 100.384720149, -0.512578058999963 ], [ 100.384804669, -0.513084888999972 ], [ 100.38512411, -0.515000469999966 ], [ 100.385186908015996, -0.515921514824265 ], [ 100.385227961, -0.516523629999949 ], [ 100.38530147, -0.51760171899997 ], [ 100.385292141, -0.518423989999979 ], [ 100.385279781, -0.519513770999944 ], [ 100.384649559, -0.521166297999973 ], [ 100.384137012, -0.522013808999942 ], [ 100.38409395, -0.522085010999943 ], [ 100.384068081, -0.52218485899994 ], [ 100.38385595, -0.523003660999961 ], [ 100.383459721, -0.524105149999968 ], [ 100.383936521, -0.525902299999931 ], [ 100.390011532, -0.529615258999973 ], [ 100.39112347, -0.531052808999968 ], [ 100.391708889, -0.53193576899997 ], [ 100.392067421, -0.532476537999977 ], [ 100.392156039, -0.53261018899997 ], [ 100.392114571, -0.532916600999952 ], [ 100.39204704, -0.533415678999976 ], [ 100.392037131, -0.533488869999932 ], [ 100.39171736, -0.533780059999973 ], [ 100.39134954, -0.534114998999937 ], [ 100.391203591, -0.534247899999976 ], [ 100.39100809, -0.534604560999982 ], [ 100.389486691, -0.537380129999971 ], [ 100.389298741, -0.537723018999944 ], [ 100.389352119, -0.538698789999961 ], [ 100.38945821, -0.540638519999967 ], [ 100.38957812, -0.540939699999968 ], [ 100.39005224, -0.542130559999977 ], [ 100.39005629, -0.542140739999987 ], [ 100.39092182, -0.543820139999986 ], [ 100.39232023, -0.546533490999938 ], [ 100.39322938, -0.54807803799997 ], [ 100.394623771, -0.550446958999949 ], [ 100.395715821, -0.552376789999923 ], [ 100.395747681, -0.55243308899998 ], [ 100.39593443, -0.552763098999948 ], [ 100.396332051, -0.555398967999966 ], [ 100.396848631, -0.557395779999981 ], [ 100.397722401, -0.558913247999956 ], [ 100.398247981, -0.559520429999965 ], [ 100.399588841, -0.561069488999973 ], [ 100.40255881, -0.564403179999943 ], [ 100.40272284, -0.564451669999937 ], [ 100.40289671, -0.564503069999953 ], [ 100.403314241, -0.564626499999982 ], [ 100.403593029, -0.56470891099998 ], [ 100.403877269, -0.564792939999968 ], [ 100.4043581, -0.564870839999977 ], [ 100.4070729, -0.564294408999957 ], [ 100.407227321, -0.564261618999985 ], [ 100.407231251, -0.564259979999982 ], [ 100.408005099, -0.563937830999976 ], [ 100.409289961, -0.56340294799998 ], [ 100.4096163, -0.563259219999966 ], [ 100.41053064, -0.562856529999973 ], [ 100.411016651, -0.562269308999927 ], [ 100.411859331, -0.561251148999933 ], [ 100.41188532, -0.561264050999969 ], [ 100.412135601, -0.561388310999979 ], [ 100.41311145, -0.561872808999967 ], [ 100.415445781, -0.563629279999933 ], [ 100.416141551, -0.564593149999957 ], [ 100.416625078, -0.565637759999958 ], [ 100.41699124, -0.566428818999957 ], [ 100.417178309, -0.567308697999987 ], [ 100.41750609, -0.568850429999937 ], [ 100.417302751, -0.569396320999944 ], [ 100.417271, -0.569481569999944 ], [ 100.417153501, -0.569703329999929 ], [ 100.416957481, -0.570073289999925 ], [ 100.416722461, -0.571019978999973 ], [ 100.41672247, -0.571034080999935 ], [ 100.416722702, -0.572006047999936 ], [ 100.41683565, -0.572771669999956 ], [ 100.4168798, -0.573070959999946 ], [ 100.417507349, -0.57397798899996 ], [ 100.41752087, -0.574120450999945 ], [ 100.41754991, -0.574426408999956 ], [ 100.417551541, -0.574443588999944 ], [ 100.41758597, -0.574806268999971 ], [ 100.41755461, -0.575133089999952 ], [ 100.41735132, -0.577251778999938 ], [ 100.417234071, -0.578750630999936 ], [ 100.41726005, -0.579115229999962 ], [ 100.41731276, -0.579855009999959 ], [ 100.41772327, -0.581092888999941 ], [ 100.41774437, -0.581156510999962 ], [ 100.41801869, -0.581374710999964 ], [ 100.418303431, -0.581579212999942 ], [ 100.418496841, -0.581718118999961 ], [ 100.41851807, -0.581787109999937 ], [ 100.41899919, -0.582605009999956 ], [ 100.418999341, -0.583228277999978 ], [ 100.4189093, -0.58407574999996 ], [ 100.41890826, -0.58408553899995 ], [ 100.418882, -0.584332699999958 ], [ 100.418327583, -0.585567317999968 ], [ 100.41819428, -0.58586416899994 ], [ 100.41795263, -0.586402298999927 ], [ 100.41773761, -0.586881119999936 ], [ 100.417652, -0.587071759999967 ], [ 100.41758887, -0.587212349999968 ], [ 100.417156634, -0.588383934999971 ], [ 100.417079511, -0.588592979999937 ], [ 100.416491682, -0.589736969999937 ], [ 100.416186741, -0.590926959999938 ], [ 100.416178331, -0.590959779999936 ], [ 100.416388739, -0.59146740899996 ], [ 100.416542459, -0.591838278999945 ], [ 100.416570651, -0.591906307999973 ], [ 100.416845349, -0.592852859999938 ], [ 100.416807021, -0.594726409999965 ], [ 100.41680662, -0.59474612799994 ], [ 100.416806898, -0.595840809999972 ], [ 100.416807051, -0.596442160999977 ], [ 100.41692492, -0.597388759999947 ], [ 100.417018354, -0.597801850999931 ], [ 100.417239721, -0.598780548999971 ], [ 100.417317441, -0.599124139999962 ], [ 100.4172967, -0.599168218999981 ], [ 100.416964761, -0.599873640999932 ], [ 100.416416062, -0.60070208899998 ], [ 100.416342541, -0.600808979999957 ], [ 100.41623492, -0.600965458999958 ], [ 100.41535785, -0.602240629999927 ], [ 100.415206471, -0.602364428999986 ], [ 100.415120049, -0.602435108999937 ], [ 100.414730651, -0.602753549999939 ], [ 100.414283709, -0.602792768999968 ], [ 100.413668041, -0.60280329799998 ], [ 100.41296628, -0.602675128999984 ], [ 100.412910759, -0.602648688999974 ], [ 100.412597639, -0.602499578999932 ], [ 100.412221231, -0.602320337999971 ], [ 100.411711461, -0.602044369999936 ], [ 100.41134423, -0.602070229999925 ], [ 100.410825071, -0.602106789999939 ], [ 100.40962637, -0.602191200999926 ], [ 100.408931692, -0.603078658999952 ], [ 100.408607291, -0.603493088999933 ], [ 100.408339809, -0.603748148999956 ], [ 100.407862521, -0.604203249999967 ], [ 100.406171, -0.606169989999952 ], [ 100.405589139, -0.606846520999969 ], [ 100.404217421, -0.607787 ], [ 100.402884259, -0.608701049999982 ], [ 100.40174737, -0.609292998999942 ], [ 100.40064968, -0.609845488999951 ], [ 100.40063815, -0.609849599999965 ], [ 100.39876786, -0.610516509999965 ], [ 100.397395731, -0.611147959999931 ], [ 100.396062821, -0.611818839999952 ], [ 100.39469077, -0.612726398999944 ], [ 100.394317391, -0.613052098999965 ], [ 100.393514781, -0.613752220999971 ], [ 100.39218193, -0.614659768999962 ], [ 100.39061379, -0.615409599999965 ], [ 100.38979719, -0.615668018999943 ], [ 100.389241609, -0.615843838999983 ], [ 100.388261441, -0.616041308999971 ], [ 100.387320451, -0.616081 ], [ 100.387201299, -0.616081029999977 ], [ 100.385634481, -0.616081439999963 ], [ 100.38496796, -0.616160500999968 ], [ 100.38402713, -0.616831288999951 ], [ 100.38324015, -0.617967828999958 ], [ 100.38317907, -0.618056031 ], [ 100.383166659, -0.618073952999972 ], [ 100.38312567, -0.618133149999958 ], [ 100.38194967, -0.619119540999979 ], [ 100.380617581, -0.619726818999946 ], [ 100.379306621, -0.620045648999969 ], [ 100.378518959, -0.620068170999959 ], [ 100.37821718, -0.620076800999937 ], [ 100.3772966, -0.620385780999931 ], [ 100.37648343, -0.620679298999968 ], [ 100.376434329, -0.621045539999953 ], [ 100.376330279, -0.621821659999969 ], [ 100.377110147086285, -0.622039403443171 ], [ 100.37796184034282, -0.622285125647917 ], [ 100.37864744, -0.622469398999957 ], [ 100.37888104, -0.622788159999977 ], [ 100.37972193, -0.623935609999932 ], [ 100.38205865, -0.624874018999945 ], [ 100.382314701, -0.624976848999948 ], [ 100.382948511, -0.625231379999953 ], [ 100.383481309, -0.625445348999969 ], [ 100.385154761, -0.626072578999924 ], [ 100.38579484, -0.626312487999944 ], [ 100.386445001, -0.626605470999948 ], [ 100.3867914, -0.626761577999958 ], [ 100.386932021, -0.626824947999985 ], [ 100.387856439, -0.627085718999984 ], [ 100.389167079, -0.627455439999945 ], [ 100.39065713, -0.627928359999949 ], [ 100.390797214602287, -0.627995068143929 ], [ 100.391049361, -0.62811513999998 ], [ 100.392892291, -0.62899272899995 ], [ 100.394011879, -0.629426359999973 ], [ 100.394865009, -0.629756797999963 ], [ 100.39601069, -0.630200538999927 ], [ 100.397166459, -0.630648188999938 ], [ 100.397260751, -0.630633839999972 ], [ 100.39924442, -0.63033207999996 ], [ 100.39934618, -0.63028873899998 ], [ 100.39960072, -0.630180319999969 ], [ 100.40026372, -0.629897929999983 ], [ 100.40093005, -0.629108889999945 ], [ 100.40250581, -0.628167948999932 ], [ 100.403242971, -0.627727759999975 ], [ 100.403566861, -0.627714098999954 ], [ 100.404174701, -0.627688449999937 ], [ 100.405124951, -0.627648360999959 ], [ 100.405429071, -0.627631280999943 ], [ 100.407106289, -0.627537089999976 ], [ 100.407144491, -0.627534948999944 ], [ 100.40752791, -0.627513410999945 ], [ 100.407947901, -0.627489828999957 ], [ 100.40983706, -0.627518618999943 ], [ 100.412130319, -0.627553568999928 ], [ 100.41389349, -0.627671329999942 ], [ 100.414381011, -0.627773369999947 ], [ 100.414745771, -0.627849709999966 ], [ 100.415214721, -0.627947859999956 ], [ 100.41577428, -0.628064977999951 ], [ 100.417616131, -0.629365179999977 ], [ 100.41830205, -0.630297109999959 ], [ 100.419066359, -0.631335549999962 ], [ 100.420443181, -0.633193389999978 ], [ 100.42055578, -0.63334532899996 ], [ 100.420563569, -0.633350817999941 ], [ 100.420596921, -0.633374329999923 ], [ 100.42063945, -0.633387029999945 ], [ 100.420812341, -0.633526209999964 ], [ 100.42102372, -0.633675237999973 ], [ 100.421326261, -0.633888538999943 ], [ 100.423321939, -0.635295539999968 ], [ 100.423774891, -0.635614888999958 ], [ 100.42622254, -0.636383607999963 ], [ 100.428318331, -0.637044708999952 ], [ 100.429404292, -0.637512540999985 ], [ 100.42960339, -0.637598309999935 ], [ 100.430591729, -0.63849263899994 ], [ 100.4307126, -0.63860200999995 ], [ 100.43113342, -0.638982799999957 ], [ 100.43128662, -0.639829098999944 ], [ 100.431225611, -0.640490798999974 ], [ 100.43118648, -0.640655419999974 ], [ 100.430965879, -0.641583418999975 ], [ 100.430507189, -0.642322168999956 ], [ 100.43012579, -0.643053949999968 ], [ 100.43016328, -0.643209539999938 ], [ 100.430425531, -0.64429790899994 ], [ 100.430478011, -0.64451570999996 ], [ 100.429820759, -0.646270128999965 ], [ 100.429675291, -0.646509408999983 ], [ 100.429193889, -0.647301298999939 ], [ 100.428658879, -0.648609429999971 ], [ 100.428460442, -0.650117508999937 ], [ 100.42850662, -0.651133099999926 ], [ 100.428652159, -0.65277281799996 ], [ 100.428704695, -0.653364759999937 ], [ 100.42870696, -0.653390278999957 ], [ 100.42847826, -0.653816198999956 ], [ 100.428401192, -0.653959718999953 ], [ 100.42815069, -0.655397450999951 ], [ 100.428049949, -0.655975648999968 ], [ 100.428229231, -0.656390937999961 ], [ 100.42827838, -0.656504769999978 ], [ 100.428402, -0.656791109999976 ], [ 100.42924347, -0.657375609999973 ], [ 100.43015631, -0.657574959999973 ], [ 100.430298999, -0.657606128999938 ], [ 100.431063839, -0.65766745899993 ], [ 100.431163421, -0.657658789999979 ], [ 100.43161512, -0.657619488999964 ], [ 100.431860123, -0.657598169999978 ], [ 100.431951014, -0.657590259999952 ], [ 100.43229896, -0.65751149799996 ], [ 100.43331231, -0.65728210899994 ], [ 100.434918358, -0.657126660999955 ], [ 100.436299454, -0.656992984999935 ], [ 100.436366068, -0.656968196 ], [ 100.43629765, -0.656994049999983 ], [ 100.435278051, -0.658408646999936 ], [ 100.435143692, -0.658594028999982 ], [ 100.435009758, -0.658780685999946 ], [ 100.434930035, -0.658891021999979 ], [ 100.434918023, -0.658907816999953 ], [ 100.434841702, -0.659013688999953 ], [ 100.434818849, -0.659045417999949 ], [ 100.434818792, -0.659045492999961 ], [ 100.434815394, -0.659049988999931 ], [ 100.434815606, -0.659050945999986 ], [ 100.43492484, -0.659250518999962 ], [ 100.435001201, -0.659390032999967 ], [ 100.435084537, -0.659543949999942 ], [ 100.435129607, -0.659593271999935 ], [ 100.435252061, -0.65971487599996 ], [ 100.435515677, -0.659998049999953 ], [ 100.43568065, -0.660161321999965 ], [ 100.435972328, -0.660478511999948 ], [ 100.436006019, -0.660512643999936 ], [ 100.436167064, -0.660675798999939 ], [ 100.436508914, -0.660990436999955 ], [ 100.437454531, -0.661862920999969 ], [ 100.438236875, -0.662586589999936 ], [ 100.438452658, -0.662786214999924 ], [ 100.438674286, -0.662990198999984 ], [ 100.438759855, -0.663068857999972 ], [ 100.43882087, -0.663125195999958 ], [ 100.438835432, -0.663138482999954 ], [ 100.438899211, -0.663197689999946 ], [ 100.43894865, -0.663243310999979 ], [ 100.439036812, -0.66332466199998 ], [ 100.439043721, -0.663331251999982 ], [ 100.439050874, -0.663338521999954 ], [ 100.4390535, -0.663341190999971 ], [ 100.439056404, -0.663341352999971 ], [ 100.439184923, -0.663407160999956 ], [ 100.439411123, -0.663526213999945 ], [ 100.440012337, -0.663839150999942 ], [ 100.440192351, -0.663933548999979 ], [ 100.440500452, -0.66409511399997 ], [ 100.440750462, -0.664222669999967 ], [ 100.441296403, -0.664510096999953 ], [ 100.441734345, -0.664737996999979 ], [ 100.441863997, -0.665065536999981 ], [ 100.441895917, -0.665146176999948 ], [ 100.441961467, -0.665310190999947 ], [ 100.441997536, -0.665400438999945 ], [ 100.442054937, -0.665543726999943 ], [ 100.442055184, -0.665545555999933 ], [ 100.442082149, -0.665607929999972 ], [ 100.442082264, -0.665612538999938 ], [ 100.442082999, -0.665613882999933 ], [ 100.442111912, -0.665863041999955 ], [ 100.442139974, -0.666101146999948 ], [ 100.442146777, -0.666154720999947 ], [ 100.442144226, -0.666159397999935 ], [ 100.44206259, -0.666358385999951 ], [ 100.442060126, -0.666364293999951 ], [ 100.44192568, -0.666686629999961 ], [ 100.441854248, -0.666857129999933 ], [ 100.441787494, -0.667017 ], [ 100.441731496, -0.667146417999961 ], [ 100.441730094, -0.667149658999962 ], [ 100.441684173, -0.667260207999959 ], [ 100.441645906, -0.667336740999931 ], [ 100.441575325, -0.667472376 ], [ 100.441352952, -0.667916483999931 ], [ 100.441302568, -0.668014276999948 ], [ 100.441185663, -0.668246710999941 ], [ 100.441158004, -0.66830170399994 ], [ 100.440857609, -0.668898665999966 ], [ 100.440780225, -0.669262626999964 ], [ 100.440716766, -0.669556005999938 ], [ 100.440704648, -0.669612555999943 ], [ 100.440701245, -0.669627975999959 ], [ 100.440682645, -0.669712261999964 ], [ 100.440676552, -0.669741970999955 ], [ 100.440663724, -0.669804527999926 ], [ 100.440663724, -0.669815794999979 ], [ 100.4407224, -0.670501196999964 ], [ 100.440761517, -0.67095614699997 ], [ 100.441270466, -0.67161391199995 ], [ 100.441342021, -0.671773119999961 ], [ 100.441491564, -0.672105852999948 ], [ 100.441624647, -0.672573894999981 ], [ 100.441686512, -0.67279146799996 ], [ 100.441686087, -0.672840788999963 ], [ 100.441685662, -0.672958934999941 ], [ 100.441683961, -0.67343179999995 ], [ 100.441473918, -0.674062776999959 ], [ 100.441306394, -0.674574702999969 ], [ 100.441250369, -0.674746279999964 ], [ 100.441222159, -0.67482211699997 ], [ 100.441220719, -0.674825987999959 ], [ 100.441133981, -0.674900395999948 ], [ 100.440946048, -0.675064092999949 ], [ 100.44088529, -0.675118477999949 ], [ 100.440885247, -0.675118516999935 ], [ 100.44088469, -0.675118668999979 ], [ 100.440844641, -0.675148704999972 ], [ 100.440450037, -0.675495091999948 ], [ 100.440371408, -0.675564112999961 ], [ 100.440260648, -0.676093569999988 ], [ 100.44021664, -0.676303938999977 ], [ 100.440289134, -0.677591573999958 ], [ 100.440323787, -0.678207076999968 ], [ 100.44033144, -0.678358443999968 ], [ 100.440514271, -0.679365286999942 ], [ 100.440407549, -0.680522858999951 ], [ 100.440120335, -0.680903400999966 ], [ 100.440026794, -0.680973131999969 ], [ 100.439892009, -0.681076452999946 ], [ 100.439758501, -0.681175945999939 ], [ 100.439709062, -0.681215566999935 ], [ 100.439698549, -0.681223992999947 ], [ 100.439688237, -0.68122852999994 ], [ 100.43967729, -0.68123334699993 ], [ 100.439602124, -0.681269239999954 ], [ 100.439554411, -0.681292022999973 ], [ 100.439437059, -0.681348997999983 ], [ 100.439283992, -0.681426381999936 ], [ 100.439185348, -0.681471451999927 ], [ 100.439171742, -0.68149271099998 ], [ 100.438794176, -0.682224032999964 ], [ 100.438909827, -0.683203663999965 ], [ 100.439187049, -0.685310891999962 ], [ 100.439350321, -0.686385764999955 ], [ 100.439430256, -0.686930004999966 ], [ 100.4395306, -0.687602225999972 ], [ 100.439573438, -0.687887632999947 ], [ 100.439575476, -0.687900950999961 ], [ 100.439579816, -0.687929300999937 ], [ 100.439583642, -0.687954386999931 ], [ 100.43958374, -0.687961797999954 ], [ 100.439586229, -0.687973246999954 ], [ 100.439627251, -0.688238225999952 ], [ 100.439650211, -0.688391292999947 ], [ 100.439634054, -0.688664262999974 ], [ 100.439630666, -0.688736877999932 ], [ 100.439606842, -0.689247619999947 ], [ 100.439592385, -0.689545250999969 ], [ 100.439585157, -0.689677337999971 ], [ 100.439573677, -0.689887101999943 ], [ 100.439554118, -0.690486615999933 ], [ 100.439537111, -0.690977281999955 ], [ 100.439532321, -0.691119183999942 ], [ 100.439523505, -0.691380358999939 ], [ 100.439503096, -0.691957762999954 ], [ 100.439494592, -0.692397406999934 ], [ 100.439481837, -0.693065800999931 ], [ 100.439475034, -0.693477381999965 ], [ 100.439476734, -0.693895766999964 ], [ 100.439475884, -0.694116863999974 ], [ 100.439827939, -0.695299734999938 ], [ 100.439849525, -0.695323846999945 ], [ 100.441361164, -0.697012388999957 ], [ 100.441523585, -0.697191817999976 ], [ 100.441873089, -0.697997972999937 ], [ 100.441868715, -0.698012211999985 ], [ 100.441549947, -0.699049885999959 ], [ 100.441279528, -0.699436805999943 ], [ 100.44110265, -0.699686815999946 ], [ 100.440910753, -0.699956841999949 ], [ 100.440864545, -0.700021863999949 ], [ 100.440522695, -0.70050827799998 ], [ 100.440180844, -0.700947920999961 ], [ 100.439953794, -0.701237048999934 ], [ 100.439817309, -0.701532978999985 ], [ 100.439759935, -0.701659139999943 ], [ 100.439663391, -0.701871427999945 ], [ 100.439478648, -0.702269402999958 ], [ 100.439480348, -0.702297465999946 ], [ 100.439482338, -0.702343217999954 ], [ 100.439488002, -0.702473492999965 ], [ 100.439497479, -0.702677932999964 ], [ 100.439499907, -0.702730305999984 ], [ 100.439521166, -0.703209916999935 ], [ 100.439522867, -0.703260301999941 ], [ 100.439560806, -0.703256834999934 ], [ 100.439563329, -0.703258864999951 ], [ 100.439522827, -0.70326405699996 ], [ 100.439555819, -0.703952718999973 ], [ 100.439574923, -0.704063505999959 ], [ 100.43967232, -0.704628341999985 ], [ 100.439697832, -0.704722732999922 ], [ 100.440161286, -0.706611414999937 ], [ 100.440221662, -0.706884384999966 ], [ 100.440478475, -0.707537471999952 ], [ 100.440545834, -0.707812623999927 ], [ 100.441400281, -0.71130292999993 ], [ 100.441604371, -0.712904184999959 ], [ 100.442026157, -0.713547067999967 ], [ 100.442162217, -0.713751157999976 ], [ 100.442283224, -0.713938047999933 ], [ 100.442298235, -0.713961230999934 ], [ 100.442315284, -0.713975656999947 ], [ 100.442514272, -0.714181446999928 ], [ 100.442726211, -0.714416935999967 ], [ 100.442759179, -0.714453566999973 ], [ 100.443026197, -0.714730788999933 ], [ 100.444189509, -0.715824370999949 ], [ 100.444948756, -0.716290976999972 ], [ 100.445147031, -0.716412829999975 ], [ 100.44593958, -0.716906046999962 ], [ 100.449402304, -0.718169702999947 ], [ 100.450798619, -0.718654416999936 ], [ 100.452344599, -0.719428256999952 ], [ 100.452517632, -0.719519356999978 ], [ 100.452858225, -0.719698675999953 ], [ 100.45532091, -0.72149126599993 ], [ 100.455572621, -0.721664741999972 ], [ 100.456169488, -0.722121419999953 ], [ 100.456528441, -0.722396063999951 ], [ 100.456783554, -0.722555933999955 ], [ 100.456878796, -0.722640971999972 ], [ 100.458477371, -0.724291548999935 ], [ 100.45788574, -0.725280759999974 ], [ 100.457473301, -0.72617159099997 ], [ 100.45628722, -0.728733419999965 ], [ 100.45614433, -0.729042049999975 ], [ 100.45614375, -0.729042269999982 ], [ 100.45612376, -0.729024089999942 ], [ 100.45603854, -0.729056049999941 ], [ 100.45585831, -0.729123649999965 ], [ 100.45583652, -0.729131809999962 ], [ 100.45582173, -0.729278199999964 ], [ 100.4547597, -0.729604969999977 ], [ 100.45376303, -0.730062459999949 ], [ 100.45374758, -0.730067067999937 ], [ 100.45286023, -0.730331719999933 ], [ 100.45285497, -0.730333289999978 ], [ 100.45283239, -0.730343109999983 ], [ 100.45283254, -0.730343749999976 ], [ 100.45289706, -0.730617989999929 ], [ 100.45214547, -0.730944769999947 ], [ 100.4514429, -0.731402259999933 ], [ 100.44984169, -0.73234173999993 ], [ 100.44902474, -0.732766549999954 ], [ 100.44801173, -0.733191369999938 ], [ 100.44771763, -0.733305739999938 ], [ 100.44690068, -0.733436449999947 ], [ 100.44626306, -0.733517159999966 ], [ 100.44625941, -0.733517619999935 ], [ 100.44561554, -0.733599129999959 ], [ 100.44561398, -0.733599329999953 ], [ 100.44561554, -0.733618009999934 ], [ 100.445612, -0.73361829999993 ], [ 100.44560991, -0.733599839999952 ], [ 100.44446618, -0.73368152999996 ], [ 100.44317541, -0.733787739999974 ], [ 100.44281679, -0.733855589999964 ], [ 100.44257087, -0.733902109999975 ], [ 100.44256708, -0.733909149999942 ], [ 100.44254492, -0.733910379999952 ], [ 100.44144349, -0.734261569999949 ], [ 100.44051217, -0.73468637999998 ], [ 100.439249982, -0.735255063999947 ], [ 100.43924067, -0.735259259999966 ], [ 100.43902533, -0.735356269999962 ], [ 100.43802865, -0.735919959999937 ], [ 100.43703198, -0.736589859999933 ], [ 100.43628039, -0.737129039999958 ], [ 100.435512461, -0.737798939999948 ], [ 100.43495998, -0.738136569999945 ], [ 100.43486314, -0.738233399999956 ], [ 100.43419188, -0.738904669999965 ], [ 100.43405756, -0.739038979999983 ], [ 100.43402562, -0.739040699999975 ], [ 100.43363349, -0.739277609999931 ], [ 100.43336501, -0.739515109999967 ], [ 100.43320867, -0.73965340999996 ], [ 100.43266949, -0.740029199999928 ], [ 100.43235905, -0.740339639999953 ], [ 100.431525771, -0.740731768999978 ], [ 100.43123167, -0.74089516 ], [ 100.43077418, -0.740976859999936 ], [ 100.43064346, -0.741009538999954 ], [ 100.43026767, -0.741205599999948 ], [ 100.43002259, -0.74123827899997 ], [ 100.42971215, -0.741336309999947 ], [ 100.42932001, -0.741401669999964 ], [ 100.42869913, -0.741581399999979 ], [ 100.428307, -0.741646749999973 ], [ 100.42776782, -0.741777469999941 ], [ 100.42657508, -0.742194108999972 ], [ 100.4259542, -0.742390169999964 ], [ 100.4252843, -0.74256989999998 ], [ 100.42458173, -0.74278230999994 ], [ 100.424220552, -0.742896367999958 ], [ 100.42396085, -0.742978379999953 ], [ 100.42379746, -0.74302738999995 ], [ 100.42319292, -0.743109089999966 ], [ 100.42229428, -0.743190779999969 ], [ 100.42119957, -0.743174439999973 ], [ 100.420055851, -0.743141759999966 ], [ 100.41940229, -0.743051899999951 ], [ 100.41897748, -0.742921189999957 ], [ 100.41860168, -0.742888509999952 ], [ 100.41843148, -0.742877391999964 ], [ 100.41841324, -0.742876199999963 ], [ 100.41818931, -0.742861559999943 ], [ 100.41815775, -0.742910779999929 ], [ 100.41760335, -0.743775239999937 ], [ 100.41693357, -0.744218639999936 ], [ 100.41643506, -0.744680069999962 ], [ 100.41606176, -0.745087199999953 ], [ 100.41496048, -0.745674699999934 ], [ 100.41495907, -0.745675449999972 ], [ 100.41476123, -0.745723729999959 ], [ 100.414427, -0.745805309999986 ], [ 100.41419593, -0.745861709999929 ], [ 100.41367211, -0.745989549999938 ], [ 100.41342413, -0.74608828999993 ], [ 100.41310277, -0.746218719999948 ], [ 100.41256768, -0.746408829999958 ], [ 100.41255075, -0.746412649999967 ], [ 100.41124589, -0.746707719999962 ], [ 100.41050467, -0.746780319999969 ], [ 100.40986624, -0.746916189999978 ], [ 100.40948808, -0.746962959999968 ], [ 100.40889646, -0.74698885999993 ], [ 100.40840909, -0.747031229999951 ], [ 100.40801981, -0.747065059999959 ], [ 100.40753868, -0.74710687999994 ], [ 100.40663683, -0.747089079999972 ], [ 100.4061236, -0.74718873999996 ], [ 100.40546095, -0.74712563999998 ], [ 100.404947281, -0.747214694999974 ], [ 100.40483374, -0.747234379999951 ], [ 100.40400041, -0.747261779999971 ], [ 100.40382274, -0.747292939999972 ], [ 100.40322551, -0.747397699999968 ], [ 100.40293255, -0.747482359999939 ], [ 100.40261822, -0.747573199999975 ], [ 100.4024034, -0.747659129999931 ], [ 100.40240337, -0.747659149999948 ], [ 100.40240282, -0.747659369999958 ], [ 100.40197442, -0.747830719999977 ], [ 100.4013168, -0.74806632999997 ], [ 100.40102072, -0.748212199999955 ], [ 100.40033307, -0.74855227999996 ], [ 100.40014188, -0.748646839999935 ], [ 100.39967703, -0.749026859999962 ], [ 100.39961921, -0.749145629999934 ], [ 100.39948457, -0.749422229999944 ], [ 100.39936997, -0.74965763999995 ], [ 100.39916222, -0.750084419999949 ], [ 100.39765989, -0.752451279999946 ], [ 100.3976039, -0.752539479999942 ], [ 100.39718218, -0.753203869999933 ], [ 100.3957465, -0.75456421999996 ], [ 100.3957188, -0.754590459999977 ], [ 100.3926187, -0.755890989999963 ], [ 100.38435554, -0.759270799999969 ], [ 100.38435195, -0.75927226999995 ], [ 100.38359752, -0.759537269999955 ], [ 100.38264089, -0.759873289999976 ], [ 100.38263349, -0.759901619999936 ], [ 100.38245616, -0.760580299999968 ], [ 100.38229254, -0.76145996999998 ], [ 100.38221017, -0.762083729999982 ], [ 100.38213624, -0.762824869999972 ], [ 100.38208434, -0.763566629999954 ], [ 100.38202883, -0.764359949999969 ], [ 100.382026822, -0.764388636999972 ], [ 100.3819642, -0.76528341999995 ], [ 100.3819619, -0.765316369999937 ], [ 100.38188964, -0.76634895999997 ], [ 100.38183911, -0.767071029999964 ], [ 100.3817502, -0.767459289999986 ], [ 100.38166205, -0.767844199999964 ], [ 100.38154426, -0.768358539999961 ], [ 100.38144843, -0.768776969999984 ], [ 100.38097735, -0.76906650999996 ], [ 100.38082493, -0.769160199999937 ], [ 100.3804737, -0.769376069999967 ], [ 100.3802246, -0.769529169999947 ], [ 100.38009288, -0.769610129999933 ], [ 100.37942666, -0.770019609999961 ], [ 100.37907841, -0.770233649999969 ], [ 100.3786729, -0.770482889999929 ], [ 100.378399581, -0.770650868999957 ], [ 100.37806572, -0.77085606999998 ], [ 100.37776532, -0.771040708999984 ], [ 100.37745101, -0.771233889999972 ], [ 100.37725106, -0.77165405999995 ], [ 100.37707777, -0.772018219999957 ], [ 100.3769092, -0.77237243999998 ], [ 100.37689017, -0.772760869999964 ], [ 100.37686375, -0.7733 ], [ 100.37684132, -0.77375784999993 ], [ 100.37681136, -0.774369188999975 ], [ 100.37677826, -0.775044568999934 ], [ 100.37675693, -0.77548 ], [ 100.37674357, -0.775752509999964 ], [ 100.376726291, -0.776105120999951 ], [ 100.37671923, -0.776249209999947 ], [ 100.37669169, -0.776811349999945 ], [ 100.37665582, -0.777543299999938 ], [ 100.37660942, -0.778490289999989 ], [ 100.3765851, -0.77898658 ], [ 100.37656569, -0.779382688999938 ], [ 100.37654598, -0.779784969999983 ], [ 100.37652072, -0.780300489999951 ], [ 100.37650133, -0.780696138999934 ], [ 100.37649141, -0.780898679999954 ], [ 100.37647694, -0.781193856999952 ], [ 100.37647662, -0.781200409999942 ], [ 100.37645777, -0.781585109999979 ], [ 100.37642721, -0.782208739999933 ], [ 100.37641509, -0.782456 ], [ 100.376391671, -0.782934089999972 ], [ 100.37637269, -0.78332130999997 ], [ 100.37635012, -0.783781959999944 ], [ 100.37633681, -0.784053579999983 ], [ 100.37632576, -0.784279049999949 ], [ 100.37630685, -0.784664979999948 ], [ 100.37628446, -0.785122029999978 ], [ 100.37609776, -0.785327579999951 ], [ 100.37598512, -0.785451609999936 ], [ 100.37588728, -0.785559339999961 ], [ 100.37560634, -0.785868669999965 ], [ 100.375398001, -0.786098049999966 ], [ 100.37518793, -0.786329359999971 ], [ 100.375, -0.786536269999944 ], [ 100.37465649, -0.786698439999963 ], [ 100.37444809, -0.787014149999948 ], [ 100.374521931, -0.787297129999963 ], [ 100.37474597, -0.787559729999944 ], [ 100.37481107, -0.787889509999963 ], [ 100.37478226, -0.788352659999933 ], [ 100.37469949, -0.788436 ], [ 100.37434718, -0.788628349999954 ], [ 100.37405192, -0.788867259999969 ], [ 100.37394496, -0.788889269999974 ], [ 100.37350023, -0.788980789999932 ], [ 100.37284113, -0.789184069999988 ], [ 100.372595201, -0.789442518999989 ], [ 100.37243514, -0.789610728999952 ], [ 100.37208052, -0.789887248999956 ], [ 100.37183429, -0.790109 ], [ 100.37167114, -0.790448429999968 ], [ 100.37164248, -0.790592639999944 ], [ 100.37154939, -0.791060349999952 ], [ 100.37151866, -0.791214789999969 ], [ 100.37136078, -0.791442409999942 ], [ 100.37108865, -0.791661289999981 ], [ 100.370949754, -0.791879295999943 ], [ 100.37094317, -0.791889628999975 ], [ 100.37089448, -0.792000729999931 ], [ 100.3707607, -0.792306039999978 ], [ 100.37065543, -0.792726149999966 ], [ 100.37067028, -0.792937179999971 ], [ 100.37068706, -0.793175628999968 ], [ 100.37069002, -0.793526579999936 ], [ 100.3705827, -0.793696758999949 ], [ 100.37049726, -0.793832229999975 ], [ 100.37042453, -0.793947539999985 ], [ 100.37030013, -0.794144799999975 ], [ 100.37014573, -0.794389609999938 ], [ 100.37003928, -0.794553309999971 ], [ 100.36982284, -0.794886139999962 ], [ 100.36973026, -0.795025959999977 ], [ 100.36964805, -0.795150089999938 ], [ 100.369555451, -0.795289919999963 ], [ 100.3694555, -0.79544084999998 ], [ 100.36932936, -0.795649449999926 ], [ 100.369119671, -0.795996188999943 ], [ 100.36899597, -0.796236149999976 ], [ 100.36887189, -0.796476859999929 ], [ 100.36874049, -0.796756949999981 ], [ 100.36859191, -0.797139058999967 ], [ 100.36851778, -0.797503229999958 ], [ 100.36849435, -0.797618339999937 ], [ 100.36839424, -0.798110099999973 ], [ 100.36835831, -0.798491019999983 ], [ 100.368330571, -0.798785009999968 ], [ 100.368315511, -0.798944698999944 ], [ 100.3682756, -0.799367729999977 ], [ 100.36819968, -0.799465989999936 ], [ 100.36793435, -0.799820179999935 ], [ 100.36785574, -0.799911148999977 ], [ 100.36779264, -0.799992819999944 ], [ 100.36774729, -0.800051519999956 ], [ 100.36758271, -0.80026453999995 ], [ 100.36751432, -0.80035304999996 ], [ 100.36744256, -0.80044593999998 ], [ 100.36739325, -0.800470759999944 ], [ 100.36723081, -0.800552539999952 ], [ 100.367159481, -0.800588439999958 ], [ 100.36675185, -0.800793649999945 ], [ 100.36630316, -0.801019529999961 ], [ 100.36593815, -0.801203268999933 ], [ 100.36541608, -0.80140905999997 ], [ 100.3650495, -0.801478329999959 ], [ 100.36463126, -0.801557359999953 ], [ 100.36395739, -0.801710279999948 ], [ 100.36357653, -0.801828309999968 ], [ 100.36327711, -0.801921099999965 ], [ 100.362823021, -0.802041759999952 ], [ 100.3625363, -0.802099549999986 ], [ 100.36226412, -0.802154399999951 ], [ 100.36181751, -0.802175949999934 ], [ 100.361345201, -0.80219872999994 ], [ 100.36101403, -0.802214699999975 ], [ 100.36077585, -0.802158409999947 ], [ 100.36027728, -0.80204056999998 ], [ 100.35977445, -0.801921729999948 ], [ 100.35912164, -0.801721569999932 ], [ 100.35824567, -0.801407179999966 ], [ 100.35780867, -0.801164419999969 ], [ 100.35711442, -0.800778759999953 ], [ 100.35668346, -0.800525179999974 ], [ 100.356216871, -0.80025061899995 ], [ 100.35589384, -0.800060548999973 ], [ 100.35571313, -0.799788059999973 ], [ 100.35523869, -0.79907264999997 ], [ 100.35461736, -0.798920309999973 ], [ 100.35380183, -0.798859459999972 ], [ 100.35316469, -0.79891725999995 ], [ 100.35277896, -0.799065109999965 ], [ 100.35193188, -0.799657129999966 ], [ 100.35155753, -0.80024567999994 ], [ 100.35130113, -0.800694829999939 ], [ 100.35103952, -0.800875569999968 ], [ 100.35078813, -0.800927269999942 ], [ 100.35027501, -0.80079323999996 ], [ 100.34999793, -0.800767519999963 ], [ 100.34953627, -0.801118659999929 ], [ 100.34924938, -0.801629289999943 ], [ 100.34924912, -0.80162975899998 ], [ 100.34889907, -0.802135679999946 ], [ 100.34819291, -0.802531899999968 ], [ 100.34807748, -0.802596669999967 ], [ 100.34782757, -0.802703929999959 ], [ 100.34755885, -0.802819248999933 ], [ 100.34728509, -0.802936749999957 ], [ 100.34693111, -0.803080628999972 ], [ 100.34645021, -0.803185329999966 ], [ 100.346119661, -0.803271689999979 ], [ 100.34560209, -0.803445438999977 ], [ 100.34527079, -0.803564659999953 ], [ 100.34487748, -0.803706199999974 ], [ 100.34443783, -0.803941279999956 ], [ 100.34405469, -0.804146139999952 ], [ 100.34371341, -0.804328609999976 ], [ 100.34353121, -0.804403668999955 ], [ 100.34335793, -0.804475049999949 ], [ 100.34313465, -0.80456702999993 ], [ 100.34277107, -0.804591789999966 ], [ 100.3424999, -0.804610249999943 ], [ 100.34235554, -0.804588599999942 ], [ 100.34212438, -0.804553918999944 ], [ 100.34175609, -0.804427679999948 ], [ 100.34142105, -0.804312829999961 ], [ 100.34118439, -0.804267609999964 ], [ 100.34093467, -0.804219899999962 ], [ 100.340671, -0.80421832999997 ], [ 100.34038548, -0.804216629999928 ], [ 100.34018776, -0.804215449999958 ], [ 100.33990536, -0.804304779999943 ], [ 100.33975381, -0.804386799999978 ], [ 100.339556, -0.804493859999986 ], [ 100.33946857, -0.804541179999949 ], [ 100.33924473, -0.80460357999993 ], [ 100.33891484, -0.804695529999953 ], [ 100.33870819, -0.804715459999955 ], [ 100.33861298, -0.804682789999958 ], [ 100.3384802, -0.804625929999935 ], [ 100.33836563, -0.804539549999965 ], [ 100.33827509, -0.804498688999966 ], [ 100.338044471, -0.804460269999937 ], [ 100.33781663, -0.804410809999979 ], [ 100.33768997, -0.804365949999976 ], [ 100.33756139, -0.80432039999994 ], [ 100.33741613, -0.804236619999927 ], [ 100.337316111, -0.804144429999953 ], [ 100.33725269, -0.804035879999958 ], [ 100.33722599, -0.80388716999994 ], [ 100.33723562, -0.803714069999959 ], [ 100.33722589, -0.80357997999995 ], [ 100.33720646, -0.80347027999995 ], [ 100.33710201, -0.803269779999937 ], [ 100.33699527, -0.803148539999942 ], [ 100.336898261, -0.803101179999945 ], [ 100.33674306, -0.803073349999987 ], [ 100.3363232, -0.803056759999954 ], [ 100.33622343, -0.803041459999976 ], [ 100.33608068, -0.802985749999946 ], [ 100.335738781, -0.802807629999966 ], [ 100.33539077, -0.802518718999985 ], [ 100.33527889, -0.80244601999993 ], [ 100.33512376, -0.80238176999995 ], [ 100.33484264, -0.802208709999948 ], [ 100.33454644, -0.802026379999978 ], [ 100.33432284, -0.80182595999998 ], [ 100.33417376, -0.801676079999937 ], [ 100.33360216, -0.801780799999967 ], [ 100.333331521, -0.801819789999975 ], [ 100.332513247, -0.801937686999969 ], [ 100.33162886, -0.802065109999946 ], [ 100.331500351, -0.802083629999969 ], [ 100.33129092, -0.802113799999969 ], [ 100.330365202, -0.80224717999994 ], [ 100.32999187, -0.802300969999982 ], [ 100.32998805, -0.802301519999962 ], [ 100.32998481, -0.80230197999993 ], [ 100.32998274, -0.802302869999953 ], [ 100.329496682, -0.802511199999968 ], [ 100.32899558, -0.802725979999944 ], [ 100.328516379, -0.80293137199993 ], [ 100.32851083, -0.802933749999971 ], [ 100.32839847, -0.802981909999975 ], [ 100.32806681, -0.803124059999962 ], [ 100.32805907, -0.803127379999976 ], [ 100.32793744, -0.80315317899994 ], [ 100.327666688, -0.803210616999935 ], [ 100.326519471, -0.803453989999976 ], [ 100.326490229, -0.803460199999967 ], [ 100.32642277, -0.803474509999949 ], [ 100.32549048, -0.803578989999953 ], [ 100.32539724, -0.803569619999971 ], [ 100.32532209, -0.803575809999934 ], [ 100.32525469, -0.80359130999994 ], [ 100.32516715, -0.803609129999932 ], [ 100.325125021, -0.803619939999975 ], [ 100.3250525, -0.803638559999969 ], [ 100.32482164, -0.80370905999997 ], [ 100.324675579, -0.803780579999975 ], [ 100.32403059, -0.804213378999978 ], [ 100.32397809, -0.804248599999947 ], [ 100.32394469, -0.804302479999944 ], [ 100.32393296, -0.804323329999941 ], [ 100.32393074, -0.804327269999933 ], [ 100.32392919, -0.804356699999972 ], [ 100.32394159, -0.804404739999942 ], [ 100.32398962, -0.804500799999969 ], [ 100.324032159, -0.804579 ], [ 100.32405992, -0.804611189999957 ], [ 100.32413894, -0.804741340999962 ], [ 100.32420247, -0.804843599999967 ], [ 100.3242319, -0.804914868999961 ], [ 100.32423345, -0.80494896099998 ], [ 100.32422497, -0.80498076099997 ], [ 100.32422106, -0.804995439999981 ], [ 100.324186727, -0.80503136299996 ], [ 100.32418545, -0.805032699999975 ], [ 100.32405749, -0.805104599999943 ], [ 100.32314934, -0.805603449999987 ], [ 100.32243305, -0.806025549999962 ], [ 100.32234459, -0.806074199999961 ], [ 100.32225644, -0.806097049999949 ], [ 100.32216691, -0.806095258999969 ], [ 100.3221015, -0.80609394999994 ], [ 100.32201813, -0.806072389999938 ], [ 100.32192177, -0.806047468999973 ], [ 100.32188361, -0.806031859999959 ], [ 100.32179927, -0.805997359999937 ], [ 100.32178855, -0.805992969999978 ], [ 100.32171725, -0.805963809999988 ], [ 100.32166036, -0.80593100999994 ], [ 100.3214478, -0.80580844999997 ], [ 100.32119196, -0.80568336999994 ], [ 100.32097077, -0.805583219999969 ], [ 100.32088058, -0.805542369999951 ], [ 100.32077522, -0.805474199999938 ], [ 100.32058688, -0.805433579999945 ], [ 100.32056645, -0.805429169999972 ], [ 100.32045915, -0.805406029999977 ], [ 100.32034284, -0.805406029999977 ], [ 100.32031286, -0.805406029999977 ], [ 100.3200811, -0.805406029999977 ], [ 100.32001388, -0.805429199999941 ], [ 100.31999124, -0.805437009999931 ], [ 100.31996901, -0.805446729999968 ], [ 100.31996725, -0.805447499999951 ], [ 100.31988346, -0.805484119999956 ], [ 100.31987279, -0.805488789999978 ], [ 100.31978616, -0.805526649999934 ], [ 100.3197322, -0.805550239999954 ], [ 100.319686307, -0.805570296999971 ], [ 100.3195753, -0.805618809999947 ], [ 100.319523321, -0.805641529999953 ], [ 100.31939937, -0.805725200999973 ], [ 100.31930061, -0.805821359999933 ], [ 100.31911604, -0.806001069999984 ], [ 100.31904611, -0.806069160999927 ], [ 100.31897658, -0.806127759999921 ], [ 100.31888924, -0.806201378999965 ], [ 100.318829191, -0.806251989999971 ], [ 100.318766861, -0.806298739999936 ], [ 100.31871546, -0.806337289999933 ], [ 100.318662539, -0.806376979999923 ], [ 100.31859021, -0.806431229999932 ], [ 100.31853348, -0.806473779999983 ], [ 100.31848032, -0.80651248 ], [ 100.31843352, -0.806545529999939 ], [ 100.31839035, -0.806576019999964 ], [ 100.31830967, -0.806632989999977 ], [ 100.31823083, -0.806688669999974 ], [ 100.318134334, -0.806827197999952 ], [ 100.318190877, -0.807115297999932 ], [ 100.318262471, -0.80717028999993 ], [ 100.318136991000074, -0.80738867599996 ], [ 100.317961617000037, -0.807593726999926 ], [ 100.317897081000069, -0.807702198999948 ], [ 100.317659464, -0.807569133999947 ], [ 100.317408408, -0.807403731999958 ], [ 100.317275496, -0.807276726999939 ], [ 100.317269568, -0.80727240399995 ], [ 100.317139925, -0.807177873999939 ], [ 100.317133723, -0.80717335199996 ], [ 100.317039208, -0.807137907999961 ], [ 100.316906296, -0.807132000999963 ], [ 100.316798336, -0.807113624999946 ], [ 100.316767477, -0.807108371999956 ], [ 100.316728298, -0.807080211999958 ], [ 100.316682973, -0.807058588999948 ], [ 100.316682314, -0.807047161999955 ], [ 100.316672962, -0.807040439999985 ], [ 100.316646379, -0.806972506999958 ], [ 100.316599122, -0.806872083999966 ], [ 100.31654891, -0.806798243999942 ], [ 100.316463256, -0.80677166199996 ], [ 100.316442773, -0.806764833999982 ], [ 100.31639882, -0.806752878999932 ], [ 100.316171497, -0.806692129999931 ], [ 100.315997086, -0.806615701999934 ], [ 100.315974061729023, -0.806610877853116 ], [ 100.31579132, -0.806572588999933 ], [ 100.315585554, -0.806529476 ], [ 100.315617104, -0.806374355999939 ], [ 100.315591944, -0.806343389999944 ], [ 100.315524011, -0.806216384999974 ], [ 100.315453125, -0.806121869999966 ], [ 100.315379285, -0.806071658999939 ], [ 100.315169579, -0.806000772999935 ], [ 100.314962827, -0.805909210999979 ], [ 100.314806287, -0.805794020999942 ], [ 100.31472654, -0.805613850999984 ], [ 100.314679282, -0.805448448999929 ], [ 100.314677798, -0.805403932999983 ], [ 100.314661842, -0.805396855999962 ], [ 100.314326715, -0.805248211999931 ], [ 100.31431438, -0.805266028999943 ], [ 100.314264672, -0.805289803999926 ], [ 100.314167291, -0.805336379999973 ], [ 100.31408095, -0.805355569999963 ], [ 100.313857111, -0.805451499999944 ], [ 100.3137228, -0.805675339999934 ], [ 100.31361408, -0.805905569999937 ], [ 100.31353733, -0.806052669999928 ], [ 100.31337745, -0.806142208999978 ], [ 100.31325594, -0.806154998999949 ], [ 100.313163989, -0.806032396999966 ], [ 100.31312163, -0.805975918999932 ], [ 100.31301291, -0.805841619999971 ], [ 100.31285942, -0.805803249999942 ], [ 100.31277628, -0.805835219999957 ], [ 100.31273151, -0.805943948999932 ], [ 100.31273809, -0.806019609999968 ], [ 100.31275267, -0.806030589999984 ], [ 100.31278907, -0.806116619999956 ], [ 100.31295535, -0.806314879999948 ], [ 100.313054094, -0.806417026999954 ], [ 100.31310364, -0.806468279999935 ], [ 100.31312803, -0.806525929999967 ], [ 100.313018372, -0.806542056999949 ], [ 100.31291058, -0.806557909999931 ], [ 100.31276349, -0.806455579999979 ], [ 100.312706791, -0.80634623899994 ], [ 100.31270053, -0.806340079999927 ], [ 100.31263238, -0.806302089999981 ], [ 100.3124597, -0.806250929999976 ], [ 100.31230621, -0.806289299999958 ], [ 100.31211115, -0.806353259999988 ], [ 100.31192888, -0.806433199999964 ], [ 100.31178498, -0.806500349999971 ], [ 100.311682651, -0.806551519999974 ], [ 100.31157073, -0.806682619999954 ], [ 100.31151957, -0.806784948999959 ], [ 100.31151637, -0.806816928999979 ], [ 100.31152913, -0.806926609999957 ], [ 100.311544421, -0.806955339999943 ], [ 100.31154829, -0.806954629999954 ], [ 100.311559541, -0.806991199999971 ], [ 100.31160271, -0.807058349999982 ], [ 100.311668261, -0.807083939999931 ], [ 100.31172423, -0.807098329999982 ], [ 100.31177859, -0.807098329999982 ], [ 100.311835721, -0.807094919999949 ], [ 100.31183159, -0.807096589999963 ], [ 100.31196565, -0.807107918999982 ], [ 100.31207438, -0.807155879999931 ], [ 100.312096761, -0.807251819999983 ], [ 100.31209356, -0.807344549999922 ], [ 100.3120424, -0.807414898999986 ], [ 100.31191129, -0.807440479999971 ], [ 100.31180896, -0.807395709999986 ], [ 100.311681061, -0.807360539999941 ], [ 100.31152117, -0.807318969999928 ], [ 100.31140925, -0.807251819999983 ], [ 100.3113325, -0.807139899999932 ], [ 100.311323131, -0.807078989999989 ], [ 100.31131332, -0.807068279999953 ], [ 100.31131332, -0.807002389999978 ], [ 100.31130372, -0.806807329999975 ], [ 100.31131971, -0.806657039999958 ], [ 100.31130372, -0.806519539999959 ], [ 100.31128134, -0.80642040999993 ], [ 100.31124617, -0.806366049999962 ], [ 100.31119351, -0.806354959999964 ], [ 100.311193081, -0.806354868999968 ], [ 100.31116302, -0.806356449999963 ], [ 100.31112625, -0.80636444999994 ], [ 100.31109587, -0.806404419999978 ], [ 100.31108842, -0.806410209999974 ], [ 100.31108952, -0.806412369999982 ], [ 100.31107349, -0.806428399999968 ], [ 100.31102232, -0.806524328999963 ], [ 100.31098395, -0.806604279999939 ], [ 100.31093599, -0.806697009999943 ], [ 100.31093599, -0.806723329999961 ], [ 100.31093456, -0.806723099999943 ], [ 100.31093599, -0.806765759999962 ], [ 100.31094238, -0.806864889999934 ], [ 100.31097436, -0.80697360999995 ], [ 100.31101593, -0.807050359999958 ], [ 100.31101593, -0.807072159999967 ], [ 100.3110195, -0.807071918999954 ], [ 100.311054301, -0.807144689999975 ], [ 100.31107044, -0.807225360999953 ], [ 100.31102857, -0.807198269999967 ], [ 100.31102626, -0.807197499999981 ], [ 100.31092145, -0.807225449999974 ], [ 100.31082099, -0.807247369999981 ], [ 100.31070221, -0.807293348999963 ], [ 100.31060585, -0.807358949999981 ], [ 100.31059204, -0.807422709999971 ], [ 100.31056145, -0.807501359999945 ], [ 100.31056284, -0.807507349999988 ], [ 100.30999367, -0.807734129999972 ], [ 100.30999476, -0.807736829999961 ], [ 100.30978115, -0.807816749999977 ], [ 100.30977152, -0.807822939999939 ], [ 100.30977142, -0.807822679999964 ], [ 100.30973031, -0.807839069999945 ], [ 100.309730223, -0.807838706999984 ], [ 100.30972157, -0.807802569999982 ], [ 100.30966505, -0.807678599999984 ], [ 100.3095812, -0.807592919999945 ], [ 100.309567893, -0.807591981999968 ], [ 100.309296811, -0.807572869999942 ], [ 100.309171317, -0.807578969999948 ], [ 100.3090343, -0.807585629999953 ], [ 100.30898508, -0.807574689999969 ], [ 100.30896375, -0.807550449999948 ], [ 100.30886895, -0.80739535999993 ], [ 100.30874262, -0.807259308999963 ], [ 100.3086095, -0.807162219999947 ], [ 100.30856744, -0.807155849999961 ], [ 100.30856315, -0.807158878999938 ], [ 100.30855257, -0.807156309999932 ], [ 100.308514319, -0.807147420999968 ], [ 100.308513371, -0.807147199999977 ], [ 100.30840764, -0.807077919999932 ], [ 100.30834383, -0.806995889999939 ], [ 100.30827091, -0.80693390999994 ], [ 100.30826372, -0.806930369999984 ], [ 100.30823035, -0.806902 ], [ 100.30818113, -0.806854609999965 ], [ 100.308140800000047, -0.806822699999941 ], [ 100.308141040000066, -0.806819814999926 ], [ 100.308110197000076, -0.806815671999971 ], [ 100.308122602000083, -0.806805703999942 ], [ 100.308124397000086, -0.806798266999976 ], [ 100.308109267000077, -0.806786983999928 ], [ 100.30806515900008, -0.806748773999971 ], [ 100.308023103000039, -0.806713897999941 ], [ 100.307987970000056, -0.806684149999967 ], [ 100.307943606000038, -0.806647478999935 ], [ 100.307921039000064, -0.806628502999956 ], [ 100.307868212000074, -0.806586189999962 ], [ 100.307848466000053, -0.806570546999978 ], [ 100.307777945000055, -0.806507974999931 ], [ 100.307774867000035, -0.806505923999964 ], [ 100.307770451000067, -0.806509099999971 ], [ 100.307718652000062, -0.806446005999931 ], [ 100.307638428000075, -0.806514647999961 ], [ 100.307439716169938, -0.80665738502658 ], [ 100.307227010305738, -0.806818313805446 ], [ 100.307032496390406, -0.80697644382294 ], [ 100.306846378759204, -0.807081397374375 ], [ 100.30666305988936, -0.807184951545123 ], [ 100.30665928500008, -0.807283506999966 ], [ 100.306603887000051, -0.807321565999928 ], [ 100.306484890000036, -0.807280289999937 ], [ 100.30605081, -0.807129739999938 ], [ 100.30599784, -0.807071419999939 ], [ 100.305208074, -0.806201968999973 ], [ 100.30517591, -0.806166558999963 ], [ 100.30494748, -0.806123729999976 ], [ 100.30426814, -0.806069429999982 ], [ 100.30374086, -0.806027298999947 ], [ 100.30350515, -0.806008459999931 ], [ 100.303302101, -0.806005659999923 ], [ 100.30285965, -0.805952109999971 ], [ 100.302537841, -0.805913169999947 ], [ 100.302337801, -0.805915609999955 ], [ 100.30200138, -0.805919709999955 ], [ 100.30173951, -0.805922899999926 ], [ 100.30106642, -0.805999939999947 ], [ 100.3010235, -0.806004859999979 ], [ 100.30059213, -0.806080639999951 ], [ 100.30024722, -0.806096679999943 ], [ 100.299949516, -0.806110530999942 ], [ 100.29988162, -0.806113689999966 ], [ 100.29937766, -0.806022809999953 ], [ 100.29902987, -0.805913319999946 ], [ 100.299015773530115, -0.805913991142747 ], [ 100.29845941, -0.805940479999955 ], [ 100.29785084, -0.806168699999954 ], [ 100.29739432, -0.806339889999953 ], [ 100.29693367, -0.806646989999932 ], [ 100.29609353, -0.807300439999947 ], [ 100.296084021, -0.807314059999959 ], [ 100.29567471, -0.808004769999974 ], [ 100.29556968, -0.808378229999969 ], [ 100.29555532, -0.808388479999965 ], [ 100.29551468, -0.808408279999982 ], [ 100.2953059, -0.808509988999963 ], [ 100.29526999, -0.808520469999974 ], [ 100.29515241, -0.808554759999937 ], [ 100.295068091, -0.80854538999995 ], [ 100.29506133, -0.80855323999998 ], [ 100.294423457, -0.808542696999946 ], [ 100.29428748, -0.808540449999959 ], [ 100.29400608, -0.808386959999958 ], [ 100.29398887, -0.808368919999972 ], [ 100.29398704, -0.808367919999968 ], [ 100.29359052, -0.807952219999948 ], [ 100.29330912, -0.807632449999972 ], [ 100.29317482, -0.807319069999953 ], [ 100.29298296, -0.806986509999951 ], [ 100.29283586, -0.806679519999927 ], [ 100.29274402, -0.80642441999993 ], [ 100.29273933, -0.806420898999931 ], [ 100.29273644, -0.806413979999945 ], [ 100.2927203, -0.806401859999936 ], [ 100.2926344, -0.806196669999965 ], [ 100.29243318, -0.805892109999947 ], [ 100.29236179, -0.805831299999973 ], [ 100.29213541, -0.805723248999924 ], [ 100.291809241, -0.805691278999976 ], [ 100.29155342, -0.805691278999976 ], [ 100.29127842, -0.805729649999937 ], [ 100.290965041, -0.805844769999966 ], [ 100.290722011, -0.805998258999979 ], [ 100.29049178, -0.806202909999973 ], [ 100.290309, -0.806425199999985 ], [ 100.29023655, -0.806608459999946 ], [ 100.29021677, -0.806733739999975 ], [ 100.29014003, -0.807136649999961 ], [ 100.2901848, -0.807520379999973 ], [ 100.29021354, -0.807621929999927 ], [ 100.29028073, -0.807859329999925 ], [ 100.29042782, -0.808147129999961 ], [ 100.29056867, -0.80831731999996 ], [ 100.29058131, -0.808332599999973 ], [ 100.29066481, -0.808381709999945 ], [ 100.290687606, -0.808395119999945 ], [ 100.29090748, -0.808524459999939 ], [ 100.29113002, -0.808672819999981 ], [ 100.29112987, -0.808674589999959 ], [ 100.29155619, -0.808995579999935 ], [ 100.29212776, -0.809489069999933 ], [ 100.29268858, -0.810038379999976 ], [ 100.292885161, -0.810293969999972 ], [ 100.29297594, -0.810464 ], [ 100.29307211, -0.810743149999951 ], [ 100.29309847, -0.810852148999966 ], [ 100.29328536, -0.81162492999994 ], [ 100.29342122, -0.812089538999946 ], [ 100.29350026, -0.812276229999948 ], [ 100.29361668, -0.812485568999933 ], [ 100.293684479, -0.812607499999961 ], [ 100.293127791, -0.813612889999949 ], [ 100.292963501, -0.813993189999968 ], [ 100.2928166, -0.814333209999978 ], [ 100.2927398, -0.814510989999984 ], [ 100.29250958, -0.814826579999936 ], [ 100.29234573, -0.815051179999956 ], [ 100.29223568, -0.815202029999974 ], [ 100.29185177, -0.815918669999983 ], [ 100.29172952, -0.816213189999927 ], [ 100.29171255, -0.816231479999945 ], [ 100.29173411, -0.816247809999937 ], [ 100.29173159, -0.816250519999924 ], [ 100.29164457, -0.816344379999974 ], [ 100.29145518, -0.816548679999925 ], [ 100.29138336, -0.816626149999941 ], [ 100.2909094, -0.817137409999929 ], [ 100.2908622, -0.817057289999979 ], [ 100.2905508, -0.816413469999936 ], [ 100.29030864, -0.816030669999983 ], [ 100.29015277, -0.815195359999959 ], [ 100.29015235, -0.813872709999953 ], [ 100.28741004, -0.808171159999975 ], [ 100.28729951, -0.808011549999951 ], [ 100.28512844, -0.804876559999965 ], [ 100.28390367, -0.803108 ], [ 100.28107769, -0.79902729999998 ], [ 100.2776003, -0.794349139999954 ], [ 100.27258621, -0.787603609999964 ], [ 100.26895348, -0.783179759999945 ], [ 100.26645868, -0.780141629999952 ], [ 100.26543511, -0.779038209999955 ], [ 100.26432249, -0.777712539999936 ], [ 100.26218675, -0.77560316999996 ], [ 100.25778093, -0.770823969999983 ], [ 100.25203096, -0.765074009999976 ], [ 100.24592639, -0.758880309999945 ], [ 100.2453849, -0.758465279999947 ], [ 100.24071772, -0.754507509999936 ], [ 100.24029182, -0.75379926999995 ], [ 100.23758137, -0.751371159999965 ], [ 100.23425834, -0.747600079999928 ], [ 100.23387693, -0.747059169999943 ], [ 100.22539104, -0.738151439999972 ], [ 100.22538716, -0.738147699999954 ], [ 100.22491075, -0.737652399999954 ], [ 100.2246772, -0.737441369999949 ], [ 100.22441181, -0.737133669999933 ], [ 100.2241942, -0.736907439999926 ], [ 100.22404133, -0.736759649999951 ], [ 100.22098901, -0.733808649999965 ], [ 100.21792649, -0.730814179999928 ], [ 100.21754991, -0.730405839999946 ], [ 100.21743231, -0.730323339999936 ], [ 100.21538331, -0.728702869999947 ], [ 100.21494059, -0.728379349999954 ], [ 100.21262484, -0.726696449999962 ], [ 100.210684713057404, -0.725284226209611 ], [ 100.21057017, -0.725200849999969 ], [ 100.20976987, -0.72462191999996 ], [ 100.20822035, -0.723415789999938 ], [ 100.20782872, -0.723114969999924 ], [ 100.20687391, -0.72236413999997 ], [ 100.20595568, -0.721642079999934 ], [ 100.20550728, -0.721290179999923 ], [ 100.20351505, -0.71973214999998 ], [ 100.2012447, -0.717935729999967 ], [ 100.20116255, -0.717864689999948 ], [ 100.20101757, -0.717739329999978 ], [ 100.19937733, -0.716320939999947 ], [ 100.19779376, -0.714950219999937 ], [ 100.197302843, -0.714534822999961 ], [ 100.19690833, -0.714201 ], [ 100.19670547, -0.713997579999957 ], [ 100.19589235, -0.713182179999941 ], [ 100.19424634, -0.711533339999963 ], [ 100.19387173, -0.711158729999966 ], [ 100.19250952, -0.709799359999978 ], [ 100.19212356, -0.709413399999958 ], [ 100.19072162, -0.708014289999944 ], [ 100.19034701, -0.70763400999994 ], [ 100.18936673, -0.706659729999962 ], [ 100.18895642, -0.706251929999957 ], [ 100.18856479, -0.705860299999929 ], [ 100.18852029, -0.705815889999952 ], [ 100.18724231, -0.704540659999968 ], [ 100.18657823, -0.703887929999952 ], [ 100.1863966, -0.70366089 ], [ 100.18630312, -0.703543139999962 ], [ 100.18596178, -0.703113169999938 ], [ 100.185944637, -0.703091574999979 ], [ 100.18566441, -0.702738569999952 ], [ 100.18529548, -0.702290169999968 ], [ 100.18412625, -0.700828629999938 ], [ 100.18357001, -0.700136169999952 ], [ 100.18353943, -0.700105849999952 ], [ 100.18255403, -0.699128709999976 ], [ 100.18075478, -0.697372019999942 ], [ 100.180014397, -0.696650093999957 ], [ 100.17949523, -0.69614386999996 ], [ 100.17900022, -0.695661199999961 ], [ 100.1788193, -0.695484789999969 ], [ 100.17812073, -0.694805839999967 ], [ 100.17730384, -0.694011899999961 ], [ 100.17675896, -0.693484039999934 ], [ 100.17540242, -0.692153049999947 ], [ 100.1749143, -0.691681949999984 ], [ 100.17488102, -0.691649279999982 ], [ 100.1745764, -0.691350239999965 ], [ 100.173712392, -0.690502036999936 ], [ 100.17351803, -0.690311229999961 ], [ 100.17184365, -0.688685089999978 ], [ 100.17020899, -0.687093 ], [ 100.16956159, -0.686460851999922 ], [ 100.1691249, -0.686034449999967 ], [ 100.16905519, -0.685966549999938 ], [ 100.1684665, -0.685393079999931 ], [ 100.16703171, -0.683923739999956 ], [ 100.16453959, -0.681380279999926 ], [ 100.16277414, -0.679453209999966 ], [ 100.16129479, -0.677840309999971 ], [ 100.16008867, -0.676525309999937 ], [ 100.1596187, -0.676013649999956 ], [ 100.15926124, -0.675768869999953 ], [ 100.15914544, -0.675233289999937 ], [ 100.15905504, -0.674514619999976 ], [ 100.15900069, -0.674082509999954 ], [ 100.15868223, -0.672548139999947 ], [ 100.15841444, -0.671563829999976 ], [ 100.15813942, -0.670688079999945 ], [ 100.15767613, -0.669860779999972 ], [ 100.15763278, -0.669783379999959 ], [ 100.15751661, -0.669630749999961 ], [ 100.157512006, -0.669624701999972 ], [ 100.157510427, -0.669622627999957 ], [ 100.15743374, -0.669521889999947 ], [ 100.15726367, -0.669298459999942 ], [ 100.1572572, -0.669296019999943 ], [ 100.15724591, -0.669282779999955 ], [ 100.15722095, -0.669257499999963 ], [ 100.15719423, -0.669234119999947 ], [ 100.15716997, -0.669211909999946 ], [ 100.15714162, -0.669190559999949 ], [ 100.15711179, -0.669171349999949 ], [ 100.15708545, -0.669151699999936 ], [ 100.15705727, -0.669134819999955 ], [ 100.15702756, -0.669120859999971 ], [ 100.15683735, -0.669035939999963 ], [ 100.1568064, -0.669025059999966 ], [ 100.15677452, -0.669017349999932 ], [ 100.15675123, -0.669012099999987 ], [ 100.1567276, -0.669008709999964 ], [ 100.15669511, -0.669004259999956 ], [ 100.1566713, -0.669002749999958 ], [ 100.15662731, -0.66900395999995 ], [ 100.15659455, -0.669002819999943 ], [ 100.15655057, -0.669002829999954 ], [ 100.15649588, -0.669002839999958 ], [ 100.15645785, -0.669005239999934 ], [ 100.15642872, -0.669012429999951 ], [ 100.15640436, -0.669020809999958 ], [ 100.15637524, -0.669029789999967 ], [ 100.15634255, -0.669039369999948 ], [ 100.15599664, -0.669072959999945 ], [ 100.15596039, -0.669076559999957 ], [ 100.15591284, -0.66907895999998 ], [ 100.15586886, -0.669080769999933 ], [ 100.15584211, -0.669086759999979 ], [ 100.15580733, -0.669097789999968 ], [ 100.15577043, -0.669109169999963 ], [ 100.15555765, -0.66913195999996 ], [ 100.15551987, -0.669139929999972 ], [ 100.15548153, -0.669144409999946 ], [ 100.15544295, -0.66914537999998 ], [ 100.15538934, -0.669149789999955 ], [ 100.15522755, -0.66916307999998 ], [ 100.15501216, -0.669180789999924 ], [ 100.15497014, -0.669177649999939 ], [ 100.15494508, -0.669177 ], [ 100.15490344, -0.66917049999995 ], [ 100.15487862, -0.669166949999975 ], [ 100.15483763, -0.669157119999973 ], [ 100.15481338, -0.669150739999961 ], [ 100.1547733, -0.669137649999931 ], [ 100.15474994, -0.669128509999961 ], [ 100.15471102, -0.669112239999951 ], [ 100.15467352, -0.669092889999943 ], [ 100.15463131, -0.669064179999968 ], [ 100.15459546, -0.669041879999955 ], [ 100.15455682, -0.669010779999956 ], [ 100.15452285, -0.668985669999929 ], [ 100.15451247, -0.668976619999974 ], [ 100.15449099, -0.668957909999958 ], [ 100.15445532, -0.668923209999956 ], [ 100.15442575, -0.668892979999958 ], [ 100.15440518, -0.66886826999996 ], [ 100.15439868, -0.668860469999975 ], [ 100.15438453, -0.668840619999967 ], [ 100.15436013, -0.668806039999937 ], [ 100.15434869, -0.668784479999948 ], [ 100.15434016, -0.668761599999925 ], [ 100.15431854, -0.668731939999926 ], [ 100.15429951, -0.668700519999963 ], [ 100.15429405, -0.668676709999948 ], [ 100.15427776, -0.668643769999966 ], [ 100.15427545, -0.668619449999937 ], [ 100.15426201, -0.668585229999969 ], [ 100.15425152, -0.668549979999963 ], [ 100.15425241, -0.668525559999977 ], [ 100.15424494, -0.668489539999948 ], [ 100.15424901, -0.668465449999924 ], [ 100.15424463, -0.668428919999936 ], [ 100.15424337, -0.668392149999933 ], [ 100.15425055, -0.668368799999943 ], [ 100.15424458, -0.668283239999944 ], [ 100.15423923, -0.668271879999958 ], [ 100.15423907, -0.668262289999969 ], [ 100.15423818, -0.668208369999941 ], [ 100.1542358, -0.668195809999929 ], [ 100.15423564, -0.668186319999961 ], [ 100.15423504, -0.668167769999977 ], [ 100.15423504, -0.668135459999979 ], [ 100.15423503, -0.668107939999965 ], [ 100.15423621, -0.668057679999949 ], [ 100.15423858, -0.66803194999994 ], [ 100.15423738, -0.667981689999983 ], [ 100.15423619, -0.667964339999975 ], [ 100.15423972, -0.667841089999977 ], [ 100.15423971, -0.667787239999937 ], [ 100.15423732, -0.667747749999941 ], [ 100.15423731, -0.66769868999996 ], [ 100.15423254, -0.667629279999981 ], [ 100.15423254, -0.667606549999962 ], [ 100.15422522, -0.66757395999997 ], [ 100.15421906, -0.667538629999969 ], [ 100.15420904, -0.667506779999938 ], [ 100.1541964, -0.667475889999938 ], [ 100.1541876, -0.667441119999981 ], [ 100.15417242, -0.667411409999951 ], [ 100.1541686, -0.667405259999957 ], [ 100.15415482, -0.667383099999944 ], [ 100.15414343, -0.667349099999975 ], [ 100.15412352, -0.667322369999964 ], [ 100.15410959, -0.667289349999983 ], [ 100.15407927, -0.667253459999924 ], [ 100.15404479, -0.667217569999942 ], [ 100.15402842, -0.667185699999948 ], [ 100.1540097, -0.667155169999948 ], [ 100.15395977, -0.667109109999958 ], [ 100.1539388, -0.667080089999961 ], [ 100.15390313, -0.667035829999974 ], [ 100.15388827, -0.667018479999964 ], [ 100.15387459, -0.667002929999966 ], [ 100.15384665, -0.666982589999983 ], [ 100.15373845, -0.66685457999995 ], [ 100.15371943, -0.666843209999974 ], [ 100.15369803, -0.66683004999993 ], [ 100.15368554, -0.666817489999977 ], [ 100.1536642, -0.666789589999955 ], [ 100.15365386, -0.66677918999995 ], [ 100.153643441, -0.666762437999983 ], [ 100.15337684, -0.666333789999956 ], [ 100.15334813, -0.666287619999939 ], [ 100.15334796, -0.666285952999945 ], [ 100.153343593, -0.66628256499996 ], [ 100.153332142, -0.666262313999944 ], [ 100.153319949, -0.666228066999971 ], [ 100.153296623, -0.666156815999958 ], [ 100.153288079, -0.666131817999943 ], [ 100.153250819, -0.666022797999967 ], [ 100.153252927, -0.665919508999935 ], [ 100.153254212, -0.665856546999978 ], [ 100.153261846, -0.665725921999981 ], [ 100.153267359, -0.665691144999935 ], [ 100.153273297, -0.665671635999954 ], [ 100.153294926, -0.665654670999971 ], [ 100.153447181, -0.665510897999979 ], [ 100.153621914, -0.665375182999988 ], [ 100.153774594, -0.665173306999982 ], [ 100.153858548, -0.665088419999958 ], [ 100.15388611, -0.665043899999947 ], [ 100.15411531, -0.664673639999935 ], [ 100.154352703, -0.664040588999968 ], [ 100.15435415, -0.664036729999961 ], [ 100.15444015, -0.663873689999952 ], [ 100.15453584, -0.663692289999978 ], [ 100.15454074, -0.663676879999972 ], [ 100.1545493, -0.663656359999953 ], [ 100.15460039, -0.663540869999961 ], [ 100.15462232, -0.663502989999926 ], [ 100.15464656, -0.663466559999958 ], [ 100.15466841, -0.663437799999946 ], [ 100.15468357, -0.663391989999984 ], [ 100.15469733, -0.663378139999965 ], [ 100.15481246, -0.663262269999967 ], [ 100.15492098, -0.663182069999951 ], [ 100.15492222, -0.663181549999932 ], [ 100.15495417, -0.663162849999941 ], [ 100.15498218, -0.663153979999948 ], [ 100.15501532, -0.663137519999965 ], [ 100.15504398, -0.663131069999966 ], [ 100.15507816, -0.663116929999943 ], [ 100.15511322, -0.663105179999942 ], [ 100.15516076, -0.663097389999968 ], [ 100.1552016, -0.663093369999958 ], [ 100.1552095, -0.663092589999969 ], [ 100.15524635, -0.663086599999936 ], [ 100.155253786, -0.663084479999954 ], [ 100.15527785, -0.663077619999971 ], [ 100.15548674, -0.662990829999955 ], [ 100.15548823, -0.66299020999998 ], [ 100.15548958, -0.66298984999998 ], [ 100.15553806, -0.662973239999939 ], [ 100.15561184, -0.662941119999973 ], [ 100.15564589, -0.662924199999971 ], [ 100.15571779, -0.66288529999998 ], [ 100.15575043, -0.662865759999933 ], [ 100.1557736, -0.662851389999961 ], [ 100.15580462, -0.662829349999934 ], [ 100.15581695, -0.662819559999949 ], [ 100.15583552, -0.662804809999961 ], [ 100.15586474, -0.662780409999921 ], [ 100.15590693, -0.662743899999962 ], [ 100.15593417, -0.662717269999976 ], [ 100.15601796, -0.662634089999936 ], [ 100.15604305, -0.662605409999969 ], [ 100.15606584, -0.662574839999939 ], [ 100.15612942, -0.662501829999944 ], [ 100.15615536, -0.662468739999954 ], [ 100.1561829, -0.662433609999947 ], [ 100.15623875, -0.662371969999927 ], [ 100.156246914, -0.662362813999945 ], [ 100.156305086, -0.661141200999972 ], [ 100.156476407, -0.66034170199993 ], [ 100.156516901, -0.660132481999946 ], [ 100.156544935, -0.659987638999949 ], [ 100.156594428, -0.65981631699998 ], [ 100.156929456, -0.65948128899993 ], [ 100.157264484, -0.659222403999934 ], [ 100.157843169, -0.659024432999963 ], [ 100.158482768, -0.658841689999976 ], [ 100.158985311, -0.658872146999963 ], [ 100.159192233, -0.658942233999939 ], [ 100.159457396, -0.659032046999922 ], [ 100.159716281, -0.659702102999979 ], [ 100.15962491, -0.660136116999978 ], [ 100.159373639, -0.660257944999959 ], [ 100.158977696, -0.66034170199993 ], [ 100.158602058, -0.660204644999966 ], [ 100.158124897, -0.660273173999939 ], [ 100.157771734, -0.660554600999946 ], [ 100.157637584, -0.66066150199993 ], [ 100.157621, -0.660731663999975 ], [ 100.157538598, -0.661080286999957 ], [ 100.157504969, -0.661220040999984 ], [ 100.157550649, -0.661383905999969 ], [ 100.157611159, -0.661521868999963 ], [ 100.157668655, -0.661652958999988 ], [ 100.157713395, -0.661754966999983 ], [ 100.157851195, -0.66206915099998 ], [ 100.157925621, -0.662160942999949 ], [ 100.158026488, -0.662285344999934 ], [ 100.158416882, -0.662753162999935 ], [ 100.158433718, -0.662772804999977 ], [ 100.158586896, -0.662815460999988 ], [ 100.15878694, -0.662734283999953 ], [ 100.159329883, -0.662513959999964 ], [ 100.159399963, -0.662476972999979 ], [ 100.159442162, -0.66245470099995 ], [ 100.1595751, -0.662243208999935 ], [ 100.159656001, -0.661919601999962 ], [ 100.159715971, -0.661794370999931 ], [ 100.159817805, -0.661581718999975 ], [ 100.15992726, -0.661334254999939 ], [ 100.160050992, -0.661210522999968 ], [ 100.160430069, -0.660998002999977 ], [ 100.161295176, -0.660507220999935 ], [ 100.161529881, -0.660374070999986 ], [ 100.162406979, -0.660063876999974 ], [ 100.162515672, -0.660025436999956 ], [ 100.16268568778807, -0.659849349399845 ], [ 100.163188896, -0.65932817 ], [ 100.163393267, -0.658318333999948 ], [ 100.163393267, -0.657657132999929 ], [ 100.162780153, -0.657116149999979 ], [ 100.162598106, -0.657122082999941 ], [ 100.162319094, -0.657131174999963 ], [ 100.162062112, -0.657221594999953 ], [ 100.161952657, -0.657335808999956 ], [ 100.161909827, -0.657502370999969 ], [ 100.161926602, -0.657705219999968 ], [ 100.16181288, -0.658253154999955 ], [ 100.16170437, -0.658392666999926 ], [ 100.161385619, -0.65857079299997 ], [ 100.161322174, -0.658569497999968 ], [ 100.16091098, -0.658561105999986 ], [ 100.160796548, -0.658558770999953 ], [ 100.160207478, -0.658306312999971 ], [ 100.160111897, -0.658169174999955 ], [ 100.160326756, -0.657908149999973 ], [ 100.160488721, -0.657711382999935 ], [ 100.16049344, -0.65770564999997 ], [ 100.160518049, -0.657393900999981 ], [ 100.16055456, -0.656931369999945 ], [ 100.16054269, -0.656867719999977 ], [ 100.16047897, -0.656525919999983 ], [ 100.16054411, -0.656095279999933 ], [ 100.16067438, -0.655718929999978 ], [ 100.1608119, -0.655407709999959 ], [ 100.16103626, -0.654966219999951 ], [ 100.16114009, -0.654860409999969 ], [ 100.16115873, -0.654841419999978 ], [ 100.161323126, -0.654673889 ], [ 100.16141623, -0.654579009999973 ], [ 100.1615349, -0.654524399999957 ], [ 100.16180081, -0.654402039999981 ], [ 100.16182516, -0.654390829999961 ], [ 100.16189106, -0.654378279999952 ], [ 100.16205314, -0.654347399999954 ], [ 100.16239693, -0.654314839999937 ], [ 100.162547915, -0.654249086999936 ], [ 100.16284566, -0.654119419999971 ], [ 100.16292994, -0.654058629999953 ], [ 100.16306641, -0.653960189999972 ], [ 100.16307219, -0.653946959999931 ], [ 100.16308328, -0.653935019999952 ], [ 100.16314151, -0.653857819999929 ], [ 100.16314508, -0.653848249999955 ], [ 100.16316376, -0.653823789999939 ], [ 100.16317089, -0.653807639999972 ], [ 100.16318714, -0.653781469999958 ], [ 100.16320437, -0.653748559999942 ], [ 100.16321506, -0.653728809999964 ], [ 100.16323526, -0.653704879999972 ], [ 100.16328872, -0.653562459999935 ], [ 100.16329704, -0.653554089999946 ], [ 100.16331784, -0.653523569999952 ], [ 100.16334576, -0.653476289999967 ], [ 100.16336714, -0.653403289999971 ], [ 100.16343012, -0.653285409999977 ], [ 100.16340379, -0.653181679999939 ], [ 100.16340174, -0.65317879999998 ], [ 100.16342668, -0.653098619999987 ], [ 100.16342511, -0.653095449999967 ], [ 100.16342405, -0.653092069999965 ], [ 100.16342353, -0.653088559999952 ], [ 100.16343541, -0.653057449999953 ], [ 100.16343124, -0.65302752999997 ], [ 100.16343052, -0.653015349999983 ], [ 100.16343138, -0.653003169999981 ], [ 100.16344064, -0.65297585999997 ], [ 100.16346345, -0.652908629999957 ], [ 100.16346588, -0.652896669999962 ], [ 100.16346984, -0.652885129999963 ], [ 100.16348338, -0.65285475999997 ], [ 100.16354409, -0.652682759999949 ], [ 100.16361707, -0.652465499999955 ], [ 100.1636997, -0.652219549999931 ], [ 100.16376122, -0.651767199999933 ], [ 100.16377931, -0.651090489999955 ], [ 100.163810931, -0.65093020599995 ], [ 100.16388149, -0.650572549999934 ], [ 100.16388425, -0.65055851999995 ], [ 100.16409776, -0.650164079999973 ], [ 100.16435832, -0.650026559999958 ], [ 100.16442537, -0.65002283999996 ], [ 100.16445173, -0.650016679999968 ], [ 100.16449596, -0.650009059999951 ], [ 100.16450301, -0.650007149999973 ], [ 100.164506798, -0.650006121999982 ], [ 100.16453229, -0.649999199999967 ], [ 100.16457691, -0.649994429999941 ], [ 100.16461398, -0.649987959999973 ], [ 100.16465882, -0.649986059999955 ], [ 100.16469632, -0.64998303999994 ], [ 100.16474119, -0.649984019999975 ], [ 100.16477881, -0.649984469999943 ], [ 100.16482352, -0.649988319999977 ], [ 100.16486094, -0.649992239999972 ], [ 100.16490532, -0.64999893999994 ], [ 100.16494222, -0.65000629999998 ], [ 100.16498609, -0.650015829999977 ], [ 100.16502217, -0.65002656999997 ], [ 100.16506535, -0.650038889999959 ], [ 100.16510029, -0.650052909999943 ], [ 100.16518969, -0.650095009999975 ], [ 100.16522412, -0.650114919999965 ], [ 100.16526578, -0.65013902999994 ], [ 100.16533997, -0.650185919999968 ], [ 100.16536755, -0.650209839999952 ], [ 100.16538372, -0.650222279999982 ], [ 100.16539608, -0.650233769999944 ], [ 100.16561389, -0.650398379999961 ], [ 100.16563672, -0.650407939999983 ], [ 100.16564813, -0.650411769999945 ], [ 100.16564948, -0.650412359999962 ], [ 100.16566335, -0.650418469999981 ], [ 100.165709, -0.65045195999994 ], [ 100.16574224, -0.650472939999929 ], [ 100.16577721, -0.650490849999936 ], [ 100.16580635, -0.650512789999941 ], [ 100.16581351, -0.650518179999957 ], [ 100.16582499, -0.650522809999928 ], [ 100.16588243, -0.650553719999947 ], [ 100.16588817, -0.650557399999972 ], [ 100.16589062, -0.650558119999966 ], [ 100.16610765, -0.650674879999948 ], [ 100.16620752, -0.650728609999933 ], [ 100.166877, -0.650887839999949 ], [ 100.166930902, -0.650899653999945 ], [ 100.16740534, -0.651003639999951 ], [ 100.16800606, -0.650974689999952 ], [ 100.168208862, -0.650945718999943 ], [ 100.16861402, -0.650887839999949 ], [ 100.16937759, -0.650786509999936 ], [ 100.1698227, -0.650837169999937 ], [ 100.17011467, -0.650918649999943 ], [ 100.17048946, -0.651228 ], [ 100.170776019, -0.651497089999967 ], [ 100.17108294, -0.651785299999981 ], [ 100.17132969, -0.652117279999978 ], [ 100.17147508, -0.652312899999979 ], [ 100.17150721, -0.652338419999975 ], [ 100.17152148, -0.652350859999957 ], [ 100.17153574, -0.652365219999985 ], [ 100.17154145, -0.652377419999942 ], [ 100.17156524, -0.652410919999974 ], [ 100.17157735, -0.652434219999978 ], [ 100.17159133, -0.652456439999987 ], [ 100.17160706, -0.652477439999929 ], [ 100.17165558, -0.65255113999996 ], [ 100.17167297, -0.652570769999957 ], [ 100.17169349, -0.652589329999964 ], [ 100.17171194, -0.652609979999963 ], [ 100.17174619, -0.652657839999961 ], [ 100.17176235, -0.652680339999963 ], [ 100.17177605, -0.652704449999934 ], [ 100.17183439, -0.652755259999946 ], [ 100.17192125, -0.652797559999964 ], [ 100.17194373, -0.652805889999974 ], [ 100.17197817, -0.652803279999942 ], [ 100.17200161, -0.652808279999938 ], [ 100.17202461, -0.652807519999962 ], [ 100.17204341, -0.652808739999959 ], [ 100.17210198, -0.652793969999946 ], [ 100.17212968, -0.652786989999934 ], [ 100.17216089, -0.652779119999932 ], [ 100.17217514, -0.65277552999993 ], [ 100.17218353, -0.652772259999943 ], [ 100.17231475, -0.652709049999952 ], [ 100.17233562, -0.652697209999928 ], [ 100.17235458, -0.65268246999995 ], [ 100.17237123, -0.652665139999954 ], [ 100.17238346, -0.652657389999943 ], [ 100.1724347, -0.652624919999937 ], [ 100.17247306, -0.652566669999942 ], [ 100.172492341, -0.652548204999966 ], [ 100.17251656, -0.652525009999977 ], [ 100.1725291, -0.652507099999986 ], [ 100.17253966, -0.652487939999961 ], [ 100.1725481, -0.652467739999961 ], [ 100.17258421, -0.652408049999966 ], [ 100.17259045, -0.65238705999997 ], [ 100.17262426, -0.65232601999998 ], [ 100.1726549, -0.652218319999974 ], [ 100.17268636, -0.652156019999953 ], [ 100.17269024, -0.652140749999951 ], [ 100.17273443, -0.65200073999995 ], [ 100.17273622, -0.651985079999984 ], [ 100.17273586, -0.65196932999993 ], [ 100.17274157, -0.651940139999963 ], [ 100.17275239, -0.651884839999982 ], [ 100.17276664, -0.651856119999937 ], [ 100.17277374, -0.651835165999961 ], [ 100.17280727, -0.651736209999975 ], [ 100.17282343, -0.651687379999945 ], [ 100.17283482, -0.651629939999964 ], [ 100.17285763, -0.651553829999962 ], [ 100.17287259, -0.651501409999983 ], [ 100.17287296, -0.651494629999949 ], [ 100.17287638, -0.651431529999972 ], [ 100.17288185, -0.651405339999941 ], [ 100.17288195, -0.651404859999958 ], [ 100.17288208, -0.651404249999939 ], [ 100.17288493, -0.651384139999956 ], [ 100.17289063, -0.651367869999945 ], [ 100.17289443, -0.651347759999963 ], [ 100.17289918, -0.651319039999982 ], [ 100.17293052, -0.651130919999961 ], [ 100.17294476, -0.651048589999966 ], [ 100.17295711, -0.650992109999949 ], [ 100.17296281, -0.650972219999972 ], [ 100.17296947, -0.650949029999934 ], [ 100.17298656, -0.650862859999966 ], [ 100.17299797, -0.650829359999932 ], [ 100.17301213, -0.650791489999966 ], [ 100.1730221, -0.650757019999954 ], [ 100.17303876, -0.650720189999964 ], [ 100.17304874, -0.650696499999932 ], [ 100.17306781, -0.650660879999981 ], [ 100.17308207, -0.650632149999979 ], [ 100.17310347, -0.6505979 ], [ 100.17313199, -0.650550509999957 ], [ 100.17315529, -0.650506389999979 ], [ 100.17316297, -0.650493629999978 ], [ 100.17320021, -0.650431709999966 ], [ 100.17322163, -0.65038662999996 ], [ 100.17323232, -0.65036364999997 ], [ 100.17323731, -0.65034569999995 ], [ 100.173245301, -0.650326855999938 ], [ 100.1732568, -0.65029974 ], [ 100.17325893, -0.650282509999958 ], [ 100.17326035, -0.650267429999928 ], [ 100.17326178, -0.650248049999965 ], [ 100.17327931, -0.650201299999935 ], [ 100.17328287, -0.650186219999968 ], [ 100.17329, -0.650168269999935 ], [ 100.17329807, -0.650135959999951 ], [ 100.17330591, -0.650123749999974 ], [ 100.17332089, -0.650103639999942 ], [ 100.1733322, -0.650057499999947 ], [ 100.17333719, -0.650046009999924 ], [ 100.17334217, -0.650025909999959 ], [ 100.17335081, -0.649979189999955 ], [ 100.17337932, -0.649883689999973 ], [ 100.17338524, -0.649836539999967 ], [ 100.17339807, -0.649788429999955 ], [ 100.17340127, -0.649741019999972 ], [ 100.17340443, -0.649713269999956 ], [ 100.17340483, -0.649685329999953 ], [ 100.17340529, -0.649637809999944 ], [ 100.17340292, -0.649609969999978 ], [ 100.17339781, -0.649582509999958 ], [ 100.17339001, -0.649555699999955 ], [ 100.17338774, -0.64950822999998 ], [ 100.17337733, -0.64948233999996 ], [ 100.17335307, -0.649437109999955 ], [ 100.17334839, -0.649415699999963 ], [ 100.1733412, -0.64939500999998 ], [ 100.17333161, -0.649375329999951 ], [ 100.17331976, -0.649356939999958 ], [ 100.17324556, -0.649232749999948 ], [ 100.17320917, -0.649170289999975 ], [ 100.17319027, -0.64913552999998 ], [ 100.17309144, -0.648953729999963 ], [ 100.17306932, -0.648918559999968 ], [ 100.17304364, -0.648874049999959 ], [ 100.17302794, -0.648850359999929 ], [ 100.17300654, -0.648812309999937 ], [ 100.17298727, -0.648777849999933 ], [ 100.17294835, -0.648703889999988 ], [ 100.17290165, -0.64861512999994 ], [ 100.17288738, -0.648588569999968 ], [ 100.1728781, -0.648561289999985 ], [ 100.17287096, -0.648536159999941 ], [ 100.17285954, -0.648521079999979 ], [ 100.17285027, -0.64851031999996 ], [ 100.17283957, -0.648500269999944 ], [ 100.17281727, -0.648469299999933 ], [ 100.17281013, -0.648461399999975 ], [ 100.17280514, -0.648455659999967 ], [ 100.17278093, -0.648426179999939 ], [ 100.17277053086282, -0.648410276865648 ], [ 100.17276166, -0.648390289999957 ], [ 100.17275025, -0.64837807999993 ], [ 100.17272422, -0.648350219999949 ], [ 100.17271281, -0.648338009999976 ], [ 100.17268508, -0.648311869999937 ], [ 100.17265808, -0.648255279999952 ], [ 100.17265082, -0.648240079999948 ], [ 100.17264042, -0.64823144999997 ], [ 100.1726215, -0.648215759999972 ], [ 100.17256657, -0.648177719999984 ], [ 100.17254086, -0.64816657999996 ], [ 100.17251423, -0.648153219999938 ], [ 100.17251298, -0.648152589999941 ], [ 100.1724887, -0.648138579999965 ], [ 100.17246616, -0.64812186999996 ], [ 100.17244979, -0.648111759999955 ], [ 100.17235308, -0.648024049999947 ], [ 100.17222287, -0.647905949999942 ], [ 100.17200893, -0.647683679999943 ], [ 100.17194422, -0.647616439999986 ], [ 100.17187712, -0.647472179999973 ], [ 100.17179947, -0.64730522999997 ], [ 100.17170538, -0.647012099999928 ], [ 100.17150634, -0.646632129999948 ], [ 100.1713435, -0.64646204999997 ], [ 100.17113723, -0.646349859999932 ], [ 100.170817334, -0.64620445699996 ], [ 100.17077897, -0.646187019999962 ], [ 100.17053355, -0.64613719999994 ], [ 100.17029767, -0.646089309999982 ], [ 100.170199006, -0.646071305999956 ], [ 100.16980189, -0.645998839999952 ], [ 100.16964375, -0.645936869999956 ], [ 100.16961879, -0.645933039999941 ], [ 100.16957124, -0.645917489999935 ], [ 100.16951622, -0.645895269999921 ], [ 100.16943824, -0.645879019999945 ], [ 100.16938453, -0.645853739999956 ], [ 100.16934932, -0.645842 ], [ 100.1692971, -0.645813759999951 ], [ 100.16926304, -0.645798969999931 ], [ 100.16921245, -0.645767849999975 ], [ 100.1691798, -0.645750129999957 ], [ 100.1691488, -0.645729629999956 ], [ 100.16910002, -0.645695719999939 ], [ 100.16907369, -0.645674779999986 ], [ 100.16907091, -0.645672569999941 ], [ 100.16902408, -0.645635979999954 ], [ 100.16899708, -0.645610369999927 ], [ 100.16895234, -0.645571219999964 ], [ 100.16892766, -0.645543339999969 ], [ 100.16892709, -0.645542569999975 ], [ 100.16892252, -0.645539249999965 ], [ 100.16890297, -0.645510949999964 ], [ 100.16870069, -0.645218089999964 ], [ 100.16868006, -0.645188229999973 ], [ 100.16866412, -0.645145449999983 ], [ 100.16865481, -0.645127929999949 ], [ 100.16861242, -0.645048119999965 ], [ 100.16858102, -0.644985909999955 ], [ 100.16856947, -0.644955909999967 ], [ 100.16853744, -0.644872764999955 ], [ 100.16853493, -0.644866249999948 ], [ 100.168514, -0.644805949999984 ], [ 100.16850328, -0.64477066999996 ], [ 100.16849577, -0.644734569999974 ], [ 100.16848435, -0.644689579999981 ], [ 100.16848009, -0.644652939999957 ], [ 100.16847452, -0.644629159999963 ], [ 100.16847356, -0.644592279999934 ], [ 100.16847435, -0.644579889999938 ], [ 100.1684759, -0.644555469999953 ], [ 100.16847367, -0.644531139999965 ], [ 100.16847929, -0.64449468999994 ], [ 100.168480307, -0.644473289999951 ], [ 100.16848045, -0.64447027999996 ], [ 100.16848931, -0.644434489999981 ], [ 100.16849384, -0.644410479999981 ], [ 100.16850164, -0.64438733999998 ], [ 100.16851367, -0.644352499999974 ], [ 100.16852876, -0.644318889999965 ], [ 100.16855368, -0.644288459999933 ], [ 100.16857172, -0.644256359999937 ], [ 100.16859889, -0.644227959999975 ], [ 100.16861814, -0.644198639999965 ], [ 100.16864009, -0.644171309999929 ], [ 100.16866936, -0.644145109999959 ], [ 100.16869382, -0.644120039999964 ], [ 100.16872304, -0.644097699999978 ], [ 100.16872501, -0.64409618999998 ], [ 100.16875176, -0.644073599999963 ], [ 100.16878054, -0.644053709999987 ], [ 100.16881346, -0.644032349999983 ], [ 100.16884401, -0.644015339999958 ], [ 100.1688636, -0.644007439999936 ], [ 100.16889562, -0.643993459999933 ], [ 100.16892884, -0.643982639999936 ], [ 100.16894929, -0.643977399999931 ], [ 100.16898338, -0.643969849999966 ], [ 100.16900433, -0.64396734999997 ], [ 100.16903932, -0.643966069999982 ], [ 100.16905939, -0.643966339999967 ], [ 100.16906042, -0.643966349999975 ], [ 100.1690954, -0.643968009999988 ], [ 100.16911628, -0.643971059999957 ], [ 100.169151, -0.643975639999958 ], [ 100.1691713, -0.643981419999938 ], [ 100.16920552, -0.643988879999933 ], [ 100.16922489, -0.643997289999964 ], [ 100.16925838, -0.644007589999951 ], [ 100.16928882, -0.64402767999997 ], [ 100.16932134, -0.644040749999928 ], [ 100.16935267, -0.644056479999959 ], [ 100.16938259, -0.644074789999943 ], [ 100.16946953, -0.64413943999995 ], [ 100.16949197, -0.644156129999938 ], [ 100.16952028, -0.64417686999997 ], [ 100.16954678, -0.644199909999941 ], [ 100.16960968, -0.644246919999939 ], [ 100.16981179, -0.644388969999969 ], [ 100.16987641, -0.644433549999976 ], [ 100.16994266, -0.644475639999939 ], [ 100.16997981, -0.644496569999943 ], [ 100.17004759, -0.644536109999939 ], [ 100.17011744, -0.644567509999955 ], [ 100.17019447, -0.644603869999968 ], [ 100.17026134, -0.644621799999921 ], [ 100.170446161, -0.644667094999933 ], [ 100.17048768, -0.644677269999928 ], [ 100.17050895, -0.644681479999977 ], [ 100.17057833, -0.644695199999951 ], [ 100.17072395, -0.644714609999944 ], [ 100.17097596, -0.64477102999996 ], [ 100.17101311, -0.64477102999996 ], [ 100.17104877, -0.644771019999948 ], [ 100.17107688, -0.644771009999943 ], [ 100.17107997, -0.644771009999943 ], [ 100.17112901, -0.644778479999964 ], [ 100.1711593, -0.644782619999942 ], [ 100.17118985, -0.644783829999936 ], [ 100.17122997, -0.644783819999928 ], [ 100.17126049, -0.64478206999997 ], [ 100.1712907, -0.644777389999941 ], [ 100.17132033, -0.644769819999964 ], [ 100.1713649, -0.644760829999946 ], [ 100.17144193, -0.644734969999952 ], [ 100.17158011, -0.644709509999928 ], [ 100.17168162, -0.644671719999976 ], [ 100.17171133, -0.644660649999939 ], [ 100.17179899, -0.644624739999926 ], [ 100.17180854, -0.644619739999945 ], [ 100.17189977, -0.644572059999985 ], [ 100.17195029, -0.644546619999977 ], [ 100.17198048, -0.644522739999959 ], [ 100.17200902, -0.644496889999977 ], [ 100.17202982, -0.64447743999995 ], [ 100.17205659, -0.644449729999965 ], [ 100.1720759, -0.644422799999979 ], [ 100.17210077, -0.64439335999993 ], [ 100.17211422, -0.644373539999947 ], [ 100.17213709, -0.644342489999939 ], [ 100.17214759, -0.644320939999943 ], [ 100.17216836, -0.644288429999961 ], [ 100.17218155, -0.644262879999934 ], [ 100.17218889, -0.644240039999953 ], [ 100.17220089, -0.644213899999965 ], [ 100.17220995, -0.644184469999973 ], [ 100.17221399, -0.644160809999964 ], [ 100.17222022, -0.644130639999962 ], [ 100.17222086, -0.644106649999975 ], [ 100.17222422, -0.644076019999953 ], [ 100.17222466, -0.64404521999995 ], [ 100.17222191, -0.644021379999974 ], [ 100.17222172, -0.644019009999971 ], [ 100.17221944, -0.64399066999994 ], [ 100.17221408, -0.643960329999979 ], [ 100.17220798, -0.643937129999931 ], [ 100.17219978, -0.643907439999964 ], [ 100.17218882, -0.643878679999947 ], [ 100.17217949, -0.643856589999934 ], [ 100.17211028, -0.643728089999978 ], [ 100.17202406, -0.643553099999967 ], [ 100.17196769, -0.643449 ], [ 100.1719464, -0.643400359999935 ], [ 100.17192819, -0.643350469999973 ], [ 100.1718868, -0.643259289999951 ], [ 100.17187174, -0.643208339999949 ], [ 100.17185989, -0.643156549999966 ], [ 100.17184694, -0.643117949999977 ], [ 100.1718429, -0.643099159999969 ], [ 100.17182657, -0.643023309999935 ], [ 100.17182388, -0.643010809999974 ], [ 100.17180116, -0.642905219999937 ], [ 100.17180421, -0.642879709999944 ], [ 100.17180282, -0.642870119999953 ], [ 100.17179535, -0.642708569999976 ], [ 100.1717914, -0.64266208 ], [ 100.1717944, -0.642622399999942 ], [ 100.17179645, -0.642583799999955 ], [ 100.17180203, -0.642545549999962 ], [ 100.17180853, -0.642506299999979 ], [ 100.17181759, -0.64246872999997 ], [ 100.17182755, -0.642430219999941 ], [ 100.17184001, -0.642393649999971 ], [ 100.17185577, -0.642358399999977 ], [ 100.17186911, -0.642320939999936 ], [ 100.17188803, -0.642287299999965 ], [ 100.17190464, -0.642251189999975 ], [ 100.17190588, -0.642249009999948 ], [ 100.1719186, -0.642226809999952 ], [ 100.17192438, -0.642216719999973 ], [ 100.17195575, -0.642157839999932 ], [ 100.17197651, -0.642119449999949 ], [ 100.17204839, -0.641986549999958 ], [ 100.17215735, -0.641825479999964 ], [ 100.17227884, -0.641645879999942 ], [ 100.17242104, -0.641474059999962 ], [ 100.17245412, -0.641412519999966 ], [ 100.17246749, -0.641391579999956 ], [ 100.17248828, -0.64136464999996 ], [ 100.17251504, -0.641314 ], [ 100.17252963, -0.641286379999951 ], [ 100.17259944, -0.641168199999933 ], [ 100.172615099, -0.641130119999965 ], [ 100.17261681, -0.64112595999996 ], [ 100.17265326, -0.641092929999956 ], [ 100.17267119, -0.641070359999955 ], [ 100.17272753, -0.64099942999997 ], [ 100.17289495, -0.640788649999936 ], [ 100.172951319, -0.640687399999934 ], [ 100.17296354, -0.640665449999977 ], [ 100.17303653, -0.640534329999979 ], [ 100.17307374, -0.640467469999986 ], [ 100.17318969, -0.640107329999983 ], [ 100.173208425, -0.640033522999947 ], [ 100.17329055, -0.639709989999977 ], [ 100.17329077, -0.639700809999966 ], [ 100.17325778, -0.639447869999972 ], [ 100.17323699, -0.639288439999983 ], [ 100.17321964, -0.639155489999952 ], [ 100.17319802, -0.638989689999967 ], [ 100.173169925, -0.638455916999931 ], [ 100.17316682, -0.638396929999948 ], [ 100.17315459, -0.638164599999929 ], [ 100.17312589, -0.637746789999948 ], [ 100.17308945, -0.637216469999943 ], [ 100.17308676, -0.636892769999977 ], [ 100.17308497, -0.636677759999944 ], [ 100.17308222, -0.636347959999974 ], [ 100.17315947, -0.63591660999993 ], [ 100.17316907, -0.635863049999953 ], [ 100.17318677, -0.635809549999982 ], [ 100.17326547, -0.635571709999959 ], [ 100.17349476, -0.634878729999973 ], [ 100.173578311, -0.634709819999953 ], [ 100.17358075, -0.634704889999973 ], [ 100.17358273, -0.634700869999973 ], [ 100.173601179, -0.63466357199997 ], [ 100.17371103, -0.634441489999974 ], [ 100.1737414, -0.634380089999985 ], [ 100.17375069, -0.634363079999958 ], [ 100.17376679, -0.634336419999953 ], [ 100.1737845, -0.634299529999966 ], [ 100.17379293, -0.634281969999968 ], [ 100.17380642, -0.634253869999959 ], [ 100.17381117, -0.634244749999937 ], [ 100.17382153, -0.634224849999958 ], [ 100.17383227, -0.634195579999935 ], [ 100.17384432, -0.634165139999937 ], [ 100.17384986, -0.634143969999969 ], [ 100.17385222, -0.634134969999941 ], [ 100.17386107, -0.634103439999935 ], [ 100.17386663, -0.634071149999952 ], [ 100.17387161, -0.634040349999966 ], [ 100.17387362, -0.634009209999928 ], [ 100.17388192, -0.633923649999928 ], [ 100.17388096, -0.633892459999971 ], [ 100.17388036, -0.633871519999954 ], [ 100.17388032, -0.633871259999983 ], [ 100.173907904, -0.63369601599993 ], [ 100.17391071, -0.633678189999952 ], [ 100.17391437, -0.633654969999955 ], [ 100.17394594, -0.633454359999973 ], [ 100.17395073, -0.633423979999979 ], [ 100.17395296, -0.633417759999929 ], [ 100.17395278, -0.633408779999975 ], [ 100.17394975, -0.633387269999956 ], [ 100.17394825, -0.633373099999978 ], [ 100.17394721, -0.63336321999998 ], [ 100.17396701, -0.633304159999968 ], [ 100.17396768, -0.633279969999932 ], [ 100.17397154, -0.633256099999926 ], [ 100.17397854, -0.633232949999989 ], [ 100.17398854, -0.633210949999979 ], [ 100.17400999, -0.633152479999987 ], [ 100.17403536, -0.633107849999927 ], [ 100.17406308, -0.633064669999957 ], [ 100.1740809, -0.633030559999954 ], [ 100.17408776, -0.633018969999968 ], [ 100.17409932, -0.632999439999935 ], [ 100.17412931, -0.632957819999952 ], [ 100.17414832, -0.632932089999946 ], [ 100.17418049, -0.63289215999993 ], [ 100.17418881, -0.632881989999925 ], [ 100.17420961, -0.632856849999944 ], [ 100.174221644, -0.632843456999984 ], [ 100.17424387, -0.632818719999933 ], [ 100.17425576, -0.632806749999938 ], [ 100.17428919, -0.632773359999935 ], [ 100.17432215, -0.632729619999969 ], [ 100.1743921, -0.632672799999968 ], [ 100.17441191, -0.632650919999955 ], [ 100.17445182, -0.632618839999973 ], [ 100.17445192, -0.632618739999951 ], [ 100.1744977, -0.632573589999938 ], [ 100.17452051, -0.632548459999959 ], [ 100.17453335, -0.632531229999928 ], [ 100.1746926, -0.632400749999936 ], [ 100.17471257, -0.632382079999964 ], [ 100.17474608, -0.632349769999962 ], [ 100.17475821, -0.632335399999939 ], [ 100.17476533, -0.632323909999978 ], [ 100.17477817, -0.632315299999965 ], [ 100.17478958, -0.632313139999955 ], [ 100.17491081, -0.632217379999927 ], [ 100.17492792, -0.632215939999981 ], [ 100.17493071, -0.632214979999968 ], [ 100.17495716, -0.632205879999959 ], [ 100.17498526, -0.632194479999962 ], [ 100.17508866, -0.632137739999969 ], [ 100.17511766, -0.632128929999971 ], [ 100.17513783, -0.632124759999955 ], [ 100.17514734, -0.632122789999931 ], [ 100.17517266, -0.632117299999954 ], [ 100.17519321, -0.632112839999941 ], [ 100.17531658, -0.632041729999975 ], [ 100.17536171, -0.632028789999945 ], [ 100.17537366, -0.632024499999944 ], [ 100.175475841, -0.632006200999971 ], [ 100.17569853, -0.63196631999995 ], [ 100.17580355, -0.631947509999974 ], [ 100.17628847, -0.631853419999972 ], [ 100.17643607, -0.631785079999933 ], [ 100.1766793, -0.631672479999971 ], [ 100.17672406, -0.631597439999952 ], [ 100.17674067, -0.631578669999957 ], [ 100.17676294, -0.631559189999959 ], [ 100.17678311, -0.631537519999937 ], [ 100.17680323, -0.631510189999985 ], [ 100.1768211, -0.631486569999938 ], [ 100.17683649, -0.631461229999961 ], [ 100.17684923, -0.631434439999967 ], [ 100.17686682, -0.631405399999949 ], [ 100.17687678, -0.631377439999949 ], [ 100.1768917, -0.631346919999948 ], [ 100.176914058, -0.631289127999933 ], [ 100.17692022, -0.631273199999954 ], [ 100.17692266, -0.631266799999937 ], [ 100.17692134, -0.631266699999966 ], [ 100.17692512, -0.631260369999954 ], [ 100.17692579, -0.631258609999983 ], [ 100.1769334, -0.631234259999935 ], [ 100.17694089, -0.631183049999948 ], [ 100.17694184, -0.631160079999979 ], [ 100.17695109, -0.631127359999945 ], [ 100.17695488, -0.63111012999997 ], [ 100.17696117, -0.631076699999944 ], [ 100.17696402, -0.631066169999942 ], [ 100.17697162, -0.631024049999954 ], [ 100.17697161, -0.631010649999951 ], [ 100.17697066, -0.630997249999955 ], [ 100.17696875, -0.630980969999943 ], [ 100.17696495, -0.630965659999958 ], [ 100.17696497, -0.630951529999956 ], [ 100.17696503, -0.630924559999926 ], [ 100.17696407, -0.630910199999959 ], [ 100.17696121, -0.63087860999997 ], [ 100.17695809, -0.630837629999979 ], [ 100.17694952, -0.630806039999921 ], [ 100.17694321, -0.63076542999995 ], [ 100.17693844, -0.630732889999932 ], [ 100.17691561, -0.630687899999941 ], [ 100.17690705, -0.630671629999946 ], [ 100.17689758, -0.630631649999938 ], [ 100.17688712, -0.630594319999942 ], [ 100.17687456, -0.630555209999962 ], [ 100.17680322, -0.630483429999978 ], [ 100.17678765, -0.630445429999955 ], [ 100.17677563, -0.630421609999933 ], [ 100.17672442, -0.630355909999942 ], [ 100.17670669, -0.630333159999959 ], [ 100.17659608, -0.630191239999931 ], [ 100.17654902, -0.630130869999964 ], [ 100.17653353, -0.630117659999939 ], [ 100.17569282, -0.62940098999997 ], [ 100.17566604, -0.62937815999994 ], [ 100.17564372, -0.629367399999982 ], [ 100.175567721, -0.629330740999945 ], [ 100.17505084, -0.629081419999976 ], [ 100.17487725, -0.628998859999971 ], [ 100.17485457, -0.628989539999967 ], [ 100.17457283, -0.628883099999949 ], [ 100.17454221, -0.628865009999973 ], [ 100.17451291, -0.628844829999939 ], [ 100.17449606, -0.628834989999984 ], [ 100.17447825, -0.628827029999964 ], [ 100.17445971, -0.628821039999938 ], [ 100.17444063, -0.628817079999974 ], [ 100.17441781, -0.628817079999974 ], [ 100.17440069, -0.628814219999931 ], [ 100.17437857, -0.628806969999971 ], [ 100.17435736, -0.628797349999957 ], [ 100.17433733, -0.628785449999961 ], [ 100.17409124, -0.628674219999935 ], [ 100.17407262, -0.628660189999949 ], [ 100.17406818, -0.628656009999937 ], [ 100.17405563, -0.628644189999931 ], [ 100.17404047, -0.628626429999938 ], [ 100.17402458, -0.628611159999931 ], [ 100.17400671, -0.628598319999986 ], [ 100.17398721, -0.628588149999935 ], [ 100.17396461, -0.62857868999993 ], [ 100.1739559, -0.628575039999929 ], [ 100.17392346, -0.628565129999973 ], [ 100.17388942, -0.628560029999968 ], [ 100.17385616, -0.628553389999977 ], [ 100.1738235, -0.628550749999937 ], [ 100.17378918, -0.628548189999952 ], [ 100.17375642, -0.628548519999926 ], [ 100.173722, -0.628548529999936 ], [ 100.17370303, -0.628550439999976 ], [ 100.1736894, -0.628551809999973 ], [ 100.17365723, -0.628558039999978 ], [ 100.1736229, -0.628560609999966 ], [ 100.17359142, -0.628569729999924 ], [ 100.17356695, -0.628579219999951 ], [ 100.1735329, -0.628584339999973 ], [ 100.17350763, -0.628591379999932 ], [ 100.17347948, -0.628596159999979 ], [ 100.17345098, -0.628597729999972 ], [ 100.17342514, -0.628602249999981 ], [ 100.17339664, -0.628600569999951 ], [ 100.17336852, -0.628595679999937 ], [ 100.17334236, -0.62859761999994 ], [ 100.17331496, -0.628589569999975 ], [ 100.17330574, -0.62858909999994 ], [ 100.17327941, -0.628578 ], [ 100.17327039, -0.628576029999982 ], [ 100.17324547, -0.62856200999995 ], [ 100.17323688, -0.628558609999971 ], [ 100.17321369, -0.628541849999981 ], [ 100.17320576, -0.628537089999962 ], [ 100.17318459, -0.628517819999965 ], [ 100.17317753, -0.628511829999984 ], [ 100.17315865, -0.628490279999941 ], [ 100.17315264, -0.62848321999997 ], [ 100.17313629, -0.628459659999983 ], [ 100.17313149, -0.628451719999934 ], [ 100.17312803, -0.628443099999973 ], [ 100.17311545, -0.628419739999973 ], [ 100.17311443, -0.62841783999994 ], [ 100.17310373, -0.628391199999961 ], [ 100.17310253, -0.628367619999944 ], [ 100.17309489, -0.628339939999936 ], [ 100.17309039, -0.628311559999934 ], [ 100.17309159, -0.628287979999924 ], [ 100.17309158, -0.628240119999939 ], [ 100.17309515, -0.628216779999955 ], [ 100.17310107, -0.628193939999968 ], [ 100.17310699, -0.628107779999943 ], [ 100.17312719, -0.628067089999943 ], [ 100.17313572, -0.628033789999959 ], [ 100.17314285, -0.628013449999975 ], [ 100.17315443, -0.62798109999994 ], [ 100.17316895, -0.627949969999981 ], [ 100.1731844, -0.627928429999942 ], [ 100.17320174, -0.627898799999967 ], [ 100.17322175, -0.627870929999982 ], [ 100.17325087, -0.627843239999945 ], [ 100.17326453, -0.627830239999981 ], [ 100.17328703, -0.62780436999998 ], [ 100.17331183, -0.627780719999978 ], [ 100.17333871, -0.627759509999981 ], [ 100.17341834, -0.627698459999982 ], [ 100.17344243, -0.627680049999923 ], [ 100.17346438, -0.627659119999983 ], [ 100.17348825, -0.627632789999954 ], [ 100.17350974, -0.627604449999985 ], [ 100.17352931, -0.627581239999926 ], [ 100.17354825, -0.627551119999965 ], [ 100.17356519, -0.627525899999969 ], [ 100.17358144, -0.627494229999972 ], [ 100.17359486, -0.62746123999995 ], [ 100.17360898, -0.627434319999966 ], [ 100.17361949, -0.627400269999961 ], [ 100.17363061, -0.627371969999955 ], [ 100.17363811, -0.627337129999949 ], [ 100.17364256, -0.627301759999969 ], [ 100.17365056, -0.627272399999935 ], [ 100.17365534, -0.627242349999965 ], [ 100.17366054, -0.627187729999954 ], [ 100.173661014, -0.627182761999967 ], [ 100.1736672, -0.627117889999962 ], [ 100.17366871, -0.627087489999951 ], [ 100.17366693, -0.627057109999959 ], [ 100.17366741, -0.627034569999985 ], [ 100.17366533, -0.627012129999974 ], [ 100.17366028, -0.626982119999975 ], [ 100.17365566, -0.626960059999937 ], [ 100.17364857, -0.626938679999964 ], [ 100.1736391, -0.62691825999997 ], [ 100.17362737, -0.626899059999976 ], [ 100.17362613, -0.626897689999961 ], [ 100.1735917, -0.626859579999974 ], [ 100.17357078, -0.62680292999994 ], [ 100.17356391, -0.62678435 ], [ 100.17352629, -0.626682489999958 ], [ 100.173468092, -0.626612225999965 ], [ 100.17444572, -0.626546777999984 ], [ 100.175168296, -0.626442769999929 ], [ 100.175584324, -0.626371607999953 ], [ 100.175885397, -0.626218333999929 ], [ 100.176142678, -0.625917260999934 ], [ 100.176334271, -0.625561446999947 ], [ 100.1764547, -0.625096151999966 ], [ 100.176460174, -0.624849819999949 ], [ 100.176427329, -0.624658226999937 ], [ 100.176219315, -0.624242198999988 ], [ 100.17603972, -0.623961581999932 ], [ 100.176115293, -0.623760053999949 ], [ 100.17619407, -0.623651489999928 ], [ 100.176248827, -0.623594745999984 ], [ 100.1763101, -0.623531249999928 ], [ 100.17648263, -0.623352469999931 ], [ 100.17671632, -0.623362659999941 ], [ 100.177007006, -0.62349868099994 ], [ 100.17700882, -0.623499529999942 ], [ 100.177216524, -0.623647521999945 ], [ 100.177267498, -0.62368384099995 ], [ 100.17727638, -0.623690169999975 ], [ 100.17739266, -0.623933359999972 ], [ 100.17751332, -0.624185719999962 ], [ 100.17775423, -0.624514409999966 ], [ 100.17814504, -0.624569599999978 ], [ 100.1782154, -0.624490879999939 ], [ 100.17860823, -0.624276309999976 ], [ 100.1789449, -0.624230019999974 ], [ 100.178970031, -0.624216480999958 ], [ 100.17914982, -0.624119619999928 ], [ 100.17916422, -0.624111859999977 ], [ 100.17926112, -0.62399371999994 ], [ 100.17942434, -0.623885849999963 ], [ 100.17953144, -0.623783119999936 ], [ 100.17970997, -0.623716319999975 ], [ 100.17982727, -0.623582769999929 ], [ 100.17987827, -0.62352113999998 ], [ 100.18013331, -0.623438919999956 ], [ 100.180222063, -0.623395876999957 ], [ 100.18027103, -0.623372129999961 ], [ 100.18049038, -0.623351539999942 ], [ 100.18066382, -0.623341229999937 ], [ 100.18090868, -0.623356569999942 ], [ 100.18107188, -0.623403159999953 ], [ 100.18131271, -0.623471889999964 ], [ 100.18142179, -0.623503029999946 ], [ 100.18166371, -0.623566949999946 ], [ 100.18172493, -0.623608019999958 ], [ 100.18187289, -0.623700419999985 ], [ 100.181897848, -0.623735189999941 ], [ 100.18193923, -0.623792839999973 ], [ 100.18201576, -0.623864719999979 ], [ 100.18204349, -0.623871689999933 ], [ 100.1821382, -0.623895499999947 ], [ 100.182148511, -0.623894979999931 ], [ 100.18224022, -0.623890349999958 ], [ 100.18229123, -0.623869789999959 ], [ 100.18241876, -0.623859489999975 ], [ 100.18251058, -0.62384919999994 ], [ 100.182654891, -0.623835962999978 ], [ 100.18267891, -0.623833759999972 ], [ 100.182694499, -0.623833755999956 ], [ 100.18278604, -0.623833729999948 ], [ 100.18290337, -0.623833709999936 ], [ 100.1831074, -0.623777169999922 ], [ 100.1831737, -0.623700129999987 ], [ 100.183175431, -0.623697611999946 ], [ 100.1832196, -0.623633359999926 ], [ 100.18326039, -0.623576859999958 ], [ 100.18333594, -0.623457169999946 ], [ 100.18343888, -0.623335459999966 ], [ 100.18353578, -0.623196789999957 ], [ 100.18352555, -0.623099219999977 ], [ 100.183469827, -0.623031931999951 ], [ 100.1834235, -0.622975989999933 ], [ 100.183354175, -0.622915541999932 ], [ 100.183333328, -0.622757700999951 ], [ 100.183418914, -0.622620019999948 ], [ 100.18350822, -0.622560482999971 ], [ 100.183593805, -0.622463733999958 ], [ 100.183649621, -0.622311169999944 ], [ 100.18375009, -0.622210699999933 ], [ 100.183872287, -0.622207922999962 ], [ 100.183913818, -0.622206978999944 ], [ 100.184148247, -0.622136278999963 ], [ 100.184319417, -0.622028366999935 ], [ 100.184423608, -0.621950223999928 ], [ 100.18446454, -0.621801380999956 ], [ 100.184520356, -0.621790216999952 ], [ 100.184598499, -0.621801380999956 ], [ 100.184628267, -0.621842312999947 ], [ 100.184676642, -0.621849754999981 ], [ 100.184747342, -0.621864638999967 ], [ 100.184851872, -0.621777325999979 ], [ 100.18490147, -0.621748319999942 ], [ 100.18499901, -0.621661649999968 ], [ 100.184999585, -0.62166104399995 ], [ 100.18511949, -0.621534519999955 ], [ 100.184737911010174, -0.621127056503951 ], [ 100.18472471, -0.621112959999949 ], [ 100.184703865, -0.621090700999964 ], [ 100.184321751, -0.620798572999945 ], [ 100.18429881, -0.620795369999951 ], [ 100.18426916, -0.620791229999958 ], [ 100.18414291, -0.620787409999932 ], [ 100.18406256, -0.620779719999976 ], [ 100.18393246, -0.62067960999997 ], [ 100.18377939, -0.620540989999948 ], [ 100.18364842, -0.620458 ], [ 100.183583029, -0.620437144999924 ], [ 100.18343925, -0.620391289999934 ], [ 100.18336782, -0.620319409999976 ], [ 100.1833831, -0.620232109999957 ], [ 100.18346878, -0.620067739999976 ], [ 100.18349018, -0.620026669999966 ], [ 100.18351055, -0.61986233999994 ], [ 100.1834954, -0.619715261999942 ], [ 100.183486736, -0.619705548999951 ], [ 100.183419345, -0.619642947999984 ], [ 100.183340427, -0.619605512999955 ], [ 100.183327747, -0.619618961999954 ], [ 100.183266349, -0.619700825999933 ], [ 100.183158437, -0.619786410999946 ], [ 100.182994709, -0.619922230999983 ], [ 100.1827762, -0.620098986999957 ], [ 100.182128945, -0.620896388999939 ], [ 100.182055134, -0.620917621999986 ], [ 100.181948034, -0.620940277999985 ], [ 100.181934199, -0.620939948999938 ], [ 100.181792798, -0.620917621999986 ], [ 100.181684221, -0.620912451999967 ], [ 100.180973964, -0.620200354999958 ], [ 100.180970437, -0.620165961999939 ], [ 100.180966716, -0.620024560999982 ], [ 100.180966716, -0.619946417999928 ], [ 100.180970437, -0.619924090999975 ], [ 100.181093233, -0.619492444999932 ], [ 100.181271845, -0.619243131999956 ], [ 100.18121975, -0.619146383999981 ], [ 100.181041138, -0.619075682999952 ], [ 100.180788104, -0.619116614999948 ], [ 100.180680192, -0.619053355999941 ], [ 100.180561117, -0.619057076999984 ], [ 100.180482974, -0.61910917299998 ], [ 100.180423437, -0.619053355999941 ], [ 100.180315525, -0.619034750999963 ], [ 100.180166682, -0.619071961999961 ], [ 100.18012575, -0.619027308999931 ], [ 100.18002528, -0.619045913999974 ], [ 100.179889981, -0.619113563999985 ], [ 100.179846668, -0.619135219999976 ], [ 100.179712709, -0.619176151999971 ], [ 100.179589913, -0.619075682999952 ], [ 100.179619682, -0.618926838999924 ], [ 100.179697824, -0.618759389999979 ], [ 100.179816899, -0.618629151999934 ], [ 100.179880514, -0.618604091999941 ], [ 100.179992025, -0.618433421999956 ], [ 100.18010804, -0.618247798999956 ], [ 100.180409678, -0.617986765999943 ], [ 100.180635907, -0.617505303999974 ], [ 100.180785752, -0.617093230999955 ], [ 100.18071559, -0.617037979999968 ], [ 100.18065946, -0.616981499999952 ], [ 100.18060334, -0.616919889999971 ], [ 100.18055741, -0.616858279999972 ], [ 100.18054209, -0.616781249999978 ], [ 100.18053697, -0.616699089999945 ], [ 100.18053669, -0.616645249999975 ], [ 100.18053645, -0.616596699999953 ], [ 100.18053621, -0.616547829999943 ], [ 100.18068331, -0.616501329999948 ], [ 100.18072397, -0.616497549999971 ], [ 100.1807525, -0.61649634999998 ], [ 100.180801, -0.616493459999962 ], [ 100.18081942, -0.61649406 ], [ 100.18083785, -0.616495849999977 ], [ 100.18087648, -0.616505409999947 ], [ 100.18092808, -0.61650721999997 ], [ 100.18097968, -0.616505409999947 ], [ 100.18108191, -0.616528719999966 ], [ 100.18113326, -0.616523309999934 ], [ 100.18118412, -0.616514319999968 ], [ 100.18126436, -0.61652805999996 ], [ 100.1812712, -0.616526869999979 ], [ 100.18127814, -0.616526759999947 ], [ 100.18128502, -0.616527739999923 ], [ 100.18129166, -0.616529779999945 ], [ 100.18134219, -0.616542329999956 ], [ 100.18134844, -0.616545379999934 ], [ 100.18135414, -0.616549369999976 ], [ 100.18135916, -0.616554199999945 ], [ 100.18139011, -0.616556499999949 ], [ 100.18140525, -0.61656918999995 ], [ 100.18141401, -0.616576529999971 ], [ 100.18144451, -0.61658612999997 ], [ 100.1814758, -0.616592649999975 ], [ 100.18150683, -0.616592289999973 ], [ 100.18153862, -0.616595639999964 ], [ 100.18157048, -0.616592389999946 ], [ 100.18162692, -0.616586609999958 ], [ 100.18168231, -0.616564789999929 ], [ 100.18174572, -0.616539809999945 ], [ 100.18184964, -0.616498869999933 ], [ 100.18193087, -0.616466869999957 ], [ 100.18195086, -0.616453609999955 ], [ 100.18199289, -0.616421819999974 ], [ 100.18200803, -0.61640934999997 ], [ 100.18208574, -0.616286449999965 ], [ 100.1821399, -0.616200799999948 ], [ 100.18214078, -0.616199399999975 ], [ 100.18214089, -0.616197419999934 ], [ 100.18215468, -0.615940969999951 ], [ 100.18215888, -0.615862859999942 ], [ 100.1822023, -0.61560591999995 ], [ 100.1822097, -0.615383969999934 ], [ 100.18221393, -0.615257229999944 ], [ 100.18221678, -0.615171669999942 ], [ 100.18217357, -0.615026459999978 ], [ 100.18217259, -0.61502055999995 ], [ 100.18213255, -0.614883679999941 ], [ 100.18205454, -0.614667059999943 ], [ 100.18200761, -0.614536759999969 ], [ 100.18200092, -0.61451816999994 ], [ 100.18191953, -0.61422989999995 ], [ 100.18186283, -0.614029089999969 ], [ 100.181860403, -0.614023004999978 ], [ 100.18170707, -0.613638639999979 ], [ 100.181597029, -0.613362796999987 ], [ 100.18154073, -0.613221669999978 ], [ 100.18143594, -0.612959 ], [ 100.18128201, -0.61257313999994 ], [ 100.18113978, -0.612216609999968 ], [ 100.18110875, -0.612138809999975 ], [ 100.18108855, -0.612088189999951 ], [ 100.18098041, -0.61181711999996 ], [ 100.18086679, -0.611532289999963 ], [ 100.18082981, -0.611439589999973 ], [ 100.18081248, -0.611396169999975 ], [ 100.18070922, -0.611041149999955 ], [ 100.180688347, -0.610969377999934 ], [ 100.18068238, -0.610948859999952 ], [ 100.18061838, -0.610728839999982 ], [ 100.18058833, -0.610459709999925 ], [ 100.18058756, -0.610452759999939 ], [ 100.18054484, -0.610070069999949 ], [ 100.18052381, -0.609881699999961 ], [ 100.1805184, -0.609833269999973 ], [ 100.18049905, -0.609659949999986 ], [ 100.18049019, -0.609580549999987 ], [ 100.18047741, -0.609507369999954 ], [ 100.18038798, -0.608995329999979 ], [ 100.18029413, -0.608763959999984 ], [ 100.1801977, -0.608632109999983 ], [ 100.18015302, -0.608571009999935 ], [ 100.18014701, -0.608562799999962 ], [ 100.18010549, -0.60851953999998 ], [ 100.17994247, -0.608349709999969 ], [ 100.1793943, -0.607999119999928 ], [ 100.17931596, -0.607962569999924 ], [ 100.17923122, -0.607907749999933 ], [ 100.17919567, -0.607888219999957 ], [ 100.17915868, -0.607871599999959 ], [ 100.1791205, -0.607858009999977 ], [ 100.17909202, -0.60784441999993 ], [ 100.17905288, -0.60783393999998 ], [ 100.17902328, -0.607823049999985 ], [ 100.17898343, -0.607815759999942 ], [ 100.17895296, -0.607807669999949 ], [ 100.17890514, -0.607798469999981 ], [ 100.17887405, -0.607793249999936 ], [ 100.17882571, -0.60778739999996 ], [ 100.17879428, -0.607785099999947 ], [ 100.17874566, -0.607782609999958 ], [ 100.17871414, -0.60778324999996 ], [ 100.17871127, -0.607783299999943 ], [ 100.17866444, -0.607776739999962 ], [ 100.1776989, -0.607846779999937 ], [ 100.17723012, -0.607930209999949 ], [ 100.176867747, -0.608050348999943 ], [ 100.17686533, -0.608051149999937 ], [ 100.17660906, -0.608136109999977 ], [ 100.17626462, -0.60824722999996 ], [ 100.17621899, -0.608261949999929 ], [ 100.17591981, -0.608315359999958 ], [ 100.17563575, -0.608243019999982 ], [ 100.17535545, -0.608048749999965 ], [ 100.175249196, -0.607901518999947 ], [ 100.17508959, -0.607680359999965 ], [ 100.17499886, -0.607448129999968 ], [ 100.174981499, -0.607328939999944 ], [ 100.175002072, -0.607289507999961 ], [ 100.175122096, -0.607113862999941 ], [ 100.175209919, -0.606985056999986 ], [ 100.175277249, -0.606838686999943 ], [ 100.175347507, -0.606665968999948 ], [ 100.175381065, -0.606456875999932 ], [ 100.175385563, -0.606428848999939 ], [ 100.175467906, -0.605907942999978 ], [ 100.175520224, -0.605576972999937 ], [ 100.175508515, -0.605301795999934 ], [ 100.175432402, -0.605091022999946 ], [ 100.175245048, -0.604880248999963 ], [ 100.175098677, -0.604722168999955 ], [ 100.17492476, -0.604554048999954 ], [ 100.174926362, -0.60454695399995 ], [ 100.174925791, -0.604516115999953 ], [ 100.174914369, -0.604489275999929 ], [ 100.17490352, -0.604471364999942 ], [ 100.174492931, -0.604335069999936 ], [ 100.174492299, -0.604332000999937 ], [ 100.1743495, -0.604279566999939 ], [ 100.174124787, -0.604188917999985 ], [ 100.174031987, -0.60415740099995 ], [ 100.173994282, -0.604146959999984 ], [ 100.173862074, -0.604110348999945 ], [ 100.173846786, -0.604109272999949 ], [ 100.173354395491756, -0.603976475280103 ], [ 100.173217687, -0.603939604999939 ], [ 100.172713386, -0.603761615999936 ], [ 100.172213126, -0.603556265999946 ], [ 100.17202899, -0.60348068099996 ], [ 100.171750341, -0.603343478999938 ], [ 100.171746367, -0.603341222999979 ], [ 100.171730837, -0.60333513999996 ], [ 100.171699291, -0.603322783999943 ], [ 100.171699316, -0.603322714999934 ], [ 100.17169877, -0.603322579999943 ], [ 100.171697966, -0.603322264999969 ], [ 100.171697927, -0.603322371999988 ], [ 100.171667975, -0.603314964999923 ], [ 100.171658366, -0.603312587999943 ], [ 100.171720431, -0.603139770999979 ], [ 100.171127925, -0.602577649999949 ], [ 100.169874548, -0.601208430999979 ], [ 100.168283139, -0.599476491999956 ], [ 100.167936778, -0.599137320999951 ], [ 100.167799195970886, -0.599002595018204 ], [ 100.167673228, -0.598879241999957 ], [ 100.167185485, -0.598401625999945 ], [ 100.166505623, -0.597660993999964 ], [ 100.16578588, -0.596724758999927 ], [ 100.165785858, -0.596724389999963 ], [ 100.16578508, -0.596724139999941 ], [ 100.165551598, -0.596458821999939 ], [ 100.165391662, -0.596277077999963 ], [ 100.16534116, -0.596219689999945 ], [ 100.16507604, -0.595877389999946 ], [ 100.165067477, -0.595865102999939 ], [ 100.164938932242663, -0.595680658039081 ], [ 100.16488849, -0.595608279999967 ], [ 100.164674089, -0.595226198999973 ], [ 100.164542384, -0.594991487999956 ], [ 100.16393306, -0.593905619999942 ], [ 100.163931382, -0.593902628999957 ], [ 100.16378327, -0.593638669999964 ], [ 100.163780184, -0.593639187999945 ], [ 100.16353964, -0.59318525799996 ], [ 100.163380094, -0.592982847999959 ], [ 100.163379773, -0.592982867999974 ], [ 100.163303827, -0.592987555999975 ], [ 100.16316927, -0.593024997999986 ], [ 100.16315313, -0.593028259999932 ], [ 100.162825629, -0.593187631 ], [ 100.16269917, -0.593249169999985 ], [ 100.16251632, -0.593411219999954 ], [ 100.16244418, -0.593511979999961 ], [ 100.16241522, -0.59355457 ], [ 100.16235744, -0.593639519999958 ], [ 100.162263167, -0.593701753999948 ], [ 100.162262182, -0.593702403999945 ], [ 100.161789117, -0.593493259999949 ], [ 100.160807266, -0.593290085999969 ], [ 100.16057387, -0.593177069999974 ], [ 100.16036959, -0.593078149999944 ], [ 100.159936408, -0.592841475999935 ], [ 100.159394772, -0.593522542999958 ], [ 100.158988815, -0.59319075099996 ], [ 100.158934167, -0.593268818999941 ], [ 100.15877803, -0.593163426999977 ], [ 100.158500886, -0.593495218999975 ], [ 100.157813882, -0.592925316999925 ], [ 100.157735813, -0.592812117999932 ], [ 100.157111264, -0.592328091999946 ], [ 100.157111264, -0.592207085999977 ], [ 100.155893393, -0.591296609999969 ], [ 100.155678932, -0.591085158999931 ], [ 100.15556062, -0.590732379999963 ], [ 100.15545642, -0.590427979999963 ], [ 100.155381402, -0.590039702999954 ], [ 100.155368413757543, -0.590044556120201 ], [ 100.155086167, -0.59015001899997 ], [ 100.154900284, -0.590349893999925 ], [ 100.154779742, -0.590496895999932 ], [ 100.154748745, -0.590511996999968 ], [ 100.15472754, -0.590550986999972 ], [ 100.154721549, -0.590556716999975 ], [ 100.154580977, -0.590691177999934 ], [ 100.154462531, -0.590804788999952 ], [ 100.154392035, -0.590832872999956 ], [ 100.154390541, -0.59083291499997 ], [ 100.154186435, -0.590894426999962 ], [ 100.154082324, -0.590899595999926 ], [ 100.153764992, -0.590915349999939 ], [ 100.153615544, -0.590942249999956 ], [ 100.153241925, -0.590631398999967 ], [ 100.152982662779507, -0.590480962139754 ], [ 100.15297975, -0.590479271999934 ], [ 100.152515609, -0.590209955999973 ], [ 100.1526262, -0.589818402999928 ], [ 100.152458819, -0.589785524999969 ], [ 100.151765382, -0.589618142999945 ], [ 100.150420352, -0.589271424999935 ], [ 100.150049439, -0.589192961999972 ], [ 100.150051395, -0.589163312999981 ], [ 100.150030240200252, -0.589157845013435 ], [ 100.149750716, -0.58908559499998 ], [ 100.149743434, -0.589084202999969 ], [ 100.14970901, -0.589077621999939 ], [ 100.14962633, -0.589085889999989 ], [ 100.14954055, -0.589093123999935 ], [ 100.149467172, -0.589108626999973 ], [ 100.149324549, -0.58916236899995 ], [ 100.14920673, -0.589213009999977 ], [ 100.149116791, -0.589266973999941 ], [ 100.149098364, -0.589272347999959 ], [ 100.149097734, -0.589271714999938 ], [ 100.14908269, -0.589256579999923 ], [ 100.14897858, -0.589151809999987 ], [ 100.14893095, -0.589073939999936 ], [ 100.148907247, -0.58903517999995 ], [ 100.14882771, -0.588905119999935 ], [ 100.1488238, -0.588887429999942 ], [ 100.148513737, -0.588443043999976 ], [ 100.14848018, -0.588413081999929 ], [ 100.148383031, -0.588334535999929 ], [ 100.14831482, -0.588262190999959 ], [ 100.148263145, -0.588150572999961 ], [ 100.148234207, -0.588059624999975 ], [ 100.148236768, -0.588046087999943 ], [ 100.148033011, -0.587754059999958 ], [ 100.14782317, -0.587480198999971 ], [ 100.14774286, -0.587423069999941 ], [ 100.14747, -0.587228979999963 ], [ 100.14715575, -0.587013959999987 ], [ 100.147128978, -0.586992102999942 ], [ 100.14655172, -0.586654396999961 ], [ 100.1464707, -0.586628199999949 ], [ 100.14620039, -0.586509529999955 ], [ 100.14612505, -0.586476449999969 ], [ 100.14558457, -0.586286779999967 ], [ 100.14532061, -0.586153979999946 ], [ 100.145165323, -0.586072844999941 ], [ 100.14502593, -0.586427663999936 ], [ 100.144885905, -0.586749720999944 ], [ 100.144871787, -0.586732827999928 ], [ 100.144831434, -0.586684539999965 ], [ 100.144777594, -0.586507186999945 ], [ 100.144664445, -0.586244387999961 ], [ 100.144427196, -0.586094737999937 ], [ 100.144138847, -0.586032689 ], [ 100.143956348, -0.586003488999953 ], [ 100.143525649, -0.585769889999939 ], [ 100.143160651, -0.585638489999953 ], [ 100.14295929, -0.585645767999951 ], [ 100.14294233, -0.585641139999959 ], [ 100.14275413, -0.585635299999977 ], [ 100.1426481, -0.585628169999958 ], [ 100.14256681, -0.585606839999974 ], [ 100.14248554, -0.585585519999941 ], [ 100.14238298, -0.585510839999933 ], [ 100.14228254, -0.585462419999943 ], [ 100.14221329, -0.585428989999976 ], [ 100.14213552, -0.585375629999931 ], [ 100.142013, -0.585199779999932 ], [ 100.14195569, -0.585035109999981 ], [ 100.14194625, -0.584944959999971 ], [ 100.14194623, -0.584840579999942 ], [ 100.14196505, -0.584707729999938 ], [ 100.14190882, -0.584602889999932 ], [ 100.14187147, -0.58457506999998 ], [ 100.14180106, -0.584514644999956 ], [ 100.14174278, -0.584464629999955 ], [ 100.14169365, -0.584387759999975 ], [ 100.14168271, -0.584277929999933 ], [ 100.141739904, -0.584147717999945 ], [ 100.1417503, -0.584124049999962 ], [ 100.141786596, -0.58405825099993 ], [ 100.14179413, -0.584053713999935 ], [ 100.141922932, -0.583721223999938 ], [ 100.141927991, -0.583708163999971 ], [ 100.14193144, -0.583709539999968 ], [ 100.142079516, -0.583768590999964 ], [ 100.142086094, -0.583771959999979 ], [ 100.142094897, -0.583776468999939 ], [ 100.142119624, -0.583777124999928 ], [ 100.142146898, -0.583777848999941 ], [ 100.1422307, -0.583780073999944 ], [ 100.142694814, -0.583687644999945 ], [ 100.143109764, -0.583510651999973 ], [ 100.143117293, -0.583495764999962 ], [ 100.143176627, -0.583483119999933 ], [ 100.143423912, -0.583403159999944 ], [ 100.143552572, -0.583392437999982 ], [ 100.143737666, -0.583303318999927 ], [ 100.143781484284304, -0.583218116614283 ], [ 100.143810913, -0.583160893999948 ], [ 100.143762669, -0.583046537999963 ], [ 100.143512913, -0.582891177999961 ], [ 100.143555107, -0.582843891999972 ], [ 100.143548701, -0.582839295999974 ], [ 100.14356204, -0.582826499999963 ], [ 100.14356374, -0.582821389999934 ], [ 100.14358078, -0.582769869999934 ], [ 100.14361201, -0.582691219999955 ], [ 100.14361823, -0.582508769999948 ], [ 100.14362446, -0.582414399999948 ], [ 100.1436432, -0.582373499999965 ], [ 100.14369789, -0.582333379999973 ], [ 100.14374943, -0.582307419999945 ], [ 100.14392092, -0.582228739999952 ], [ 100.14400252, -0.582225579999947 ], [ 100.144079092, -0.582199864999957 ], [ 100.14408688, -0.582197249999987 ], [ 100.14414937, -0.582150059999949 ], [ 100.14420248, -0.582096569999979 ], [ 100.144252456, -0.582017470999976 ], [ 100.14425319, -0.582016309999976 ], [ 100.14426808, -0.581992749999925 ], [ 100.14430464, -0.581908549999982 ], [ 100.14435866, -0.581810279999965 ], [ 100.14445864, -0.581731619999966 ], [ 100.14450239, -0.581737899999962 ], [ 100.14453849, -0.581741049999958 ], [ 100.14457426, -0.581744179999938 ], [ 100.14462425, -0.581734729999934 ], [ 100.14466799, -0.581681239999973 ], [ 100.14470234, -0.581549119999988 ], [ 100.14472008, -0.581468669999932 ], [ 100.14472731, -0.58143586999995 ], [ 100.14471793, -0.581385539999926 ], [ 100.14474917, -0.581347779999933 ], [ 100.14478354, -0.581335189999952 ], [ 100.14480906, -0.581335189999952 ], [ 100.14483978, -0.581335179999946 ], [ 100.14488665, -0.581300569999944 ], [ 100.14491163, -0.581247089999979 ], [ 100.14492035, -0.581222709999973 ], [ 100.14493974, -0.581168439999948 ], [ 100.14493973, -0.581096089999964 ], [ 100.14494909, -0.58102687999997 ], [ 100.14499282, -0.58093878999995 ], [ 100.14499905, -0.580872729999964 ], [ 100.14500217, -0.58082239999994 ], [ 100.14503652, -0.58071858999995 ], [ 100.14507088, -0.580633649999923 ], [ 100.14511773, -0.580523539999942 ], [ 100.1451927, -0.580422859999945 ], [ 100.145202662, -0.580415962999954 ], [ 100.14529268, -0.58035363999994 ], [ 100.14530517, -0.58033160999997 ], [ 100.14538016, -0.580300139999971 ], [ 100.145411362, -0.580297143999931 ], [ 100.14544578, -0.580293839999965 ], [ 100.14548953, -0.580315849999983 ], [ 100.14553954, -0.580350439999957 ], [ 100.14558954, -0.58037244999998 ], [ 100.14562391, -0.580359859999941 ], [ 100.14563328, -0.580331549999928 ], [ 100.14560514, -0.580284369999963 ], [ 100.14555514, -0.580224609999957 ], [ 100.145544023, -0.580202240999942 ], [ 100.145527, -0.58016798999995 ], [ 100.14552699, -0.580120809999924 ], [ 100.14554885, -0.580061039999983 ], [ 100.14559572, -0.580042149999937 ], [ 100.14564259, -0.580029559999961 ], [ 100.14571758, -0.579994939999957 ], [ 100.1457707, -0.57999177999995 ], [ 100.145827169, -0.580000865999981 ], [ 100.14584882, -0.580004349999974 ], [ 100.14600784, -0.579978119999969 ], [ 100.1460079, -0.579978109999959 ], [ 100.14602068, -0.579976009999946 ], [ 100.14606755, -0.579982289999987 ], [ 100.1461238, -0.580001149999929 ], [ 100.14618022, -0.580022769999974 ], [ 100.14618943, -0.580026299999934 ], [ 100.14628005, -0.58002942999997 ], [ 100.14639253, -0.579966489999955 ], [ 100.14653625, -0.579856359999959 ], [ 100.14661435, -0.579780849999969 ], [ 100.14664192, -0.57975719999997 ], [ 100.1466987, -0.579708479999973 ], [ 100.14678306, -0.579658139999942 ], [ 100.14678618, -0.579595219999926 ], [ 100.14678928, -0.579500849999931 ], [ 100.14678927, -0.579415919999977 ], [ 100.14680488, -0.579362439999958 ], [ 100.14684237, -0.57933725999993 ], [ 100.14690486, -0.579296359999947 ], [ 100.14699547, -0.579252299999952 ], [ 100.14704545, -0.579192519999947 ], [ 100.14709857, -0.579189359999928 ], [ 100.14716809, -0.579168939999934 ], [ 100.14717356, -0.579167329999959 ], [ 100.14722668, -0.579161029999967 ], [ 100.14731104, -0.579123259999961 ], [ 100.14737041, -0.579085499999965 ], [ 100.147400995, -0.579055799999943 ], [ 100.14745789, -0.57900054999993 ], [ 100.14751099, -0.578934479999937 ], [ 100.14752079, -0.57889768299998 ], [ 100.14754534, -0.578805499999937 ], [ 100.14760781, -0.578679659999981 ], [ 100.14762343, -0.578629329999959 ], [ 100.14762654, -0.57856326999997 ], [ 100.14763903, -0.578522369999969 ], [ 100.14768902, -0.578487759999983 ], [ 100.14772026, -0.578487749999974 ], [ 100.14776089, -0.578503469999931 ], [ 100.14778902, -0.578528629999944 ], [ 100.14778902, -0.578560089999938 ], [ 100.14778278, -0.578594689999931 ], [ 100.14778279, -0.57862929 ], [ 100.14777967, -0.578667039999983 ], [ 100.14777968, -0.578695349999977 ], [ 100.1478025, -0.578712191999964 ], [ 100.14782656, -0.578729949999974 ], [ 100.1478578, -0.578736229999946 ], [ 100.1479078, -0.57871105999994 ], [ 100.14794216, -0.578682739999987 ], [ 100.147943688, -0.578675348999983 ], [ 100.147953997, -0.578625490999973 ], [ 100.14795777, -0.57860723999994 ], [ 100.14796086, -0.578434219999971 ], [ 100.14800231, -0.578222409999971 ], [ 100.14808005, -0.578082579999951 ], [ 100.148085164, -0.578060253999982 ], [ 100.14813001, -0.577864469999959 ], [ 100.14811792, -0.577629599999969 ], [ 100.14816234, -0.577525199999974 ], [ 100.148165371, -0.577479321999938 ], [ 100.14816973, -0.57741334999997 ], [ 100.1481676, -0.577291449999971 ], [ 100.14822803, -0.577233531999985 ], [ 100.148231781, -0.577224278999959 ], [ 100.148266884, -0.577137690999965 ], [ 100.148357347, -0.576771905999978 ], [ 100.148344749, -0.576618625 ], [ 100.14835474, -0.576615479999929 ], [ 100.148409324, -0.576553634999932 ], [ 100.14841398, -0.576548359999953 ], [ 100.14844358, -0.57639176 ], [ 100.14844355, -0.576272459999929 ], [ 100.14835463, -0.576078609999973 ], [ 100.14825088, -0.575795289999981 ], [ 100.14806566, -0.575549259999951 ], [ 100.14788466, -0.57537983999993 ], [ 100.1477471, -0.575251069999983 ], [ 100.14754315, -0.575127179999927 ], [ 100.14751508, -0.575110828999935 ], [ 100.14743759, -0.575065689999975 ], [ 100.14712649, -0.575043379999961 ], [ 100.14698761, -0.575009859999966 ], [ 100.1466613, -0.574875709999959 ], [ 100.14641816, -0.574818179999964 ], [ 100.14635428, -0.574803069999977 ], [ 100.14620427, -0.574724809999973 ], [ 100.14605984, -0.574719239999978 ], [ 100.14588383, -0.574683039999966 ], [ 100.1456675, -0.574642879999941 ], [ 100.145591265, -0.574501205999975 ], [ 100.14554868, -0.574422065999952 ], [ 100.14554314, -0.574411769999931 ], [ 100.14550978, -0.574255189999972 ], [ 100.14537641, -0.573992379999942 ], [ 100.145355038, -0.573852777999954 ], [ 100.145320942, -0.573772864999973 ], [ 100.145201468, -0.573336243999961 ], [ 100.14517628, -0.57330455999995 ], [ 100.1450707, -0.573136809999943 ], [ 100.14497621, -0.572901959999973 ], [ 100.1449307, -0.572745539999978 ], [ 100.14490951, -0.572672679999931 ], [ 100.14489634, -0.572635779999933 ], [ 100.144839581, -0.572476713999949 ], [ 100.144806895, -0.572442267999978 ], [ 100.144546342, -0.572273508999963 ], [ 100.144543333, -0.572271559999934 ], [ 100.144499063, -0.572248139999941 ], [ 100.144303217, -0.572162881999931 ], [ 100.143821484, -0.571926331999973 ], [ 100.143454521, -0.571712642999961 ], [ 100.142040833, -0.570889429999971 ], [ 100.142035, -0.57088329999994 ], [ 100.142032175, -0.570881516999984 ], [ 100.14197593, -0.570846021999953 ], [ 100.141791107, -0.570729383999947 ], [ 100.14178267, -0.570724059999972 ], [ 100.14158266, -0.57058883999998 ], [ 100.1415547, -0.570576129999953 ], [ 100.141503143, -0.570552705999946 ], [ 100.141450704, -0.570520134999928 ], [ 100.14123157, -0.570359436999982 ], [ 100.141228265, -0.570357783999953 ], [ 100.141204881, -0.570346092999951 ], [ 100.141155943, -0.570340296999984 ], [ 100.141107473810308, -0.570321052046424 ], [ 100.141039934, -0.570294234999952 ], [ 100.140973957, -0.570248337999946 ], [ 100.140910425, -0.570185802999957 ], [ 100.140806271, -0.570150515999959 ], [ 100.140799087, -0.570151798999973 ], [ 100.140672572, -0.570139936999964 ], [ 100.140657187, -0.570136650999937 ], [ 100.140387879, -0.570078762999974 ], [ 100.14019514, -0.570016599999981 ], [ 100.140104221, -0.570002352999955 ], [ 100.139735011, -0.569944498999972 ], [ 100.1393405, -0.56988267999998 ], [ 100.13902104, -0.569827599999946 ], [ 100.13901489, -0.569826539999961 ], [ 100.13858838, -0.569859349999948 ], [ 100.13849504, -0.569866529999957 ], [ 100.138473249, -0.569868206999959 ], [ 100.13842865, -0.569871639999982 ], [ 100.13811298, -0.570006919999974 ], [ 100.137604, -0.570388089999941 ], [ 100.1375123, -0.570442029999929 ], [ 100.13731229, -0.570706399999955 ], [ 100.13688726, -0.571268229999935 ], [ 100.13685169, -0.571324529999972 ], [ 100.13682736, -0.571353539999965 ], [ 100.13677975, -0.571410339999942 ], [ 100.13676135, -0.571432289999968 ], [ 100.13670225, -0.57150276999994 ], [ 100.13639894, -0.571864559999944 ], [ 100.13629834, -0.57196661999996 ], [ 100.13624277, -0.572022979999934 ], [ 100.13614924, -0.572117869999949 ], [ 100.13595744, -0.572197489999958 ], [ 100.13582355, -0.572226439999964 ], [ 100.1357326, -0.572202789999951 ], [ 100.13564261, -0.572179389999981 ], [ 100.13547252, -0.572128729999981 ], [ 100.13529808, -0.572083109999938 ], [ 100.1352373, -0.572067209999952 ], [ 100.135210271, -0.572063270999935 ], [ 100.135210313, -0.572063103999935 ], [ 100.13525542, -0.571887689999928 ], [ 100.135127531, -0.571577103999973 ], [ 100.135066618, -0.571429172999959 ], [ 100.13503986, -0.571364189999943 ], [ 100.13503333, -0.571214106999954 ], [ 100.13503397, -0.571210619999936 ], [ 100.135073243, -0.571121738999983 ], [ 100.135077377, -0.571012187999941 ], [ 100.135100114, -0.570906771999946 ], [ 100.135087712, -0.570778617999969 ], [ 100.135047779, -0.570710343999965 ], [ 100.135025702, -0.570617391999983 ], [ 100.134983188, -0.570573931999943 ], [ 100.134968058, -0.570440784999966 ], [ 100.134967911, -0.570440297999935 ], [ 100.134953358, -0.570392088999942 ], [ 100.134926487, -0.570305274999958 ], [ 100.13486241, -0.570228795999981 ], [ 100.134763194, -0.570195723999979 ], [ 100.134688782, -0.570206058999933 ], [ 100.134610936, -0.570196526999953 ], [ 100.134610236, -0.570189522999955 ], [ 100.134597834, -0.570084105999971 ], [ 100.134570963, -0.569918746999985 ], [ 100.13451102, -0.569796793999958 ], [ 100.134463479, -0.569714113999969 ], [ 100.134421199, -0.569701492999976 ], [ 100.134224217, -0.569549279999934 ], [ 100.13422164, -0.569542552999966 ], [ 100.134188568, -0.569484676999932 ], [ 100.134161697, -0.56944747099994 ], [ 100.13413896, -0.569399929999971 ], [ 100.134103821, -0.569348254999967 ], [ 100.134114156, -0.569302780999979 ], [ 100.134122424, -0.569271775999934 ], [ 100.134190635, -0.569224234999983 ], [ 100.134331191, -0.569145688999931 ], [ 100.134287784, -0.569067142999932 ], [ 100.134231975, -0.568974127999979 ], [ 100.134116223, -0.568874912999947 ], [ 100.134060414, -0.568829438999958 ], [ 100.133995425, -0.568817969999943 ], [ 100.13388773, -0.56852280999994 ], [ 100.133790683, -0.568256831999982 ], [ 100.133799973, -0.568219673999982 ], [ 100.133835112, -0.568128725999945 ], [ 100.133814442, -0.568008839999955 ], [ 100.133833045, -0.567868283999931 ], [ 100.133823174, -0.567860222999964 ], [ 100.133709025, -0.567767001999926 ], [ 100.133510593, -0.567725661999929 ], [ 100.133248712, -0.567642806999971 ], [ 100.133223133, -0.567645499999969 ], [ 100.133188141, -0.567649182999966 ], [ 100.133117863, -0.56764091499997 ], [ 100.133012446, -0.567622311999974 ], [ 100.132909097, -0.567585105999975 ], [ 100.132814015, -0.567516894999923 ], [ 100.132760273, -0.567444549999949 ], [ 100.132710665, -0.567386673999981 ], [ 100.132665191, -0.567283323999966 ], [ 100.13264183, -0.567206054999932 ], [ 100.13247527, -0.56711415999996 ], [ 100.132374287, -0.567058446999964 ], [ 100.132318768, -0.567027816999942 ], [ 100.132290459, -0.567012197999935 ], [ 100.132231121, -0.566884392999962 ], [ 100.132119503, -0.56669216299997 ], [ 100.132088498, -0.566572276999981 ], [ 100.132105034, -0.566371777999967 ], [ 100.132150508, -0.566249824999937 ], [ 100.132263447, -0.566040081999975 ], [ 100.13231823, -0.565970889999958 ], [ 100.132345896, -0.565896183999949 ], [ 100.132348826, -0.565888272999928 ], [ 100.13235089, -0.56588269999998 ], [ 100.13241393, -0.565895909999947 ], [ 100.13260243, -0.565821559999969 ], [ 100.13269892, -0.565671399999927 ], [ 100.1327331, -0.565606809999966 ], [ 100.13278204, -0.565514309999976 ], [ 100.132745827, -0.565357188999936 ], [ 100.13261765, -0.56513881399996 ], [ 100.132516367, -0.565000324999971 ], [ 100.132351947, -0.564737251999936 ], [ 100.132291064, -0.564706810999961 ], [ 100.13218358, -0.564504244999961 ], [ 100.13201822, -0.564359554999951 ], [ 100.131898335, -0.56425207099994 ], [ 100.131835993, -0.564130668999962 ], [ 100.131819789, -0.564099113999926 ], [ 100.131701292, -0.564020820999938 ], [ 100.13168357, -0.56400911199996 ], [ 100.131588285, -0.563946155999931 ], [ 100.131555213, -0.563871743999925 ], [ 100.131468862, -0.56375085199994 ], [ 100.131431193, -0.563698115999957 ], [ 100.131403279, -0.563668871999934 ], [ 100.131257565, -0.563516219999938 ], [ 100.131242723, -0.563443657999927 ], [ 100.131220359, -0.563334323999933 ], [ 100.131261699, -0.563251643999934 ], [ 100.131282369, -0.56314829499997 ], [ 100.131258344, -0.56305486399998 ], [ 100.131245163, -0.563003604999958 ], [ 100.131246643, -0.562974011999923 ], [ 100.131253431, -0.562838244999966 ], [ 100.131567615, -0.562689420999963 ], [ 100.131797384, -0.562614819999969 ], [ 100.131885933, -0.562586070999943 ], [ 100.13218358, -0.562557132999933 ], [ 100.13230667, -0.562586094999979 ], [ 100.13232779, -0.562562439999966 ], [ 100.13239314, -0.562550559999984 ], [ 100.13240741, -0.562547969999972 ], [ 100.132433609, -0.562553582999962 ], [ 100.1324834, -0.562564249999988 ], [ 100.132491596, -0.56256530099996 ], [ 100.13255397, -0.562573299999948 ], [ 100.132592334, -0.562569701999966 ], [ 100.13261187, -0.562567869999966 ], [ 100.13264625, -0.562528059999986 ], [ 100.13275119, -0.562464729999933 ], [ 100.132847426, -0.562441498999933 ], [ 100.132862589, -0.562434146999982 ], [ 100.133069289, -0.562539563999973 ], [ 100.133263587, -0.562698721999934 ], [ 100.133488889, -0.562919890999989 ], [ 100.133714192, -0.563153461999952 ], [ 100.133932841, -0.563330642999974 ], [ 100.133990465, -0.563273018999956 ], [ 100.133997371, -0.563258878999938 ], [ 100.134117257, -0.563184466999926 ], [ 100.13428055, -0.563070781999962 ], [ 100.134400436, -0.562944694999942 ], [ 100.134447058, -0.562902871999933 ], [ 100.134540991, -0.562818607999936 ], [ 100.134680347, -0.562712507999955 ], [ 100.13470079, -0.562682229999955 ], [ 100.134709514, -0.562660760999963 ], [ 100.134882376, -0.562466290999962 ], [ 100.135063981, -0.562100408999934 ], [ 100.135192518, -0.561909983999955 ], [ 100.135324609, -0.561800712999967 ], [ 100.135440136, -0.561634218999936 ], [ 100.13553315, -0.561241488999944 ], [ 100.13557449, -0.561007917999979 ], [ 100.13561583, -0.560894232999951 ], [ 100.135762587, -0.560772279999984 ], [ 100.135805907, -0.560735061999941 ], [ 100.135839474, -0.560706222999958 ], [ 100.135953411, -0.560647205999942 ], [ 100.136041709, -0.560557730999968 ], [ 100.136054034, -0.560507704999974 ], [ 100.136109843, -0.560441560999957 ], [ 100.136146533, -0.560419674999947 ], [ 100.13615056, -0.560408319999975 ], [ 100.136249186, -0.560291465999976 ], [ 100.136257227, -0.560281938999939 ], [ 100.13635259, -0.560168949999936 ], [ 100.13623694, -0.560081667999966 ], [ 100.13597215, -0.559881829999933 ], [ 100.13580702, -0.559790709999961 ], [ 100.13560362, -0.559678469999945 ], [ 100.13471192, -0.558769189999962 ], [ 100.13418878, -0.55818292999993 ], [ 100.134027102, -0.557947452999949 ], [ 100.13373695, -0.55752485999995 ], [ 100.133610606, -0.557420647999945 ], [ 100.133021231, -0.556934515999958 ], [ 100.132796445, -0.556847050999983 ], [ 100.132479054, -0.556639525999969 ], [ 100.132472648, -0.556632120999951 ], [ 100.132227226, -0.556348421999931 ], [ 100.132214853, -0.556334118999936 ], [ 100.131991439, -0.556184322999965 ], [ 100.131955042, -0.556159918999925 ], [ 100.131861017, -0.55613800099997 ], [ 100.131860733, -0.556138380999931 ], [ 100.131860724, -0.556137931999957 ], [ 100.131860351, -0.556120058999971 ], [ 100.131909419, -0.555984829999948 ], [ 100.131921418, -0.555756840999947 ], [ 100.131905554, -0.55550747199994 ], [ 100.131867717, -0.554912728999965 ], [ 100.131923526, -0.554755636999968 ], [ 100.131985186, -0.554673423999934 ], [ 100.131986569, -0.554657970999936 ], [ 100.132025245, -0.55457094999998 ], [ 100.132027909, -0.554564955999983 ], [ 100.132026024, -0.554560431999972 ], [ 100.132029976, -0.554507079999951 ], [ 100.132071612, -0.554469826999934 ], [ 100.132108522, -0.554436801999946 ], [ 100.132356562, -0.554349987999965 ], [ 100.132596334, -0.554093680999934 ], [ 100.132759627, -0.553775362999949 ], [ 100.132941523, -0.553541791999975 ], [ 100.133125485, -0.553202804999966 ], [ 100.133176521, -0.553064634999943 ], [ 100.133210232, -0.552973367999928 ], [ 100.13330118, -0.552901022999955 ], [ 100.133340594, -0.552865036999953 ], [ 100.13335975, -0.552858019999978 ], [ 100.13349863, -0.552841209999947 ], [ 100.133514355, -0.552831238999953 ], [ 100.1336486, -0.552746119999939 ], [ 100.1336708, -0.552617489999933 ], [ 100.13365966, -0.552455309999967 ], [ 100.133644747, -0.552318316999954 ], [ 100.1336207, -0.55209740999994 ], [ 100.133604226, -0.551732105999974 ], [ 100.13359014, -0.551419759999938 ], [ 100.13358835, -0.551379979999979 ], [ 100.13362739, -0.551271149999942 ], [ 100.13359274, -0.551124339999946 ], [ 100.1335427, -0.550906249999974 ], [ 100.13349824, -0.550766449999971 ], [ 100.13347045, -0.550688169999954 ], [ 100.13337599, -0.550609889999986 ], [ 100.13324266, -0.550593139999939 ], [ 100.13310463, -0.550570009999951 ], [ 100.13300934, -0.550554039999953 ], [ 100.13290379, -0.550559649999976 ], [ 100.13274451, -0.550544489999941 ], [ 100.13226501, -0.550504069999943 ], [ 100.13222772, -0.550500929999941 ], [ 100.13202062, -0.550421199999963 ], [ 100.1318123, -0.550412849999937 ], [ 100.13161648, -0.550412889999968 ], [ 100.13133317, -0.55041713999998 ], [ 100.13112902, -0.550417179999955 ], [ 100.1309082, -0.550421409999956 ], [ 100.1306374, -0.550480179999963 ], [ 100.13052076, -0.550631199999938 ], [ 100.13047495, -0.550702509999957 ], [ 100.13038747, -0.550799 ], [ 100.130304102, -0.550886604999961 ], [ 100.13029166, -0.550899679999929 ], [ 100.13002087, -0.551029749999952 ], [ 100.12987088, -0.550992029999983 ], [ 100.12978752, -0.550866219999933 ], [ 100.1296875, -0.550723629999935 ], [ 100.12951471, -0.550249469999931 ], [ 100.12946889, -0.550131299999983 ], [ 100.12932489, -0.549989699999972 ], [ 100.12922487, -0.549855509999929 ], [ 100.12912069, -0.549742279999981 ], [ 100.12905402, -0.549679379999935 ], [ 100.12891652, -0.549645849999937 ], [ 100.12872904, -0.549662659999976 ], [ 100.12862072, -0.549708819999981 ], [ 100.12842489, -0.549683689999942 ], [ 100.12826516, -0.549589039999949 ], [ 100.12822984, -0.549492689999975 ], [ 100.12817901, -0.549348199999945 ], [ 100.1280227, -0.549261879999962 ], [ 100.12783733, -0.54915951999993 ], [ 100.12771858, -0.549115269999965 ], [ 100.12751119, -0.549115309999933 ], [ 100.12745934, -0.549122779999949 ], [ 100.12715567, -0.549160119999955 ], [ 100.12707421, -0.549249609999944 ], [ 100.12691867, -0.549309289999945 ], [ 100.12666685, -0.549346619999943 ], [ 100.12652612, -0.54936901999997 ], [ 100.12622924, -0.549371249999984 ], [ 100.12598543, -0.54946605999994 ], [ 100.12581509, -0.549577929999939 ], [ 100.125449667, -0.549622552999954 ], [ 100.12544822, -0.549622729999957 ], [ 100.12541993, -0.549626179999958 ], [ 100.1253249, -0.549689229999955 ], [ 100.12523345, -0.54973462999993 ], [ 100.12513761, -0.549684319999924 ], [ 100.12501261, -0.549646589999958 ], [ 100.12499595, -0.549646599999968 ], [ 100.12493345, -0.549663379999974 ], [ 100.124805817, -0.54972122999994 ], [ 100.12476681, -0.549738909999974 ], [ 100.124650616, -0.549852270999969 ], [ 100.12463351, -0.549868959999972 ], [ 100.12454187, -0.549969639999981 ], [ 100.12449605, -0.550053539999971 ], [ 100.12433357, -0.550074539999977 ], [ 100.12424191, -0.55009132999994 ], [ 100.12413358, -0.550087159999977 ], [ 100.12407942, -0.550091359999963 ], [ 100.12402943, -0.550103959999941 ], [ 100.12387527, -0.550108179999946 ], [ 100.12370029, -0.550120799999944 ], [ 100.12356697, -0.550158569999963 ], [ 100.12349615, -0.550208909999981 ], [ 100.12329617, -0.550255089999947 ], [ 100.12305869, -0.55029287999997 ], [ 100.12281704, -0.550284539999955 ], [ 100.122684102, -0.550272114999927 ], [ 100.122671932, -0.550270976999971 ], [ 100.12245873, -0.550251049999931 ], [ 100.122164011062111, -0.550238516583724 ], [ 100.12212976, -0.550237059999971 ], [ 100.12210829, -0.550236149999933 ], [ 100.12201484, -0.550250559999933 ], [ 100.121911, -0.550370049999969 ], [ 100.121915828, -0.550418535999946 ], [ 100.12191956, -0.550456009999945 ], [ 100.12189215, -0.550523789999949 ], [ 100.1218505, -0.550620269999977 ], [ 100.12185885, -0.550695759999946 ], [ 100.1217672, -0.55076707999996 ], [ 100.12165472, -0.550863569999936 ], [ 100.12160474, -0.550926489999935 ], [ 100.12147698, -0.550973119999986 ], [ 100.12137699, -0.551002499999923 ], [ 100.1212895, -0.551044459999963 ], [ 100.121149836, -0.551070051999947 ], [ 100.12110619, -0.551078049999944 ], [ 100.120932406, -0.551043098999976 ], [ 100.12091869, -0.551040339999931 ], [ 100.1208312, -0.55107390999996 ], [ 100.12076494, -0.551143313999955 ], [ 100.12072707, -0.551182979999961 ], [ 100.12055627, -0.551334 ], [ 100.12047713, -0.551455649999982 ], [ 100.12038133, -0.551560529999968 ], [ 100.12030218, -0.551636039999957 ], [ 100.12027303, -0.551728319999938 ], [ 100.12018556, -0.551841579999981 ], [ 100.12010641, -0.55190450999994 ], [ 100.11982312, -0.552068139999971 ], [ 100.11961483, -0.552223369999989 ], [ 100.11954818, -0.552294689999946 ], [ 100.11949404, -0.552378579999929 ], [ 100.11945239, -0.552491839999958 ], [ 100.11941075, -0.552609279999957 ], [ 100.11933994, -0.552693179999952 ], [ 100.119281909, -0.552755049999972 ], [ 100.11927631, -0.552761019999934 ], [ 100.11926912, -0.552768689999936 ], [ 100.11915664, -0.552852599999935 ], [ 100.11891501, -0.552932339999934 ], [ 100.11867338, -0.553066599999966 ], [ 100.1185984, -0.553154699999943 ], [ 100.11856926, -0.553246969999973 ], [ 100.1185276, -0.553305699999957 ], [ 100.118479411, -0.553341571999976 ], [ 100.118414661, -0.553360929999937 ], [ 100.118083941, -0.553427073999965 ], [ 100.117612665, -0.553538691999963 ], [ 100.116988432, -0.553666845999947 ], [ 100.11654196, -0.553914884999924 ], [ 100.116211241, -0.554448170999941 ], [ 100.116037613, -0.554956651999932 ], [ 100.115901191, -0.555436195999966 ], [ 100.116037613, -0.555791718999961 ], [ 100.115938397, -0.55582065699997 ], [ 100.115777171, -0.555886800999933 ], [ 100.115359638, -0.555841326999936 ], [ 100.115016516, -0.555961212999932 ], [ 100.114981377, -0.556105902999941 ], [ 100.114973448, -0.556174888999975 ], [ 100.114940037, -0.556465560999923 ], [ 100.115016516, -0.556821083999985 ], [ 100.115091274, -0.556958795999955 ], [ 100.115084807, -0.556962157999975 ], [ 100.11507986, -0.556964729999955 ], [ 100.1149487, -0.557032909999976 ], [ 100.11480427, -0.55708326999997 ], [ 100.11449318, -0.55710569999997 ], [ 100.1142161, -0.557165979999981 ], [ 100.11400434, -0.557212049999972 ], [ 100.11344887, -0.557491779999967 ], [ 100.11311639, -0.557735239999941 ], [ 100.113085932, -0.557761609999955 ], [ 100.1126546, -0.558135049999987 ], [ 100.11216583, -0.558632869999939 ], [ 100.11199921, -0.558789489999932 ], [ 100.11186591, -0.558974059999976 ], [ 100.11166597, -0.559197799999947 ], [ 100.11151045, -0.559343229999969 ], [ 100.111414252, -0.559414462999943 ], [ 100.1113216, -0.559483069999947 ], [ 100.11128828, -0.559561369999932 ], [ 100.11119386, -0.559678829999945 ], [ 100.111151396, -0.559695938999941 ], [ 100.11108905, -0.55980478199996 ], [ 100.110988325, -0.559833246999979 ], [ 100.11088541, -0.559944920999949 ], [ 100.110721185, -0.560074110999954 ], [ 100.110535064, -0.560174835999937 ], [ 100.110392735, -0.560293077999983 ], [ 100.110307421, -0.560291875999957 ], [ 100.11028293, -0.560316539999977 ], [ 100.10992738, -0.560277459999954 ], [ 100.10977185, -0.560311039999927 ], [ 100.109708916, -0.560276273999931 ], [ 100.1094885, -0.560154509999962 ], [ 100.109419392, -0.560159465999963 ], [ 100.109407151, -0.560155739999971 ], [ 100.109346967, -0.56013768499998 ], [ 100.109271738, -0.560119629999976 ], [ 100.109178454, -0.56009555699996 ], [ 100.109079152, -0.560068473999946 ], [ 100.108961794, -0.560032363999938 ], [ 100.108841428, -0.559990235999975 ], [ 100.108754162, -0.559960143999946 ], [ 100.108606713, -0.55991199799997 ], [ 100.108486347, -0.559872878999955 ], [ 100.108390053, -0.559848804999948 ], [ 100.108254641, -0.559809685999937 ], [ 100.108152329, -0.559776584999953 ], [ 100.108037981, -0.559770566999937 ], [ 100.107773175, -0.559812694999952 ], [ 100.107655817, -0.559872878999955 ], [ 100.107523414, -0.559966162999956 ], [ 100.107436148, -0.560089537999947 ], [ 100.107397029, -0.560230968999978 ], [ 100.107276663, -0.560447628999957 ], [ 100.107183379, -0.560513829999942 ], [ 100.107066021, -0.560610123999945 ], [ 100.106870426, -0.560646233999937 ], [ 100.106683858, -0.560637205999963 ], [ 100.106571014, -0.560632299999958 ], [ 100.106545436, -0.560631187999948 ], [ 100.106443125, -0.560589059999922 ], [ 100.106280821, -0.560548104999955 ], [ 100.106121144, -0.560507811999977 ], [ 100.105970686, -0.560528875999981 ], [ 100.105829255, -0.560561976999958 ], [ 100.105741989, -0.560637205999963 ], [ 100.105675788, -0.560706416999951 ], [ 100.105621623, -0.56081173799994 ], [ 100.105531348, -0.560998305999927 ], [ 100.105501256, -0.561166818999941 ], [ 100.105480192, -0.561302230999962 ], [ 100.105483201, -0.561479771999932 ], [ 100.10555843, -0.561666339999937 ], [ 100.105624632, -0.561804761999949 ], [ 100.105676038, -0.56198182299994 ], [ 100.105538879, -0.562276256999952 ], [ 100.105210645, -0.562363627999964 ], [ 100.105042986, -0.562663525999945 ], [ 100.104922555, -0.562765065999941 ], [ 100.104862407, -0.562794646999986 ], [ 100.10484225, -0.562791766999971 ], [ 100.104736929, -0.562779730999978 ], [ 100.104634617, -0.562752647999959 ], [ 100.104585389, -0.56274408699994 ], [ 100.10453319, -0.562814179999985 ], [ 100.10434574, -0.563053289999978 ], [ 100.1042916, -0.563162349999973 ], [ 100.10419997, -0.563321749999943 ], [ 100.10395837, -0.563632179999962 ], [ 100.10387506, -0.563686719999965 ], [ 100.10348761, -0.56384617999993 ], [ 100.10317097, -0.563917539999977 ], [ 100.10312515, -0.563946909999975 ], [ 100.10307933, -0.56401822 ], [ 100.10259185, -0.56399314999994 ], [ 100.10235277, -0.564072979999942 ], [ 100.10205476, -0.564174269999967 ], [ 100.10168709, -0.564386369999966 ], [ 100.10156336, -0.564437242999932 ], [ 100.10150604, -0.56446080999996 ], [ 100.10130418, -0.564578779999985 ], [ 100.10127975, -0.564658179999983 ], [ 100.10125791, -0.564706979999925 ], [ 100.10126087, -0.564765489999964 ], [ 100.10126537, -0.564883249999984 ], [ 100.10129799, -0.56497545999997 ], [ 100.1013571, -0.565059469999941 ], [ 100.1014395, -0.565104379999989 ], [ 100.101447166, -0.565112860999933 ], [ 100.10153544, -0.565210509999932 ], [ 100.10158741, -0.565319669999957 ], [ 100.10163896, -0.565413929999976 ], [ 100.10173168, -0.565516809999963 ], [ 100.10181215, -0.56561715 ], [ 100.10187848, -0.565699859999935 ], [ 100.10192949, -0.565763459999983 ], [ 100.10198476, -0.565840379999948 ], [ 100.10201273, -0.56587929999995 ], [ 100.1020717, -0.565969019999958 ], [ 100.10201465, -0.566021679999957 ], [ 100.10192026, -0.566103159999959 ], [ 100.100906141, -0.566054866999935 ], [ 100.10089403, -0.56605428999996 ], [ 100.100379557, -0.565956110999943 ], [ 100.099887437, -0.565862197999942 ], [ 100.099873995, -0.565863130999958 ], [ 100.099691206, -0.565789373999971 ], [ 100.099637679, -0.565755594999928 ], [ 100.099115829, -0.565624965999983 ], [ 100.099049797, -0.565620248999956 ], [ 100.099021318, -0.56561821499997 ], [ 100.098993185, -0.565616204999969 ], [ 100.09898829, -0.565614899999957 ], [ 100.098982496, -0.565615135999969 ], [ 100.09892596, -0.565601489999946 ], [ 100.098303024, -0.565631630999983 ], [ 100.09826591, -0.565621039999945 ], [ 100.098054279, -0.565543946999983 ], [ 100.09762146, -0.565386279999936 ], [ 100.09729871, -0.565055969999953 ], [ 100.097183016, -0.564979716999971 ] ] ] ] } }
]
}
