{
"type": "FeatureCollection",
"name": "kecamatan",
"crs": { "type": "name", "properties": { "name": "urn:ogc:def:crs:OGC:1.3:CRS84" } },
"features": [
{ "type": "Feature", "properties": { "fid": null, "kk": null, "gid": 79092, "bstt": null, "luas": 1.8561125601317641, "bsbtt": null, "idsls": "13060520020001", "kdkab": "06", "kdkec": "052", "kdsls": "0001", "nmkab": "PADANG PARIAMAN", "nmkec": "2 X 11 KAYU TANAM", "nmsls": "KORONG PASA USANG", "bstt_k": null, "kddesa": "002", "kdprov": "13", "khusus": null, "muatan": null, "nmdesa": "KAYU TANAM", "nmprov": "SUMATERA BARAT", "posisi": "", "rw_dki": "", "segmen": "", "sumber": "", "dom_sls": "", "periode": "2024_1", "tingkat": null, "nm_gedung": "", "wil_campur": null, "iddesa": "1306052002", "idkec": "1306052", "idkab": "1306" }, "geometry": { "type": "MultiPolygon", "coordinates": [ [ [ [ 100.321546427, -0.608663878999948 ], [ 100.321450134, -0.60755650699998 ], [ 100.321546427, -0.606256547999974 ], [ 100.32207604, -0.605293615999923 ], [ 100.322537313, -0.604870781999973 ], [ 100.32336011, -0.601845779999966 ], [ 100.32192383, -0.596473029999974 ], [ 100.321400637997328, -0.595732019721327 ], [ 100.32052055, -0.594508419999962 ], [ 100.31825334, -0.594478189999967 ], [ 100.31767288, -0.594439489999958 ], [ 100.31622789, -0.591987399999942 ], [ 100.3088745, -0.580725709999976 ], [ 100.30714667, -0.578884579999964 ], [ 100.30181061, -0.573198609999963 ], [ 100.29938821, -0.571522799999979 ], [ 100.29646724, -0.569502089999963 ], [ 100.296372933, -0.569436848999941 ], [ 100.29537243, -0.568744699999972 ], [ 100.2952823, -0.568682349999964 ], [ 100.294965665783593, -0.568449041940684 ], [ 100.29418218, -0.567871739999935 ], [ 100.29300969, -0.567365109999977 ], [ 100.29156218, -0.566771629999958 ], [ 100.28992648, -0.56600443999998 ], [ 100.28879954, -0.565205599999965 ], [ 100.28878294, -0.56519382999995 ], [ 100.28863637, -0.564999469999979 ], [ 100.28811708, -0.564310849999971 ], [ 100.2876394, -0.563616039999943 ], [ 100.28699887, -0.562989989999952 ], [ 100.2866653, -0.562643679999956 ], [ 100.286621358, -0.562598060999957 ], [ 100.28652481, -0.562497829999939 ], [ 100.28563228, -0.561669819999963 ], [ 100.28561577, -0.56165802999993 ], [ 100.28551019, -0.561582609999961 ], [ 100.28446839, -0.560972769999983 ], [ 100.28420154, -0.560771659999942 ], [ 100.283938282969615, -0.560619107086267 ], [ 100.283937191269999, -0.560618002749182 ], [ 100.2839184, -0.560607079999958 ], [ 100.283468471362326, -0.560344893922858 ], [ 100.28302049, -0.560172779999968 ], [ 100.281910203, -0.559745358999972 ], [ 100.28185198, -0.559737595999941 ], [ 100.281784767, -0.559727993999958 ], [ 100.281731956, -0.55972319299997 ], [ 100.281683946, -0.559701588999931 ], [ 100.281643138, -0.559684784999947 ], [ 100.281640612871399, -0.559664738553727 ], [ 100.281611951007562, -0.559651763250504 ], [ 100.28155432, -0.559624772999942 ], [ 100.281295068, -0.559480743999931 ], [ 100.281141437, -0.559346316999945 ], [ 100.280978204, -0.559135074999981 ], [ 100.280853379, -0.558818210999959 ], [ 100.280757359, -0.558597365999956 ], [ 100.280680544, -0.55821328899998 ], [ 100.280824573, -0.557915628999988 ], [ 100.281199048, -0.557646774999967 ], [ 100.281880786, -0.55726269699994 ], [ 100.282927397, -0.556744192999933 ], [ 100.283351667, -0.556486189999933 ], [ 100.283424709, -0.55612098099994 ], [ 100.283446957, -0.555965246999964 ], [ 100.283491452, -0.555800614999956 ], [ 100.283504801, -0.555644880999977 ], [ 100.283482553, -0.555449101999959 ], [ 100.283469204, -0.555293368999971 ], [ 100.283442507, -0.555115387999942 ], [ 100.283353517, -0.554901809999939 ], [ 100.283264526, -0.554710480999971 ], [ 100.283184435, -0.554545847999974 ], [ 100.283113242, -0.55439456399995 ], [ 100.283028701, -0.554247729999939 ], [ 100.282935261, -0.554096445999965 ], [ 100.282793509415242, -0.554021632688144 ], [ 100.282454712, -0.553842822999967 ], [ 100.282330125, -0.553820574999974 ], [ 100.282112099, -0.553771629999979 ], [ 100.281778384, -0.553651492999962 ], [ 100.281640449, -0.55356250299997 ], [ 100.281493614, -0.553451264999977 ], [ 100.281355679, -0.553295530999949 ], [ 100.281306734, -0.553175393999943 ], [ 100.281328982, -0.55306860499997 ], [ 100.281364578, -0.552912871999989 ], [ 100.281324532, -0.552788284999966 ], [ 100.281222193, -0.552672596999974 ], [ 100.280959671, -0.552685945999947 ], [ 100.280772791, -0.552774935999936 ], [ 100.280643755, -0.552877275999946 ], [ 100.280443526, -0.553019659999966 ], [ 100.280318939, -0.553108650999948 ], [ 100.280207701, -0.553215439999983 ], [ 100.280051967, -0.553451264999977 ], [ 100.279918482, -0.553647043999949 ], [ 100.279776097, -0.553776079999988 ], [ 100.279575868, -0.553873969999938 ], [ 100.279433483, -0.553882868999953 ], [ 100.279268851, -0.553980757999961 ], [ 100.279135365, -0.554078647999977 ], [ 100.279033026, -0.554114243999956 ], [ 100.278908439, -0.554180986999939 ], [ 100.278770504, -0.554323371999941 ], [ 100.278672614, -0.554523600999968 ], [ 100.278628119, -0.554723828999955 ], [ 100.278605871, -0.554897360999973 ], [ 100.27852133, -0.555017497999926 ], [ 100.278450138, -0.555053093999958 ], [ 100.278405642, -0.555048644999945 ], [ 100.278312202, -0.555035295999979 ], [ 100.278205414, -0.555008598999967 ], [ 100.278098625, -0.554955204999947 ], [ 100.277996286, -0.554884011999948 ], [ 100.277916194, -0.554817268999965 ], [ 100.277853901, -0.554759425999978 ], [ 100.27777381, -0.554697131999945 ], [ 100.27767147, -0.554639287999983 ], [ 100.277524636, -0.554576994999943 ], [ 100.277271013, -0.554581443999955 ], [ 100.277119729, -0.554643737999923 ], [ 100.276955097, -0.554835066999943 ], [ 100.276661428, -0.555079790999969 ], [ 100.276475924, -0.555229495999931 ], [ 100.2757221883233, -0.554621041245113 ], [ 100.275721574095158, -0.554620643525687 ], [ 100.275714179046133, -0.554614674818241 ], [ 100.27225197, -0.551819699999961 ], [ 100.27245114, -0.551716799999958 ], [ 100.27246947, -0.551707329999938 ], [ 100.27285786, -0.551506659999977 ], [ 100.27312547, -0.55124933999997 ], [ 100.273795989, -0.550645041999941 ], [ 100.273872439, -0.550512378999943 ], [ 100.273966116, -0.550360152999927 ], [ 100.274083213, -0.550196217999942 ], [ 100.27417689, -0.55009083199997 ], [ 100.27425438, -0.550003008999973 ], [ 100.274264712, -0.54999129999994 ], [ 100.274387664, -0.549856638999931 ], [ 100.274551599, -0.549716122999942 ], [ 100.274697969, -0.549616590999962 ], [ 100.274779494, -0.549578226999932 ], [ 100.27480837, -0.549545849999957 ], [ 100.27596851, -0.548476699999985 ], [ 100.2763832, -0.548094539999968 ], [ 100.27722207, -0.54729683999995 ], [ 100.27761321, -0.546710139999966 ], [ 100.27805581, -0.546154319999971 ], [ 100.27948138, -0.544471419999987 ], [ 100.27980047, -0.54404940999996 ], [ 100.27987169, -0.543925709999947 ], [ 100.27998791, -0.543779939999989 ], [ 100.28003494, -0.543700899999973 ], [ 100.28032896, -0.54320674999997 ], [ 100.280333, -0.543020549999942 ], [ 100.28033353, -0.542996299999976 ], [ 100.2803357, -0.542896589999948 ], [ 100.28031511, -0.542124619999919 ], [ 100.28031075, -0.541952379999942 ], [ 100.280310666, -0.541949059999989 ], [ 100.28029946, -0.541506229999925 ], [ 100.28033835, -0.54144087999993 ], [ 100.28042224, -0.541347449999931 ], [ 100.2804339, -0.541323769999969 ], [ 100.28046468, -0.541261259999948 ], [ 100.28051848, -0.541138 ], [ 100.280652865, -0.540981013999954 ], [ 100.28066802, -0.540963309999939 ], [ 100.28088537, -0.540709399999979 ], [ 100.28116402, -0.540423509999936 ], [ 100.28118211, -0.540343899999934 ], [ 100.28112783, -0.540177429999972 ], [ 100.28113869, -0.540097819999967 ], [ 100.28125449, -0.539960299999971 ], [ 100.28147885, -0.539630989999981 ], [ 100.28186606, -0.538874669999935 ], [ 100.28201805, -0.538494689999936 ], [ 100.28230902, -0.53805284999993 ], [ 100.28294446, -0.537521239999939 ], [ 100.28348366, -0.536971179999972 ], [ 100.28377565, -0.536739959999975 ], [ 100.28407493, -0.536502969999961 ], [ 100.284245779, -0.536298783999934 ], [ 100.284248646, -0.536296872999978 ], [ 100.284307194, -0.536232469999959 ], [ 100.284386235, -0.536138791999976 ], [ 100.284474057, -0.536018768999957 ], [ 100.284509186, -0.535933873999974 ], [ 100.284532605, -0.535807994999977 ], [ 100.284541387, -0.535664551999961 ], [ 100.284541387, -0.535509398999987 ], [ 100.28453846, -0.53537766599993 ], [ 100.284512113, -0.535243004999938 ], [ 100.284494549, -0.535070287999932 ], [ 100.284441855, -0.534926843999926 ], [ 100.284245719, -0.534780473999951 ], [ 100.284128622, -0.534698505999926 ], [ 100.283967615, -0.534590191999936 ], [ 100.283964139, -0.534586989999982 ], [ 100.283958833, -0.534584336999962 ], [ 100.283865155, -0.534522861999964 ], [ 100.28379197, -0.534473095999941 ], [ 100.283698293, -0.534414547999976 ], [ 100.283598761, -0.534344289999985 ], [ 100.283502157, -0.534279886999968 ], [ 100.283393842, -0.534209628999977 ], [ 100.283276746, -0.534136443999963 ], [ 100.283177214, -0.534028128999986 ], [ 100.28296644, -0.533861266999965 ], [ 100.282907892, -0.533799790999986 ], [ 100.282822997, -0.533744170999971 ], [ 100.28266199, -0.533665129999975 ], [ 100.282588804, -0.533542178999945 ], [ 100.282597587, -0.533468993999983 ], [ 100.28266199, -0.533416300999939 ], [ 100.282761522, -0.533310913999975 ], [ 100.282802505, -0.533246510999959 ], [ 100.282834707, -0.533170397999929 ], [ 100.282884473, -0.533085502999946 ], [ 100.282934239, -0.533015244999946 ], [ 100.282969368, -0.532965478999935 ], [ 100.283007424, -0.532883511999965 ], [ 100.283010216, -0.532841633999971 ], [ 100.283004881513108, -0.532816197069688 ], [ 100.283001569, -0.532801543999937 ], [ 100.282937166, -0.532704939999974 ], [ 100.282843489, -0.532570278999977 ], [ 100.282758594, -0.532467819999964 ], [ 100.282667845, -0.532280464999937 ], [ 100.282618079, -0.532040417999954 ], [ 100.282594659, -0.531844280999966 ], [ 100.282594659, -0.531633506999924 ], [ 100.282599754, -0.531468774999956 ], [ 100.28262084, -0.531425789999958 ], [ 100.283159606259588, -0.530300333279187 ], [ 100.28340596, -0.529787459999965 ], [ 100.28380653, -0.52826127999993 ], [ 100.28389541, -0.527903459999944 ], [ 100.2842712, -0.526390609999968 ], [ 100.28464773, -0.524972579999948 ], [ 100.28502427, -0.524223509999964 ], [ 100.28605775, -0.522232669999941 ], [ 100.286535439, -0.521307650999976 ], [ 100.28697667, -0.520453229999934 ], [ 100.2870031, -0.520402059999989 ], [ 100.28738765, -0.519657 ], [ 100.28814873, -0.518194909999984 ], [ 100.28899794, -0.516552569999939 ], [ 100.28953471, -0.515503069999963 ], [ 100.2895397, -0.51549807999994 ], [ 100.28945527, -0.514827659999978 ], [ 100.28939291, -0.514186279999935 ], [ 100.28938322, -0.51408656999996 ], [ 100.28933176, -0.513571919999956 ], [ 100.28934205, -0.513345469999936 ], [ 100.28936169, -0.513283599999963 ], [ 100.28942981, -0.513069039999951 ], [ 100.28954791, -0.512697019999963 ], [ 100.28951322, -0.512605889999976 ], [ 100.28924427, -0.511899309999939 ], [ 100.28902811, -0.511539059999971 ], [ 100.28858552, -0.51123026999995 ], [ 100.28810175, -0.511003819999929 ], [ 100.285827, -0.51077737999998 ], [ 100.28484917, -0.510530349999961 ], [ 100.28448891, -0.510077449999937 ], [ 100.28444774, -0.509892179999956 ], [ 100.28426247, -0.50962455999997 ], [ 100.28404117, -0.509238579999931 ], [ 100.28320744, -0.508548949999989 ], [ 100.28304275, -0.508250449999939 ], [ 100.28285748, -0.507293209999945 ], [ 100.28287806, -0.507128519999984 ], [ 100.28300672, -0.506289639999986 ], [ 100.28301662, -0.506217889999959 ], [ 100.2830479, -0.505991139999937 ], [ 100.28327817, -0.505170152999944 ], [ 100.283415654, -0.505166878999956 ], [ 100.284727134, -0.504932686999961 ], [ 100.285944937, -0.504511138999935 ], [ 100.287631126, -0.503808560999977 ], [ 100.289036283, -0.503340174999954 ], [ 100.291518727, -0.50245024199996 ], [ 100.293017561, -0.501794501999942 ], [ 100.294563234, -0.501185600999978 ], [ 100.296436777, -0.500014636999943 ], [ 100.298450835, -0.498796833999965 ], [ 100.299762315, -0.498281609999936 ], [ 100.300617151, -0.497657615999969 ], [ 100.301600032, -0.496216055999984 ], [ 100.302451863, -0.494905546999981 ], [ 100.30300898852586, -0.494209200337329 ], [ 100.30336922, -0.493758851999924 ], [ 100.304253813, -0.49284149499994 ], [ 100.305433271, -0.492481104999972 ], [ 100.306547204, -0.49238281699997 ], [ 100.30746456, -0.492710443999953 ], [ 100.308250865, -0.493332935999945 ], [ 100.308283628, -0.494610681999975 ], [ 100.307661136, -0.496478157999949 ], [ 100.307267984, -0.498378395999967 ], [ 100.307005882, -0.499328514999942 ], [ 100.307001132, -0.499944441999957 ], [ 100.307055026, -0.500147582999939 ], [ 100.307066288, -0.500202869999955 ], [ 100.307101099, -0.500288871999947 ], [ 100.307136887, -0.500363315999947 ], [ 100.307152655, -0.500410022999979 ], [ 100.307209648, -0.500436183999967 ], [ 100.308193258, -0.501466631999961 ], [ 100.309317383, -0.502543918999957 ], [ 100.310956733, -0.503668044999939 ], [ 100.312221375, -0.503340174999954 ], [ 100.312596083, -0.502871788999937 ], [ 100.312596083, -0.501841340999936 ], [ 100.313392339, -0.500623537999968 ], [ 100.314422788, -0.49968676699996 ], [ 100.315593752, -0.497860061999976 ], [ 100.316530523, -0.49692329099997 ], [ 100.317373618, -0.496361227999958 ], [ 100.317652884852421, -0.496054852582774 ], [ 100.318310389, -0.495330779999962 ], [ 100.318872452, -0.49345723699998 ], [ 100.318872452, -0.491208985999946 ], [ 100.318872452, -0.488773379999945 ], [ 100.31859142, -0.487274545999977 ], [ 100.317560972, -0.485869388999968 ], [ 100.316249492, -0.483808490999938 ], [ 100.316062138, -0.480717145999965 ], [ 100.315874783, -0.479030956999964 ], [ 100.316530523, -0.476033288999928 ], [ 100.317010974, -0.474976296999963 ], [ 100.317750621, -0.476805898999952 ], [ 100.31823966, -0.477113079999926 ], [ 100.31889692, -0.47752592999996 ], [ 100.32147619, -0.479686198999956 ], [ 100.32200912, -0.480000529999934 ], [ 100.325037071, -0.48178649899996 ], [ 100.325286141, -0.482036828999982 ], [ 100.326027541, -0.48278197999998 ], [ 100.326802491, -0.483696298999975 ], [ 100.32720983, -0.484176898999972 ], [ 100.327654801, -0.484701890999929 ], [ 100.32877589, -0.485227119999942 ], [ 100.329367449, -0.48565889799994 ], [ 100.32978384, -0.485962818999951 ], [ 100.330139691, -0.485929069999949 ], [ 100.331105329, -0.485837508999969 ], [ 100.3316363, -0.485787159999975 ], [ 100.33251404, -0.486024918999927 ], [ 100.33309954, -0.48618351099998 ], [ 100.33333302, -0.486246758999924 ], [ 100.333333252, -0.486246897999938 ], [ 100.333334119, -0.486259078999984 ], [ 100.333334469, -0.486260078999983 ], [ 100.3333828, -0.486403709999944 ], [ 100.33340135, -0.486457659999925 ], [ 100.333414169, -0.48648010899996 ], [ 100.333415229, -0.486481960999929 ], [ 100.33344978, -0.486528399999951 ], [ 100.333492799, -0.486566849999977 ], [ 100.333510309, -0.486577558999955 ], [ 100.33354258, -0.486597290999955 ], [ 100.333549161, -0.486601318999936 ], [ 100.33359024, -0.486621400999981 ], [ 100.333611669, -0.48663187899996 ], [ 100.33376524, -0.486694478999938 ], [ 100.333984459, -0.486783838999943 ], [ 100.334249291, -0.486891798999987 ], [ 100.33428093, -0.486904689999958 ], [ 100.334454901, -0.486970658999954 ], [ 100.33452082, -0.486991798999961 ], [ 100.334546911, -0.486996849999973 ], [ 100.334575581, -0.486999149999971 ], [ 100.33461071, -0.48699904999995 ], [ 100.33463939, -0.486992169999951 ], [ 100.33467106, -0.486978300999966 ], [ 100.33467976, -0.486969829999964 ], [ 100.334720101, -0.486953228999938 ], [ 100.33476339, -0.48692400099998 ], [ 100.334807869, -0.486887959999938 ], [ 100.334816901, -0.486879648999953 ], [ 100.334886881, -0.486894379999968 ], [ 100.33490792, -0.486950477999927 ], [ 100.335384721, -0.487202899999945 ], [ 100.336141999, -0.487230948999984 ], [ 100.33621066, -0.48722470099995 ], [ 100.336355581, -0.487211529999974 ], [ 100.336423059, -0.487205398999949 ], [ 100.33646449, -0.487201629999955 ], [ 100.336562061, -0.487265378999959 ], [ 100.336615892, -0.487300548999943 ], [ 100.336904501, -0.487166449999964 ], [ 100.33695603, -0.487151560999967 ], [ 100.33695827, -0.487150950999932 ], [ 100.337256601, -0.487163258999951 ], [ 100.337591329, -0.486937969999928 ], [ 100.337596571, -0.486934439999971 ], [ 100.337595041, -0.486926418999931 ], [ 100.337571931, -0.486805078999964 ], [ 100.337570421, -0.486797149999976 ], [ 100.337558541, -0.486773397999971 ], [ 100.33753967, -0.486735639999954 ], [ 100.33743593, -0.486528169999934 ], [ 100.33743836, -0.48652792999997 ], [ 100.337436801, -0.48652481899996 ], [ 100.337446, -0.48651868899998 ], [ 100.33744661, -0.486518278999942 ], [ 100.337444681, -0.486514748999982 ], [ 100.337427, -0.486482319999937 ], [ 100.33745369, -0.486420398999937 ], [ 100.33755614, -0.486182727999962 ], [ 100.337590441, -0.486103139999959 ], [ 100.337596991, -0.486087858999958 ], [ 100.33763337, -0.48605754099998 ], [ 100.337688291, -0.486011778999966 ], [ 100.337691299, -0.486009269999954 ], [ 100.338006411, -0.486074919999964 ], [ 100.33822962, -0.486140569999979 ], [ 100.338452829, -0.486219348999958 ], [ 100.33859042, -0.486233829999958 ], [ 100.33895176, -0.486271868999956 ], [ 100.339325961, -0.486271868999956 ], [ 100.339562861, -0.486271868999956 ], [ 100.33965696, -0.486297679999959 ], [ 100.33977107, -0.486326378999933 ], [ 100.33994579, -0.48630838999998 ], [ 100.340173999, -0.486304758999949 ], [ 100.34033803, -0.486340619999966 ], [ 100.34048066, -0.486347769999955 ], [ 100.340623291, -0.486347739999932 ], [ 100.340822971, -0.486336937999965 ], [ 100.34109041, -0.486358418999952 ], [ 100.341611031, -0.486462418999968 ], [ 100.341907, -0.486509019999976 ], [ 100.342192261, -0.486526909999952 ], [ 100.342268971, -0.486526898999952 ], [ 100.34233846, -0.486526880999974 ], [ 100.342491781, -0.486508900999981 ], [ 100.342548832, -0.486498120999957 ], [ 100.342583612, -0.486470709999936 ], [ 100.342630831, -0.486433497999948 ], [ 100.342748471, -0.486271938999954 ], [ 100.342862551, -0.486142680999934 ], [ 100.343008721, -0.48601342899997 ], [ 100.343151339, -0.485934428999946 ], [ 100.343295222, -0.485875135999959 ], [ 100.34330822, -0.485869779999981 ], [ 100.3437147, -0.485787138999963 ], [ 100.343943491, -0.485745209999958 ], [ 100.344433761, -0.485631439999967 ], [ 100.34451104, -0.485617109999965 ], [ 100.345289512, -0.485472728999983 ], [ 100.34554504, -0.485367978999933 ], [ 100.345750051, -0.485266228999929 ], [ 100.34599664, -0.485047808999979 ], [ 100.345997031, -0.485047498999964 ], [ 100.346151131, -0.484925129999963 ], [ 100.34638003, -0.484763318999968 ], [ 100.34646012, -0.484706698999959 ], [ 100.346614619, -0.484596587999939 ], [ 100.34681427, -0.484452959999945 ], [ 100.34691607, -0.48438619899998 ], [ 100.34701868, -0.484318899999957 ], [ 100.347156549, -0.484275799999977 ], [ 100.347216601, -0.484265980999974 ], [ 100.347332451, -0.484247048999981 ], [ 100.347484589, -0.48421350999996 ], [ 100.34765572, -0.484117758999952 ], [ 100.347812599, -0.484026788999936 ], [ 100.348002741, -0.483878369999959 ], [ 100.348131091, -0.483796979999974 ], [ 100.34835927, -0.483638990999973 ], [ 100.34841602, -0.483597959999949 ], [ 100.348544661, -0.483504939999931 ], [ 100.34868253, -0.483457050999957 ], [ 100.348815641, -0.483413949999951 ], [ 100.34901532, -0.483385189999989 ], [ 100.349064261, -0.483375648999928 ], [ 100.34924589, -0.483340218999957 ], [ 100.3495522, -0.483130638999972 ], [ 100.349728381, -0.482949508999985 ], [ 100.34986623, -0.48280110899998 ], [ 100.34996129, -0.482667069999934 ], [ 100.350089601, -0.482389448999927 ], [ 100.350175151, -0.482250628999968 ], [ 100.350303491, -0.482116589999973 ], [ 100.35042484, -0.481982919999958 ], [ 100.3504556, -0.481949039999961 ], [ 100.350728931, -0.481740788999952 ], [ 100.350759999, -0.481722248999979 ], [ 100.351306519, -0.481396068999967 ], [ 100.351976799, -0.480986709999971 ], [ 100.35238316, -0.480775869999944 ], [ 100.35244743, -0.480742519999984 ], [ 100.352616569, -0.480705848999953 ], [ 100.353010791, -0.480620359999928 ], [ 100.35334492, -0.480539560999942 ], [ 100.353545629, -0.480491028999948 ], [ 100.35391646, -0.480455058999953 ], [ 100.353965752, -0.480453338999949 ], [ 100.35397259, -0.480453098999937 ], [ 100.35433008, -0.480440618999979 ], [ 100.354750841, -0.480469248999959 ], [ 100.355127549, -0.480576498999945 ], [ 100.355128839, -0.48057686099998 ], [ 100.355369598, -0.480663816999943 ], [ 100.355406981, -0.480677318999944 ], [ 100.35565581, -0.480730928999942 ], [ 100.355729361, -0.480750189999987 ], [ 100.35578048, -0.480758129999978 ], [ 100.355876741, -0.480774160999949 ], [ 100.355904411, -0.480781449999945 ], [ 100.355935801, -0.480793947999936 ], [ 100.35597178, -0.480808259999954 ], [ 100.35599034, -0.480815649999966 ], [ 100.3560582, -0.480858158999983 ], [ 100.356184071, -0.48097227899996 ], [ 100.35629364, -0.481071609999969 ], [ 100.3563372, -0.481108168999924 ], [ 100.35646352, -0.481214178999953 ], [ 100.356491129, -0.481237348 ], [ 100.356781229, -0.481480798999941 ], [ 100.35684522, -0.481539598999974 ], [ 100.35708711, -0.481761858999964 ], [ 100.35728659, -0.481945148999962 ], [ 100.35729005, -0.481948328999977 ], [ 100.357346131, -0.481999859999981 ], [ 100.357369051, -0.482044529999939 ], [ 100.357391611, -0.482093818999949 ], [ 100.357418081, -0.48220002899996 ], [ 100.357424781, -0.482263879999959 ], [ 100.35742526, -0.482318859999967 ], [ 100.35742346, -0.482348038999934 ], [ 100.35741902, -0.482419948999956 ], [ 100.357407329, -0.482501157999934 ], [ 100.357402431, -0.482566788999977 ], [ 100.357362331, -0.482759869999939 ], [ 100.357321739, -0.482955329999931 ], [ 100.357320511, -0.482961220999926 ], [ 100.357308671, -0.483019439999975 ], [ 100.357284511, -0.483138268999944 ], [ 100.357244849, -0.483333330999928 ], [ 100.357229149, -0.483410538999989 ], [ 100.357205061, -0.483528969999959 ], [ 100.3571701, -0.483759269999947 ], [ 100.35713974, -0.483959258999962 ], [ 100.357128801, -0.484031270999932 ], [ 100.357077451, -0.484369478999956 ], [ 100.35707221, -0.484428498999938 ], [ 100.357067051, -0.484486509999958 ], [ 100.357066901, -0.484548468999953 ], [ 100.357078549, -0.48462013799998 ], [ 100.357097791, -0.484668668999981 ], [ 100.35712187, -0.48471273899998 ], [ 100.357333369, -0.484982928999963 ], [ 100.35736044, -0.485017510999965 ], [ 100.357825221, -0.485411718999968 ], [ 100.357856689, -0.485438399999969 ], [ 100.35794213, -0.485510860999973 ], [ 100.35797349, -0.485537467999969 ], [ 100.358038471, -0.485592578999957 ], [ 100.358216831, -0.485740200999946 ], [ 100.358333331, -0.485836628999949 ], [ 100.358380001, -0.48587525899996 ], [ 100.358445061, -0.485929107999941 ], [ 100.35852281, -0.485991910999927 ], [ 100.358584021, -0.486024339999977 ], [ 100.358597759, -0.486031610999938 ], [ 100.35864688, -0.486044947999973 ], [ 100.358715669, -0.486066629999923 ], [ 100.358718521, -0.486067018999966 ], [ 100.359007479, -0.486106400999977 ], [ 100.35903015, -0.48611110999997 ], [ 100.359087132, -0.486122939999982 ], [ 100.3591451, -0.486143398999962 ], [ 100.359161601, -0.486153619999926 ], [ 100.35919053, -0.486171540999984 ], [ 100.359229022, -0.486200929999935 ], [ 100.359241599, -0.486216490999936 ], [ 100.35928905, -0.486275229999931 ], [ 100.359323021, -0.486323449999927 ], [ 100.359408611, -0.48644492799998 ], [ 100.359427009, -0.486471030999955 ], [ 100.35947734, -0.48654246999997 ], [ 100.359532889, -0.486621308999927 ], [ 100.359557119, -0.486650459999968 ], [ 100.359583901, -0.486682689999963 ], [ 100.359640181, -0.486726029999947 ], [ 100.35969567, -0.486773198999979 ], [ 100.35973339, -0.486795708999986 ], [ 100.35975414, -0.486808088999969 ], [ 100.35982058, -0.48683728899994 ], [ 100.35982951, -0.486841209999964 ], [ 100.35990417, -0.486879828999971 ], [ 100.359969001, -0.486915950999958 ], [ 100.36005985, -0.486966577999961 ], [ 100.360125461, -0.487003137999987 ], [ 100.360192931, -0.487034539999968 ], [ 100.36026471, -0.487063817999974 ], [ 100.3603713, -0.487099068999964 ], [ 100.360430009, -0.487107629999969 ], [ 100.36050274, -0.487122950999949 ], [ 100.36058642, -0.487138310999973 ], [ 100.360750211, -0.487168379999957 ], [ 100.360959751, -0.487206839999943 ], [ 100.360986869, -0.487214858999946 ], [ 100.361109171, -0.487251018999928 ], [ 100.36111111, -0.48725158999997 ], [ 100.361231009, -0.487287038999972 ], [ 100.361389519, -0.487333899999953 ], [ 100.36153702, -0.487377509999928 ], [ 100.36162172, -0.48740255099995 ], [ 100.361663979, -0.487409629999953 ], [ 100.361768701, -0.487427169999937 ], [ 100.361850451, -0.487440859999941 ], [ 100.361958331, -0.487458928999961 ], [ 100.362066899, -0.487477108999949 ], [ 100.362184931, -0.487496878999934 ], [ 100.36223255, -0.487504849999947 ], [ 100.362276411, -0.487507537999933 ], [ 100.362371821, -0.48751336899995 ], [ 100.36247123, -0.48751944899993 ], [ 100.362575742, -0.487525839999933 ], [ 100.362653911, -0.487530619999981 ], [ 100.362693799, -0.487533059999981 ], [ 100.36316265, -0.487577590999933 ], [ 100.363840159, -0.487663608999984 ], [ 100.364432091, -0.487785530999934 ], [ 100.36475302, -0.487842899999981 ], [ 100.364955219, -0.487890110999958 ], [ 100.364958041, -0.487890769999984 ], [ 100.365152401, -0.487936149999938 ], [ 100.36545907, -0.488007879999948 ], [ 100.365758592, -0.488036538999956 ], [ 100.365993941, -0.48807956099995 ], [ 100.36625288, -0.488116748999972 ], [ 100.366293471, -0.48812257899993 ], [ 100.36642393, -0.488138 ], [ 100.366657182, -0.488165579999927 ], [ 100.366788061, -0.488181280999925 ], [ 100.367135001, -0.488222917999965 ], [ 100.36741312, -0.488158248999984 ], [ 100.36755573, -0.488057708999977 ], [ 100.36781242, -0.487849458999962 ], [ 100.36818321, -0.487619639999941 ], [ 100.36842565, -0.487490368999951 ], [ 100.368753679, -0.487382609999944 ], [ 100.369067451, -0.487353829999972 ], [ 100.36932297, -0.487281078999961 ], [ 100.36939548, -0.487260429999938 ], [ 100.369723521, -0.487238829999971 ], [ 100.37015143, -0.487339249999944 ], [ 100.370429571, -0.487410988999953 ], [ 100.370702291, -0.487443617999933 ], [ 100.370729101, -0.487446819999951 ], [ 100.371199771, -0.487446728999942 ], [ 100.37126406, -0.48744272899995 ], [ 100.371299999, -0.487440497999961 ], [ 100.371328639, -0.487684178999924 ], [ 100.371332211, -0.487703628999954 ], [ 100.371376201, -0.487942758999965 ], [ 100.37140059, -0.488075319999951 ], [ 100.37142187, -0.488191000999961 ], [ 100.37143031, -0.488285959999931 ], [ 100.371433519, -0.488318109999969 ], [ 100.371434601, -0.488329019999985 ], [ 100.37143751, -0.488358158999984 ], [ 100.37144902, -0.488437249999943 ], [ 100.371464171, -0.488507987999987 ], [ 100.371479851, -0.488574098999949 ], [ 100.371490101, -0.488600780999943 ], [ 100.371494431, -0.488612060999967 ], [ 100.371530371, -0.488709610999928 ], [ 100.371554101, -0.488774018999955 ], [ 100.371582431, -0.488850908999948 ], [ 100.37158727, -0.488864029999946 ], [ 100.371597431, -0.488888888999958 ], [ 100.37163184, -0.488973019999948 ], [ 100.371638772, -0.488989988999952 ], [ 100.371664129, -0.489060020999953 ], [ 100.37168533, -0.489127678999983 ], [ 100.37168831, -0.489137188999965 ], [ 100.371708659, -0.489212820999977 ], [ 100.371713842, -0.489273369999979 ], [ 100.371714629, -0.489282500999941 ], [ 100.37171335, -0.489360787999941 ], [ 100.37170407, -0.489444688999924 ], [ 100.371702911, -0.489455139999969 ], [ 100.37170932, -0.489545449999985 ], [ 100.37173092, -0.489643468999936 ], [ 100.371751409, -0.489727608999941 ], [ 100.37178802, -0.489877970999943 ], [ 100.37186888, -0.49005982999996 ], [ 100.37194974, -0.490232117999942 ], [ 100.372040099, -0.490361320999975 ], [ 100.372106671, -0.490447459999933 ], [ 100.372292111, -0.490550328999972 ], [ 100.372439491, -0.490555079999987 ], [ 100.372577371, -0.490567018999974 ], [ 100.37264136, -0.490571600999947 ], [ 100.372660571, -0.490572979999972 ], [ 100.3727735, -0.490632788999961 ], [ 100.3728308, -0.490686329999966 ], [ 100.372911881, -0.490792939999945 ], [ 100.373072151, -0.490889100999944 ], [ 100.373123371, -0.490913927999938 ], [ 100.373194881, -0.490948579999956 ], [ 100.373308431, -0.491003607999983 ], [ 100.373622242, -0.491139948999945 ], [ 100.374028771, -0.491308569999947 ], [ 100.37429979, -0.491423380999942 ], [ 100.374702741, -0.491559707999965 ], [ 100.37484758, -0.491605238999968 ], [ 100.375, -0.491687319999932 ], [ 100.375050751, -0.491714649999953 ], [ 100.375183879, -0.491743339999983 ], [ 100.375401001, -0.491777808999935 ], [ 100.375535721, -0.491799189999936 ], [ 100.375545212, -0.491800698999962 ], [ 100.37614426, -0.491819719999965 ], [ 100.376553121, -0.491790918999933 ], [ 100.37698047, -0.491774597999955 ], [ 100.377057071, -0.491771668999951 ], [ 100.37772267, -0.491742809999959 ], [ 100.377827261, -0.491742789999941 ], [ 100.378029441, -0.49173143999997 ], [ 100.37859745, -0.491699558999925 ], [ 100.378861301, -0.491670780999936 ], [ 100.37928205, -0.491634799999931 ], [ 100.379595821, -0.491577299999969 ], [ 100.38000229, -0.491469529999966 ], [ 100.38034189, -0.491341759999961 ], [ 100.380594151, -0.49124684999993 ], [ 100.38127871, -0.490952359999949 ], [ 100.382041711, -0.490679389999968 ], [ 100.382405392, -0.490571628999933 ], [ 100.382940211, -0.490384858999965 ], [ 100.383213411, -0.490287000999957 ], [ 100.383333331, -0.490244049999942 ], [ 100.383368699, -0.490231388999978 ], [ 100.383581991, -0.490154989999954 ], [ 100.38362354, -0.490145419999977 ], [ 100.383692731, -0.490129479999949 ], [ 100.383887569, -0.49008460899995 ], [ 100.38393526, -0.490073620999964 ], [ 100.384013511, -0.490053159999945 ], [ 100.384264531, -0.489987530999937 ], [ 100.38451413, -0.489965948999947 ], [ 100.384745891, -0.489937179999971 ], [ 100.38485462, -0.489898848999931 ], [ 100.38488851, -0.489886898999946 ], [ 100.38508104, -0.489786348999926 ], [ 100.38533061, -0.489642709999948 ], [ 100.38555166, -0.489524209999966 ], [ 100.385772711, -0.489445189999965 ], [ 100.38603657, -0.489423599999953 ], [ 100.386292731, -0.489449329999961 ], [ 100.38635749, -0.489455838999962 ], [ 100.386792519, -0.489498819999946 ], [ 100.387380841, -0.489426909999966 ], [ 100.387965609, -0.489383709999966 ], [ 100.38798465, -0.489383709 ], [ 100.388265121, -0.489383649999989 ], [ 100.388559191, -0.489446678999972 ], [ 100.38870016, -0.489476889999937 ], [ 100.38914946, -0.489577300999937 ], [ 100.38993396, -0.489806869999937 ], [ 100.390278909, -0.489945697999937 ], [ 100.39036188, -0.489979088999975 ], [ 100.390818341, -0.490244619999949 ], [ 100.39131047, -0.490538860999954 ], [ 100.39136437, -0.490573009999943 ], [ 100.391695611, -0.490782877999959 ], [ 100.39197376, -0.490883320999952 ], [ 100.392266151, -0.490926338999938 ], [ 100.392736831, -0.490969317999947 ], [ 100.393150451, -0.490962049999959 ], [ 100.393268111, -0.49095820099996 ], [ 100.393371521, -0.490954820999944 ], [ 100.39335051, -0.491008919999957 ], [ 100.393320851, -0.491085260999968 ], [ 100.393311871, -0.491108388999983 ], [ 100.393307379, -0.491119958999949 ], [ 100.393193339, -0.491414328999954 ], [ 100.393007991, -0.491766148999954 ], [ 100.392779859, -0.492089258999961 ], [ 100.392561669, -0.49232557999994 ], [ 100.392538411, -0.492341689999929 ], [ 100.392501771, -0.492367079999952 ], [ 100.39246191, -0.492394700999979 ], [ 100.392423081, -0.492421608999967 ], [ 100.392417051, -0.492425787999938 ], [ 100.392386699, -0.492446818999958 ], [ 100.392351272, -0.492471359999972 ], [ 100.392314301, -0.492496978999955 ], [ 100.392275521, -0.492523848999949 ], [ 100.39225015, -0.492541428999981 ], [ 100.39223697, -0.492550559999925 ], [ 100.392216751, -0.49256456899997 ], [ 100.39219145, -0.49258209999994 ], [ 100.392145371, -0.492614028999984 ], [ 100.39210517, -0.492641887999985 ], [ 100.392069029, -0.492666927999952 ], [ 100.392034619, -0.492690769999969 ], [ 100.391998199, -0.492716008999941 ], [ 100.391956299, -0.492745038999951 ], [ 100.39191224, -0.492775560999981 ], [ 100.391898281, -0.492785237999957 ], [ 100.391852809, -0.492823810999932 ], [ 100.391813551, -0.492857118999957 ], [ 100.39178721, -0.492879469999938 ], [ 100.391746669, -0.492913868999955 ], [ 100.39170187, -0.492951869999958 ], [ 100.391666669, -0.492981738999964 ], [ 100.391652409, -0.49299383899996 ], [ 100.391601619, -0.49303692999996 ], [ 100.39155471, -0.493076728999938 ], [ 100.39150704, -0.493117168999965 ], [ 100.391431539, -0.493181228999958 ], [ 100.391399131, -0.493208718999946 ], [ 100.391375551, -0.493232979999971 ], [ 100.391314651, -0.493295648999957 ], [ 100.39125601, -0.493355988999947 ], [ 100.39120642, -0.493407018999971 ], [ 100.391165131, -0.493449499999951 ], [ 100.39110652, -0.493509810999975 ], [ 100.39104203, -0.493576169999927 ], [ 100.390980049, -0.49363994999994 ], [ 100.390917381, -0.49370443799995 ], [ 100.390903621, -0.493718589999958 ], [ 100.39085684, -0.493766728999957 ], [ 100.390811061, -0.493813838999929 ], [ 100.39075958, -0.493866809999929 ], [ 100.390720171, -0.493907358999932 ], [ 100.390710739, -0.493921588999969 ], [ 100.39069083, -0.493951598999955 ], [ 100.39066963, -0.493983560999936 ], [ 100.390630501, -0.494042549999966 ], [ 100.39059319, -0.494098809999974 ], [ 100.39055928, -0.494149938999958 ], [ 100.390520989, -0.494207668999939 ], [ 100.390493371, -0.494249299999985 ], [ 100.390489969, -0.494254439999971 ], [ 100.390483031, -0.494267570999971 ], [ 100.39045096, -0.49432832099996 ], [ 100.39041431, -0.494397738999964 ], [ 100.39038965, -0.494444440999938 ], [ 100.390375631, -0.494470989999972 ], [ 100.39035889, -0.494502708999963 ], [ 100.39034498, -0.494524159999978 ], [ 100.390313499, -0.494572718999968 ], [ 100.390281921, -0.494621400999959 ], [ 100.390277532, -0.494628169999953 ], [ 100.390234359, -0.494679808999934 ], [ 100.39021352, -0.49470471999996 ], [ 100.390189911, -0.494722628999975 ], [ 100.390154302, -0.494749629999942 ], [ 100.39011823, -0.494776988999944 ], [ 100.39011688, -0.494778009999957 ], [ 100.390051361, -0.494814128999967 ], [ 100.389983051, -0.494851788999938 ], [ 100.389943071, -0.494873828999979 ], [ 100.38991355, -0.494890100999963 ], [ 100.389891691, -0.494902149999976 ], [ 100.389879031, -0.49490862999995 ], [ 100.389874419, -0.494910990999933 ], [ 100.389803011, -0.494947538999957 ], [ 100.389717361, -0.494991369999985 ], [ 100.389632999, -0.495034549999953 ], [ 100.38954978, -0.495077139999989 ], [ 100.38947242, -0.495116738999973 ], [ 100.38945499, -0.495125658999948 ], [ 100.389340771, -0.495172218999931 ], [ 100.38922925, -0.495217679999947 ], [ 100.389196599, -0.495230990999979 ], [ 100.389073591, -0.495281138999938 ], [ 100.389060659, -0.49528640999996 ], [ 100.388999011, -0.495311539999934 ], [ 100.388923911, -0.495342158999964 ], [ 100.38888889, -0.495356430999947 ], [ 100.38880612, -0.495390178999977 ], [ 100.388711711, -0.49542866099996 ], [ 100.388694151, -0.495435819999959 ], [ 100.388634951, -0.495462668999952 ], [ 100.38860702, -0.495475329999982 ], [ 100.38856339, -0.495495110999966 ], [ 100.38848431, -0.495530970999943 ], [ 100.38840153, -0.495568508999959 ], [ 100.388335771, -0.495598328999972 ], [ 100.388277269, -0.495624857999926 ], [ 100.388218731, -0.495651398999936 ], [ 100.388123551, -0.495694550999935 ], [ 100.388105111, -0.495702729999957 ], [ 100.388086879, -0.495710810999924 ], [ 100.38801524, -0.495742568999969 ], [ 100.388010299, -0.495744959999977 ], [ 100.387882591, -0.49580678999997 ], [ 100.38786515, -0.495815238999975 ], [ 100.387779421, -0.495860208999952 ], [ 100.387771229, -0.495864769999978 ], [ 100.38767978, -0.495915708999978 ], [ 100.387625741, -0.495951330999961 ], [ 100.38762138, -0.495954209999983 ], [ 100.387595069, -0.49597155899995 ], [ 100.387527461, -0.496033088999985 ], [ 100.387526551, -0.496034188999951 ], [ 100.38746678, -0.49610646899993 ], [ 100.387448199, -0.496140189999951 ], [ 100.387417532, -0.496195829999985 ], [ 100.387385171, -0.496278617999966 ], [ 100.38738308, -0.496285088999978 ], [ 100.38734265, -0.496410000999968 ], [ 100.38730397, -0.496529529999974 ], [ 100.387270299, -0.49663356999997 ], [ 100.387254381, -0.496682748999947 ], [ 100.3872016, -0.496897729999949 ], [ 100.38719366, -0.496961108999925 ], [ 100.387179909, -0.497070949999967 ], [ 100.3871759, -0.497102939999933 ], [ 100.387172381, -0.497120990999975 ], [ 100.387162821, -0.497170079999938 ], [ 100.387152669, -0.497222219999978 ], [ 100.38715192, -0.497226050999937 ], [ 100.38714341, -0.497250749999986 ], [ 100.387139161, -0.497263069999981 ], [ 100.387097391, -0.497384269999942 ], [ 100.38709614, -0.497387909999936 ], [ 100.387085311, -0.497419320999945 ], [ 100.38704324, -0.49749842999995 ], [ 100.38703589, -0.497512249999953 ], [ 100.38702281, -0.497529018999959 ], [ 100.38700378, -0.497553409999965 ], [ 100.386966981, -0.497600580999976 ], [ 100.386959169, -0.497610599999975 ], [ 100.38695208, -0.49761748899994 ], [ 100.386840781, -0.49772559899998 ], [ 100.38680656, -0.49775883899997 ], [ 100.38675392, -0.497798379999957 ], [ 100.38663665, -0.497886469999977 ], [ 100.386597391, -0.497915959999949 ], [ 100.386542571, -0.497957339999974 ], [ 100.386477411, -0.49800652999995 ], [ 100.386457919, -0.498024059999974 ], [ 100.38637521, -0.498098438999939 ], [ 100.386339661, -0.498130399999985 ], [ 100.386327441, -0.49814705899996 ], [ 100.38630642, -0.498175718999966 ], [ 100.386285851, -0.498203750999957 ], [ 100.38626536, -0.498238400999986 ], [ 100.386236201, -0.498287699999941 ], [ 100.38622936, -0.498299268999983 ], [ 100.386173781, -0.498401597999937 ], [ 100.386165869, -0.498416170999973 ], [ 100.38612185, -0.498542519999951 ], [ 100.38611111, -0.498573988999971 ], [ 100.386107001, -0.498586028999972 ], [ 100.386105621, -0.498590068999943 ], [ 100.386080761, -0.498662909999951 ], [ 100.386038999, -0.498755419999954 ], [ 100.386011699, -0.498799798999935 ], [ 100.38599757, -0.498822760999931 ], [ 100.385987181, -0.498839648999931 ], [ 100.385918499, -0.498930459999935 ], [ 100.385820361, -0.49903025999993 ], [ 100.385788849, -0.499058219999951 ], [ 100.38574473, -0.499097359999951 ], [ 100.385708261, -0.499128989999982 ], [ 100.38559344, -0.499228588999938 ], [ 100.385551381, -0.499261 ], [ 100.3853665, -0.499403508999932 ], [ 100.38530231, -0.499452980999936 ], [ 100.385257541, -0.499487489999984 ], [ 100.38521002, -0.499524119999936 ], [ 100.38515989, -0.499555799999937 ], [ 100.385083201, -0.499604269999969 ], [ 100.385033661, -0.499635579999961 ], [ 100.384991741, -0.499662079999957 ], [ 100.384962839, -0.499676299999981 ], [ 100.38486305, -0.499725389999988 ], [ 100.38482357, -0.499744818999947 ], [ 100.384670611, -0.499820060999987 ], [ 100.38455605, -0.499876420999966 ], [ 100.384451291, -0.499927958999936 ], [ 100.38440705, -0.499949728999975 ], [ 100.384390289, -0.499957969999972 ], [ 100.384377071, -0.499964469999947 ], [ 100.384367989, -0.499968117999975 ], [ 100.38435528, -0.499973208999963 ], [ 100.384343149, -0.499978070999929 ], [ 100.384328291, -0.499984029999957 ], [ 100.384312381, -0.499990408999966 ], [ 100.384299239, -0.499995678999943 ], [ 100.38428848, -0.5 ], [ 100.384117771, -0.50111357899994 ], [ 100.38410437, -0.501156199999971 ], [ 100.383596159, -0.502772518999966 ], [ 100.383522261, -0.503007537999966 ], [ 100.385206691, -0.508985547999945 ], [ 100.385213329, -0.509009078999948 ], [ 100.38489867, -0.511286149999936 ], [ 100.384743331, -0.512410248999977 ], [ 100.384720149, -0.512578058999963 ], [ 100.384804669, -0.513084888999972 ], [ 100.38512411, -0.515000469999966 ], [ 100.385186908015996, -0.515921514824265 ], [ 100.385227961, -0.516523629999949 ], [ 100.38530147, -0.51760171899997 ], [ 100.385292141, -0.518423989999979 ], [ 100.385279781, -0.519513770999944 ], [ 100.384649559, -0.521166297999973 ], [ 100.384137012, -0.522013808999942 ], [ 100.38409395, -0.522085010999943 ], [ 100.384068081, -0.52218485899994 ], [ 100.38385595, -0.523003660999961 ], [ 100.383459721, -0.524105149999968 ], [ 100.383936521, -0.525902299999931 ], [ 100.390011532, -0.529615258999973 ], [ 100.39112347, -0.531052808999968 ], [ 100.391708889, -0.53193576899997 ], [ 100.392067421, -0.532476537999977 ], [ 100.392156039, -0.53261018899997 ], [ 100.392114571, -0.532916600999952 ], [ 100.39204704, -0.533415678999976 ], [ 100.392037131, -0.533488869999932 ], [ 100.39171736, -0.533780059999973 ], [ 100.39134954, -0.534114998999937 ], [ 100.391203591, -0.534247899999976 ], [ 100.39100809, -0.534604560999982 ], [ 100.389486691, -0.537380129999971 ], [ 100.389298741, -0.537723018999944 ], [ 100.389352119, -0.538698789999961 ], [ 100.38945821, -0.540638519999967 ], [ 100.38957812, -0.540939699999968 ], [ 100.39005224, -0.542130559999977 ], [ 100.39005629, -0.542140739999987 ], [ 100.39092182, -0.543820139999986 ], [ 100.39232023, -0.546533490999938 ], [ 100.39322938, -0.54807803799997 ], [ 100.394623771, -0.550446958999949 ], [ 100.395715821, -0.552376789999923 ], [ 100.395747681, -0.55243308899998 ], [ 100.39593443, -0.552763098999948 ], [ 100.396332051, -0.555398967999966 ], [ 100.396848631, -0.557395779999981 ], [ 100.397722401, -0.558913247999956 ], [ 100.398247981, -0.559520429999965 ], [ 100.399588841, -0.561069488999973 ], [ 100.40255881, -0.564403179999943 ], [ 100.40272284, -0.564451669999937 ], [ 100.40289671, -0.564503069999953 ], [ 100.403314241, -0.564626499999982 ], [ 100.403593029, -0.56470891099998 ], [ 100.403877269, -0.564792939999968 ], [ 100.4043581, -0.564870839999977 ], [ 100.4070729, -0.564294408999957 ], [ 100.407227321, -0.564261618999985 ], [ 100.407231251, -0.564259979999982 ], [ 100.408005099, -0.563937830999976 ], [ 100.409289961, -0.56340294799998 ], [ 100.4096163, -0.563259219999966 ], [ 100.41053064, -0.562856529999973 ], [ 100.411016651, -0.562269308999927 ], [ 100.411859331, -0.561251148999933 ], [ 100.41188532, -0.561264050999969 ], [ 100.412135601, -0.561388310999979 ], [ 100.41311145, -0.561872808999967 ], [ 100.415445781, -0.563629279999933 ], [ 100.416141551, -0.564593149999957 ], [ 100.416625078, -0.565637759999958 ], [ 100.41699124, -0.566428818999957 ], [ 100.417178309, -0.567308697999987 ], [ 100.41750609, -0.568850429999937 ], [ 100.417302751, -0.569396320999944 ], [ 100.417271, -0.569481569999944 ], [ 100.417153501, -0.569703329999929 ], [ 100.416957481, -0.570073289999925 ], [ 100.416722461, -0.571019978999973 ], [ 100.41672247, -0.571034080999935 ], [ 100.416722702, -0.572006047999936 ], [ 100.41683565, -0.572771669999956 ], [ 100.4168798, -0.573070959999946 ], [ 100.417507349, -0.57397798899996 ], [ 100.41752087, -0.574120450999945 ], [ 100.41754991, -0.574426408999956 ], [ 100.417551541, -0.574443588999944 ], [ 100.41758597, -0.574806268999971 ], [ 100.41755461, -0.575133089999952 ], [ 100.41735132, -0.577251778999938 ], [ 100.417234071, -0.578750630999936 ], [ 100.41726005, -0.579115229999962 ], [ 100.41731276, -0.579855009999959 ], [ 100.41772327, -0.581092888999941 ], [ 100.41774437, -0.581156510999962 ], [ 100.41801869, -0.581374710999964 ], [ 100.418303431, -0.581579212999942 ], [ 100.418496841, -0.581718118999961 ], [ 100.41851807, -0.581787109999937 ], [ 100.41899919, -0.582605009999956 ], [ 100.418999341, -0.583228277999978 ], [ 100.4189093, -0.58407574999996 ], [ 100.41890826, -0.58408553899995 ], [ 100.418882, -0.584332699999958 ], [ 100.418327583, -0.585567317999968 ], [ 100.41819428, -0.58586416899994 ], [ 100.41795263, -0.586402298999927 ], [ 100.41773761, -0.586881119999936 ], [ 100.417652, -0.587071759999967 ], [ 100.41758887, -0.587212349999968 ], [ 100.417156634, -0.588383934999971 ], [ 100.417079511, -0.588592979999937 ], [ 100.416491682, -0.589736969999937 ], [ 100.416186741, -0.590926959999938 ], [ 100.416178331, -0.590959779999936 ], [ 100.416388739, -0.59146740899996 ], [ 100.416542459, -0.591838278999945 ], [ 100.416570651, -0.591906307999973 ], [ 100.416845349, -0.592852859999938 ], [ 100.416807021, -0.594726409999965 ], [ 100.41680662, -0.59474612799994 ], [ 100.416806898, -0.595840809999972 ], [ 100.416807051, -0.596442160999977 ], [ 100.41692492, -0.597388759999947 ], [ 100.417018354, -0.597801850999931 ], [ 100.417239721, -0.598780548999971 ], [ 100.417317441, -0.599124139999962 ], [ 100.4172967, -0.599168218999981 ], [ 100.416964761, -0.599873640999932 ], [ 100.416416062, -0.60070208899998 ], [ 100.416342541, -0.600808979999957 ], [ 100.41623492, -0.600965458999958 ], [ 100.41535785, -0.602240629999927 ], [ 100.415206471, -0.602364428999986 ], [ 100.415120049, -0.602435108999937 ], [ 100.414730651, -0.602753549999939 ], [ 100.414283709, -0.602792768999968 ], [ 100.413668041, -0.60280329799998 ], [ 100.41296628, -0.602675128999984 ], [ 100.412910759, -0.602648688999974 ], [ 100.412597639, -0.602499578999932 ], [ 100.412221231, -0.602320337999971 ], [ 100.411711461, -0.602044369999936 ], [ 100.41134423, -0.602070229999925 ], [ 100.410825071, -0.602106789999939 ], [ 100.40962637, -0.602191200999926 ], [ 100.408931692, -0.603078658999952 ], [ 100.408607291, -0.603493088999933 ], [ 100.408339809, -0.603748148999956 ], [ 100.407862521, -0.604203249999967 ], [ 100.406171, -0.606169989999952 ], [ 100.405589139, -0.606846520999969 ], [ 100.404217421, -0.607787 ], [ 100.402884259, -0.608701049999982 ], [ 100.40174737, -0.609292998999942 ], [ 100.40064968, -0.609845488999951 ], [ 100.40063815, -0.609849599999965 ], [ 100.39876786, -0.610516509999965 ], [ 100.397395731, -0.611147959999931 ], [ 100.396062821, -0.611818839999952 ], [ 100.39469077, -0.612726398999944 ], [ 100.394317391, -0.613052098999965 ], [ 100.393514781, -0.613752220999971 ], [ 100.39218193, -0.614659768999962 ], [ 100.39061379, -0.615409599999965 ], [ 100.38979719, -0.615668018999943 ], [ 100.389241609, -0.615843838999983 ], [ 100.388261441, -0.616041308999971 ], [ 100.387320451, -0.616081 ], [ 100.387201299, -0.616081029999977 ], [ 100.385634481, -0.616081439999963 ], [ 100.38496796, -0.616160500999968 ], [ 100.38402713, -0.616831288999951 ], [ 100.38324015, -0.617967828999958 ], [ 100.38317907, -0.618056031 ], [ 100.383166659, -0.618073952999972 ], [ 100.38312567, -0.618133149999958 ], [ 100.38194967, -0.619119540999979 ], [ 100.380617581, -0.619726818999946 ], [ 100.379306621, -0.620045648999969 ], [ 100.378518959, -0.620068170999959 ], [ 100.37821718, -0.620076800999937 ], [ 100.3772966, -0.620385780999931 ], [ 100.37648343, -0.620679298999968 ], [ 100.376434329, -0.621045539999953 ], [ 100.376330279, -0.621821659999969 ], [ 100.377110147086285, -0.622039403443171 ], [ 100.37796184034282, -0.622285125647917 ], [ 100.37864744, -0.622469398999957 ], [ 100.37888104, -0.622788159999977 ], [ 100.37972193, -0.623935609999932 ], [ 100.38205865, -0.624874018999945 ], [ 100.382314701, -0.624976848999948 ], [ 100.382948511, -0.625231379999953 ], [ 100.383481309, -0.625445348999969 ], [ 100.385154761, -0.626072578999924 ], [ 100.38579484, -0.626312487999944 ], [ 100.386445001, -0.626605470999948 ], [ 100.3867914, -0.626761577999958 ], [ 100.386932021, -0.626824947999985 ], [ 100.387856439, -0.627085718999984 ], [ 100.389167079, -0.627455439999945 ], [ 100.39065713, -0.627928359999949 ], [ 100.390797214602287, -0.627995068143929 ], [ 100.391049361, -0.62811513999998 ], [ 100.392892291, -0.62899272899995 ], [ 100.394011879, -0.629426359999973 ], [ 100.394865009, -0.629756797999963 ], [ 100.39601069, -0.630200538999927 ], [ 100.397166459, -0.630648188999938 ], [ 100.397260751, -0.630633839999972 ], [ 100.39924442, -0.63033207999996 ], [ 100.39934618, -0.63028873899998 ], [ 100.39960072, -0.630180319999969 ], [ 100.40026372, -0.629897929999983 ], [ 100.40093005, -0.629108889999945 ], [ 100.40250581, -0.628167948999932 ], [ 100.403242971, -0.627727759999975 ], [ 100.403566861, -0.627714098999954 ], [ 100.404174701, -0.627688449999937 ], [ 100.405124951, -0.627648360999959 ], [ 100.405429071, -0.627631280999943 ], [ 100.407106289, -0.627537089999976 ], [ 100.407144491, -0.627534948999944 ], [ 100.40752791, -0.627513410999945 ], [ 100.407947901, -0.627489828999957 ], [ 100.40983706, -0.627518618999943 ], [ 100.412130319, -0.627553568999928 ], [ 100.41389349, -0.627671329999942 ], [ 100.414381011, -0.627773369999947 ], [ 100.414745771, -0.627849709999966 ], [ 100.415214721, -0.627947859999956 ], [ 100.41577428, -0.628064977999951 ], [ 100.417616131, -0.629365179999977 ], [ 100.41830205, -0.630297109999959 ], [ 100.419066359, -0.631335549999962 ], [ 100.420443181, -0.633193389999978 ], [ 100.42055578, -0.63334532899996 ], [ 100.420563569, -0.633350817999941 ], [ 100.420596921, -0.633374329999923 ], [ 100.42063945, -0.633387029999945 ], [ 100.420812341, -0.633526209999964 ], [ 100.42102372, -0.633675237999973 ], [ 100.421326261, -0.633888538999943 ], [ 100.423321939, -0.635295539999968 ], [ 100.423774891, -0.635614888999958 ], [ 100.42622254, -0.636383607999963 ], [ 100.428318331, -0.637044708999952 ], [ 100.429404292, -0.637512540999985 ], [ 100.42960339, -0.637598309999935 ], [ 100.430591729, -0.63849263899994 ], [ 100.4307126, -0.63860200999995 ], [ 100.43113342, -0.638982799999957 ], [ 100.43128662, -0.639829098999944 ], [ 100.431225611, -0.640490798999974 ], [ 100.43118648, -0.640655419999974 ], [ 100.430965879, -0.641583418999975 ], [ 100.430507189, -0.642322168999956 ], [ 100.43012579, -0.643053949999968 ], [ 100.43016328, -0.643209539999938 ], [ 100.430425531, -0.64429790899994 ], [ 100.430478011, -0.64451570999996 ], [ 100.429820759, -0.646270128999965 ], [ 100.429675291, -0.646509408999983 ], [ 100.429193889, -0.647301298999939 ], [ 100.428658879, -0.648609429999971 ], [ 100.428460442, -0.650117508999937 ], [ 100.42850662, -0.651133099999926 ], [ 100.428652159, -0.65277281799996 ], [ 100.428704695, -0.653364759999937 ], [ 100.42870696, -0.653390278999957 ], [ 100.42847826, -0.653816198999956 ], [ 100.428401192, -0.653959718999953 ], [ 100.42815069, -0.655397450999951 ], [ 100.428049949, -0.655975648999968 ], [ 100.428229231, -0.656390937999961 ], [ 100.42827838, -0.656504769999978 ], [ 100.428402, -0.656791109999976 ], [ 100.42924347, -0.657375609999973 ], [ 100.43015631, -0.657574959999973 ], [ 100.42929651, -0.657716699999985 ], [ 100.42877183, -0.657807719999941 ], [ 100.42779741, -0.657962979999983 ], [ 100.42695149, -0.65824941999995 ], [ 100.42584858, -0.658608129999949 ], [ 100.42439231, -0.659111399999977 ], [ 100.42361063, -0.659606639999935 ], [ 100.42194556, -0.660685459999975 ], [ 100.42181171, -0.660776469999985 ], [ 100.42132986, -0.661081649999972 ], [ 100.42011451, -0.662288959999965 ], [ 100.41866895, -0.66370507999995 ], [ 100.41728228, -0.664987349999943 ], [ 100.41690215, -0.665340699999944 ], [ 100.416782669, -0.665450694999948 ], [ 100.41565469, -0.666489119999944 ], [ 100.41533345, -0.666794299999937 ], [ 100.41396284, -0.66804979999995 ], [ 100.41365767, -0.66834425999997 ], [ 100.41300984, -0.668943899999934 ], [ 100.41223888, -0.669428429999927 ], [ 100.41006518, -0.670791009999969 ], [ 100.4082609, -0.671918009999956 ], [ 100.40796644, -0.672105399999969 ], [ 100.40754883, -0.672373099999967 ], [ 100.40593194, -0.672718429999971 ], [ 100.40550363, -0.672814799999979 ], [ 100.40338882, -0.673026279999935 ], [ 100.40291768, -0.673079819999943 ], [ 100.40120977, -0.672980769999925 ], [ 100.40061013, -0.672948649999978 ], [ 100.39988735, -0.672900459999939 ], [ 100.39913244, -0.672630089999933 ], [ 100.39860776, -0.67243734999995 ], [ 100.39755303, -0.672062569999989 ], [ 100.39664822, -0.671396009999965 ], [ 100.39590937, -0.67086596999997 ], [ 100.39469939, -0.669979889999979 ], [ 100.39399802, -0.669487329999919 ], [ 100.39249356, -0.66834425999997 ], [ 100.39213485, -0.668060499999965 ], [ 100.39027168, -0.66721725999998 ], [ 100.38998792, -0.667088759999968 ], [ 100.38760007, -0.666448969999979 ], [ 100.38558699, -0.66590018999995 ], [ 100.38339723, -0.665902869999977 ], [ 100.38300639, -0.665902869999977 ], [ 100.38213905, -0.665902869999977 ], [ 100.38081128, -0.665744929999969 ], [ 100.37821462, -0.665463839999975 ], [ 100.37754431, -0.665388319999976 ], [ 100.37707423, -0.665335349999972 ], [ 100.37570362, -0.665595019999965 ], [ 100.37398501, -0.665924279999957 ], [ 100.37353528, -0.666009949999939 ], [ 100.37261607, -0.666180619999984 ], [ 100.37132946, -0.666419519999981 ], [ 100.37034969, -0.666606909999926 ], [ 100.3691397, -0.666855869999954 ], [ 100.36896837, -0.666882639999928 ], [ 100.36806356, -0.667053959999973 ], [ 100.36677326, -0.667142299999964 ], [ 100.36600765, -0.667195839999976 ], [ 100.3648619, -0.667265439999944 ], [ 100.36423014, -0.667139629999955 ], [ 100.36331462, -0.666941529999979 ], [ 100.36219029, -0.666705959999951 ], [ 100.36134972, -0.66611434999993 ], [ 100.36053657, -0.665644229999946 ], [ 100.36023075, -0.664963249999975 ], [ 100.36020539, -0.664509309999965 ], [ 100.355840212514138, -0.653128590194131 ], [ 100.35537216, -0.651993049999926 ], [ 100.35480645, -0.651174259999954 ], [ 100.35358513, -0.649406569999945 ], [ 100.35161, -0.646961169999945 ], [ 100.34676622, -0.641223879999929 ], [ 100.34479109, -0.638590359999976 ], [ 100.34309812, -0.636897389999945 ], [ 100.34270362, -0.636532119999981 ], [ 100.34250725, -0.636350289999947 ], [ 100.34231059, -0.636378719999927 ], [ 100.34174606, -0.636393199999933 ], [ 100.34130457, -0.636378719999927 ], [ 100.341034981832109, -0.636276021434804 ], [ 100.34100059, -0.636262919999985 ], [ 100.34079794, -0.636197779999981 ], [ 100.34041588, -0.636153699999964 ], [ 100.34028483, -0.636164489999942 ], [ 100.34024344, -0.636171649999935 ], [ 100.34023231, -0.636172459999951 ], [ 100.33990871, -0.636206379999979 ], [ 100.33973213, -0.636191929999945 ], [ 100.339711713775301, -0.636192526863379 ], [ 100.33968516, -0.636193499999936 ], [ 100.33929403, -0.63620653999993 ], [ 100.33915998, -0.636216349999933 ], [ 100.33893502, -0.636240609999961 ], [ 100.33884571, -0.636232989999946 ], [ 100.33874857, -0.636062979999969 ], [ 100.33864724, -0.635599779999957 ], [ 100.33879923, -0.635194469999935 ], [ 100.33933481, -0.634014739999949 ], [ 100.33940436, -0.633842203999966 ], [ 100.339405812, -0.633832521999979 ], [ 100.339441922, -0.633657990999944 ], [ 100.339453959, -0.633435312999948 ], [ 100.339478032, -0.633248744999945 ], [ 100.339616454, -0.632833479999934 ], [ 100.339742838, -0.632652929999954 ], [ 100.339833113, -0.632466361999956 ], [ 100.339899315, -0.632321921999958 ], [ 100.339971535, -0.632189518999957 ], [ 100.340043755, -0.632051097999986 ], [ 100.340094229, -0.631954737999934 ], [ 100.340007645, -0.631882583999931 ], [ 100.339899315, -0.631834437999948 ], [ 100.339718765, -0.631792308999932 ], [ 100.339693217, -0.631790889999942 ], [ 100.3380174, -0.630795869999939 ], [ 100.33558096, -0.629395829999968 ], [ 100.3354446, -0.629295829999942 ], [ 100.33501397, -0.629035279999931 ], [ 100.33464485, -0.62881452999994 ], [ 100.33428297, -0.628597409999947 ], [ 100.33393195, -0.628394749999937 ], [ 100.333915738162943, -0.628386539323345 ], [ 100.33373928, -0.628297169999945 ], [ 100.33332921, -0.628203499999933 ], [ 100.33275523, -0.628140807999955 ], [ 100.32864643, -0.627692029999942 ], [ 100.32730243, -0.627509509999931 ], [ 100.32707304, -0.627478359999944 ], [ 100.32479339, -0.627168779999978 ], [ 100.324032987, -0.627088411999984 ], [ 100.32039795, -0.626704219999969 ], [ 100.31894248, -0.626550389999981 ], [ 100.316436504, -0.626271689999952 ], [ 100.316441122, -0.626267490999975 ], [ 100.316575783, -0.62622650799995 ], [ 100.316687025, -0.626203087999957 ], [ 100.316751428, -0.62607428199994 ], [ 100.316774847, -0.625927911999948 ], [ 100.316792412, -0.625763976999964 ], [ 100.31686267, -0.62472181899995 ], [ 100.316886089, -0.624364674999929 ], [ 100.316798267, -0.623603547999955 ], [ 100.316751428, -0.623088323999987 ], [ 100.316717328864982, -0.62290930481516 ], [ 100.316704589, -0.62284242099998 ], [ 100.316599203, -0.622456002999969 ], [ 100.316540654, -0.621999326999973 ], [ 100.316411848, -0.621495811999985 ], [ 100.316236204, -0.620898619999945 ], [ 100.316013721, -0.620219460999981 ], [ 100.315804868, -0.619456695999933 ], [ 100.315779372, -0.619363579999978 ], [ 100.316002011, -0.61922999599994 ], [ 100.316657751, -0.618902125999964 ], [ 100.317430587, -0.618386901999947 ], [ 100.318414197, -0.617824838999982 ], [ 100.318835744, -0.617426710999952 ], [ 100.320100386, -0.616302585999963 ], [ 100.320521933, -0.61569368399996 ], [ 100.321318189, -0.614780331999958 ], [ 100.321692897, -0.61398407599996 ], [ 100.321997348, -0.61332833599994 ], [ 100.322187418, -0.612898177999973 ], [ 100.322027893, -0.612467460999936 ], [ 100.3219316, -0.611697115999965 ], [ 100.321690867, -0.610782329999955 ], [ 100.321678197, -0.61055426699994 ], [ 100.32164272, -0.609915690999968 ], [ 100.321623643, -0.609667689999989 ], [ 100.321546427, -0.608663878999948 ] ] ] ] } },
{ "type": "Feature", "properties": { "fid": null, "kk": null, "gid": 79034, "bstt": null, "luas": 1.554126735054383, "bsbtt": null, "idsls": "13060400030006", "kdkab": "06", "kdkec": "040", "kdsls": "0006", "nmkab": "PADANG PARIAMAN", "nmkec": "NAN SABARIS", "nmsls": "KORONG PINANG", "bstt_k": null, "kddesa": "003", "kdprov": "13", "khusus": null, "muatan": null, "nmdesa": "PAUAH KAMBA", "nmprov": "SUMATERA BARAT", "posisi": "", "rw_dki": "", "segmen": "", "sumber": "", "dom_sls": "", "periode": "2024_1", "tingkat": null, "nm_gedung": "", "wil_campur": null, "iddesa": "1306040003", "idkec": "1306040", "idkab": "1306" }, "geometry": { "type": "MultiPolygon", "coordinates": [ [ [ [ 100.171088408, -0.685072130999978 ], [ 100.170611942, -0.685608908999944 ], [ 100.170129445, -0.686061249999964 ], [ 100.16956159, -0.686460851999922 ], [ 100.1691249, -0.686034449999967 ], [ 100.16905519, -0.685966549999938 ], [ 100.1684665, -0.685393079999931 ], [ 100.16703171, -0.683923739999956 ], [ 100.16453959, -0.681380279999926 ], [ 100.16277414, -0.679453209999966 ], [ 100.16129479, -0.677840309999971 ], [ 100.16008867, -0.676525309999937 ], [ 100.1596187, -0.676013649999956 ], [ 100.15926124, -0.675768869999953 ], [ 100.15914544, -0.675233289999937 ], [ 100.15905504, -0.674514619999976 ], [ 100.15900069, -0.674082509999954 ], [ 100.15868223, -0.672548139999947 ], [ 100.15841444, -0.671563829999976 ], [ 100.15813942, -0.670688079999945 ], [ 100.15767613, -0.669860779999972 ], [ 100.15763278, -0.669783379999959 ], [ 100.15751661, -0.669630749999961 ], [ 100.157512006, -0.669624701999972 ], [ 100.157510427, -0.669622627999957 ], [ 100.15743374, -0.669521889999947 ], [ 100.15726367, -0.669298459999942 ], [ 100.1572572, -0.669296019999943 ], [ 100.15724591, -0.669282779999955 ], [ 100.15722095, -0.669257499999963 ], [ 100.15719423, -0.669234119999947 ], [ 100.15716997, -0.669211909999946 ], [ 100.15714162, -0.669190559999949 ], [ 100.15711179, -0.669171349999949 ], [ 100.15708545, -0.669151699999936 ], [ 100.15705727, -0.669134819999955 ], [ 100.15702756, -0.669120859999971 ], [ 100.15683735, -0.669035939999963 ], [ 100.1568064, -0.669025059999966 ], [ 100.15677452, -0.669017349999932 ], [ 100.15675123, -0.669012099999987 ], [ 100.1567276, -0.669008709999964 ], [ 100.15669511, -0.669004259999956 ], [ 100.1566713, -0.669002749999958 ], [ 100.15662731, -0.66900395999995 ], [ 100.15659455, -0.669002819999943 ], [ 100.15655057, -0.669002829999954 ], [ 100.15649588, -0.669002839999958 ], [ 100.15645785, -0.669005239999934 ], [ 100.15642872, -0.669012429999951 ], [ 100.15640436, -0.669020809999958 ], [ 100.15637524, -0.669029789999967 ], [ 100.15634255, -0.669039369999948 ], [ 100.15599664, -0.669072959999945 ], [ 100.15596039, -0.669076559999957 ], [ 100.15591284, -0.66907895999998 ], [ 100.15586886, -0.669080769999933 ], [ 100.15584211, -0.669086759999979 ], [ 100.15580733, -0.669097789999968 ], [ 100.15577043, -0.669109169999963 ], [ 100.15555765, -0.66913195999996 ], [ 100.15551987, -0.669139929999972 ], [ 100.15548153, -0.669144409999946 ], [ 100.15544295, -0.66914537999998 ], [ 100.15538934, -0.669149789999955 ], [ 100.15522755, -0.66916307999998 ], [ 100.15501216, -0.669180789999924 ], [ 100.15497014, -0.669177649999939 ], [ 100.15494508, -0.669177 ], [ 100.15490344, -0.66917049999995 ], [ 100.15487862, -0.669166949999975 ], [ 100.15483763, -0.669157119999973 ], [ 100.15481338, -0.669150739999961 ], [ 100.1547733, -0.669137649999931 ], [ 100.15474994, -0.669128509999961 ], [ 100.15471102, -0.669112239999951 ], [ 100.15467352, -0.669092889999943 ], [ 100.15463131, -0.669064179999968 ], [ 100.15459546, -0.669041879999955 ], [ 100.15455682, -0.669010779999956 ], [ 100.15452285, -0.668985669999929 ], [ 100.15451247, -0.668976619999974 ], [ 100.15449099, -0.668957909999958 ], [ 100.15445532, -0.668923209999956 ], [ 100.15442575, -0.668892979999958 ], [ 100.15440518, -0.66886826999996 ], [ 100.15439868, -0.668860469999975 ], [ 100.15438453, -0.668840619999967 ], [ 100.15436013, -0.668806039999937 ], [ 100.15434869, -0.668784479999948 ], [ 100.15434016, -0.668761599999925 ], [ 100.15431854, -0.668731939999926 ], [ 100.15429951, -0.668700519999963 ], [ 100.15429405, -0.668676709999948 ], [ 100.15427776, -0.668643769999966 ], [ 100.15427545, -0.668619449999937 ], [ 100.15426201, -0.668585229999969 ], [ 100.15425152, -0.668549979999963 ], [ 100.15425241, -0.668525559999977 ], [ 100.15424494, -0.668489539999948 ], [ 100.15424901, -0.668465449999924 ], [ 100.15424463, -0.668428919999936 ], [ 100.15424337, -0.668392149999933 ], [ 100.15425055, -0.668368799999943 ], [ 100.15424458, -0.668283239999944 ], [ 100.15423923, -0.668271879999958 ], [ 100.15423907, -0.668262289999969 ], [ 100.15423818, -0.668208369999941 ], [ 100.1542358, -0.668195809999929 ], [ 100.15423564, -0.668186319999961 ], [ 100.15423504, -0.668167769999977 ], [ 100.15423504, -0.668135459999979 ], [ 100.15423503, -0.668107939999965 ], [ 100.15423621, -0.668057679999949 ], [ 100.15423858, -0.66803194999994 ], [ 100.15423738, -0.667981689999983 ], [ 100.15423619, -0.667964339999975 ], [ 100.15423972, -0.667841089999977 ], [ 100.15423971, -0.667787239999937 ], [ 100.15423732, -0.667747749999941 ], [ 100.15423731, -0.66769868999996 ], [ 100.15423254, -0.667629279999981 ], [ 100.15423254, -0.667606549999962 ], [ 100.15422522, -0.66757395999997 ], [ 100.15421906, -0.667538629999969 ], [ 100.15420904, -0.667506779999938 ], [ 100.1541964, -0.667475889999938 ], [ 100.1541876, -0.667441119999981 ], [ 100.15417242, -0.667411409999951 ], [ 100.1541686, -0.667405259999957 ], [ 100.15415482, -0.667383099999944 ], [ 100.15414343, -0.667349099999975 ], [ 100.15412352, -0.667322369999964 ], [ 100.15410959, -0.667289349999983 ], [ 100.15407927, -0.667253459999924 ], [ 100.15404479, -0.667217569999942 ], [ 100.15402842, -0.667185699999948 ], [ 100.1540097, -0.667155169999948 ], [ 100.15395977, -0.667109109999958 ], [ 100.1539388, -0.667080089999961 ], [ 100.15390313, -0.667035829999974 ], [ 100.15388827, -0.667018479999964 ], [ 100.15387459, -0.667002929999966 ], [ 100.15384665, -0.666982589999983 ], [ 100.15373845, -0.66685457999995 ], [ 100.15371943, -0.666843209999974 ], [ 100.15369803, -0.66683004999993 ], [ 100.15368554, -0.666817489999977 ], [ 100.1536642, -0.666789589999955 ], [ 100.15365386, -0.66677918999995 ], [ 100.153643441, -0.666762437999983 ], [ 100.15337684, -0.666333789999956 ], [ 100.15334813, -0.666287619999939 ], [ 100.15334796, -0.666285952999945 ], [ 100.153343593, -0.66628256499996 ], [ 100.153332142, -0.666262313999944 ], [ 100.153319949, -0.666228066999971 ], [ 100.153296623, -0.666156815999958 ], [ 100.153288079, -0.666131817999943 ], [ 100.153250819, -0.666022797999967 ], [ 100.153252927, -0.665919508999935 ], [ 100.153254212, -0.665856546999978 ], [ 100.153261846, -0.665725921999981 ], [ 100.153267359, -0.665691144999935 ], [ 100.153273297, -0.665671635999954 ], [ 100.153294926, -0.665654670999971 ], [ 100.153447181, -0.665510897999979 ], [ 100.153621914, -0.665375182999988 ], [ 100.153774594, -0.665173306999982 ], [ 100.153858548, -0.665088419999958 ], [ 100.15388611, -0.665043899999947 ], [ 100.15411531, -0.664673639999935 ], [ 100.154352703, -0.664040588999968 ], [ 100.15435415, -0.664036729999961 ], [ 100.15444015, -0.663873689999952 ], [ 100.15453584, -0.663692289999978 ], [ 100.15454074, -0.663676879999972 ], [ 100.1545493, -0.663656359999953 ], [ 100.15460039, -0.663540869999961 ], [ 100.15462232, -0.663502989999926 ], [ 100.15464656, -0.663466559999958 ], [ 100.15466841, -0.663437799999946 ], [ 100.15468357, -0.663391989999984 ], [ 100.15469733, -0.663378139999965 ], [ 100.15481246, -0.663262269999967 ], [ 100.15492098, -0.663182069999951 ], [ 100.15492222, -0.663181549999932 ], [ 100.15495417, -0.663162849999941 ], [ 100.15498218, -0.663153979999948 ], [ 100.15501532, -0.663137519999965 ], [ 100.15504398, -0.663131069999966 ], [ 100.15507816, -0.663116929999943 ], [ 100.15511322, -0.663105179999942 ], [ 100.15516076, -0.663097389999968 ], [ 100.1552016, -0.663093369999958 ], [ 100.1552095, -0.663092589999969 ], [ 100.15524635, -0.663086599999936 ], [ 100.155253786, -0.663084479999954 ], [ 100.15527785, -0.663077619999971 ], [ 100.15548674, -0.662990829999955 ], [ 100.15548823, -0.66299020999998 ], [ 100.15548958, -0.66298984999998 ], [ 100.15553806, -0.662973239999939 ], [ 100.15561184, -0.662941119999973 ], [ 100.15564589, -0.662924199999971 ], [ 100.15571779, -0.66288529999998 ], [ 100.15575043, -0.662865759999933 ], [ 100.1557736, -0.662851389999961 ], [ 100.15580462, -0.662829349999934 ], [ 100.15581695, -0.662819559999949 ], [ 100.15583552, -0.662804809999961 ], [ 100.15586474, -0.662780409999921 ], [ 100.15590693, -0.662743899999962 ], [ 100.15593417, -0.662717269999976 ], [ 100.15601796, -0.662634089999936 ], [ 100.15604305, -0.662605409999969 ], [ 100.15606584, -0.662574839999939 ], [ 100.15612942, -0.662501829999944 ], [ 100.15615536, -0.662468739999954 ], [ 100.1561829, -0.662433609999947 ], [ 100.15623875, -0.662371969999927 ], [ 100.156246914, -0.662362813999945 ], [ 100.156305086, -0.661141200999972 ], [ 100.156476407, -0.66034170199993 ], [ 100.156516901, -0.660132481999946 ], [ 100.156544935, -0.659987638999949 ], [ 100.156594428, -0.65981631699998 ], [ 100.156929456, -0.65948128899993 ], [ 100.157264484, -0.659222403999934 ], [ 100.157843169, -0.659024432999963 ], [ 100.158482768, -0.658841689999976 ], [ 100.158985311, -0.658872146999963 ], [ 100.159192233, -0.658942233999939 ], [ 100.159457396, -0.659032046999922 ], [ 100.159716281, -0.659702102999979 ], [ 100.15962491, -0.660136116999978 ], [ 100.159373639, -0.660257944999959 ], [ 100.158977696, -0.66034170199993 ], [ 100.158602058, -0.660204644999966 ], [ 100.158124897, -0.660273173999939 ], [ 100.157771734, -0.660554600999946 ], [ 100.157637584, -0.66066150199993 ], [ 100.157621, -0.660731663999975 ], [ 100.157538598, -0.661080286999957 ], [ 100.157504969, -0.661220040999984 ], [ 100.157550649, -0.661383905999969 ], [ 100.157611159, -0.661521868999963 ], [ 100.157668655, -0.661652958999988 ], [ 100.157713395, -0.661754966999983 ], [ 100.157851195, -0.66206915099998 ], [ 100.157925621, -0.662160942999949 ], [ 100.158026488, -0.662285344999934 ], [ 100.158416882, -0.662753162999935 ], [ 100.158433718, -0.662772804999977 ], [ 100.158586896, -0.662815460999988 ], [ 100.15878694, -0.662734283999953 ], [ 100.159329883, -0.662513959999964 ], [ 100.159399963, -0.662476972999979 ], [ 100.159442162, -0.66245470099995 ], [ 100.1595751, -0.662243208999935 ], [ 100.159656001, -0.661919601999962 ], [ 100.159715971, -0.661794370999931 ], [ 100.159817805, -0.661581718999975 ], [ 100.15992726, -0.661334254999939 ], [ 100.160050992, -0.661210522999968 ], [ 100.160430069, -0.660998002999977 ], [ 100.161295176, -0.660507220999935 ], [ 100.161529881, -0.660374070999986 ], [ 100.162406979, -0.660063876999974 ], [ 100.162515672, -0.660025436999956 ], [ 100.16268568778807, -0.659849349399845 ], [ 100.163188896, -0.65932817 ], [ 100.163393267, -0.658318333999948 ], [ 100.163393267, -0.657657132999929 ], [ 100.162780153, -0.657116149999979 ], [ 100.162598106, -0.657122082999941 ], [ 100.162319094, -0.657131174999963 ], [ 100.162062112, -0.657221594999953 ], [ 100.161952657, -0.657335808999956 ], [ 100.161909827, -0.657502370999969 ], [ 100.161926602, -0.657705219999968 ], [ 100.16181288, -0.658253154999955 ], [ 100.16170437, -0.658392666999926 ], [ 100.161385619, -0.65857079299997 ], [ 100.161322174, -0.658569497999968 ], [ 100.16091098, -0.658561105999986 ], [ 100.160796548, -0.658558770999953 ], [ 100.160207478, -0.658306312999971 ], [ 100.160111897, -0.658169174999955 ], [ 100.160326756, -0.657908149999973 ], [ 100.160488721, -0.657711382999935 ], [ 100.16049344, -0.65770564999997 ], [ 100.160518049, -0.657393900999981 ], [ 100.16055456, -0.656931369999945 ], [ 100.16054269, -0.656867719999977 ], [ 100.16047897, -0.656525919999983 ], [ 100.16054411, -0.656095279999933 ], [ 100.16067438, -0.655718929999978 ], [ 100.1608119, -0.655407709999959 ], [ 100.16103626, -0.654966219999951 ], [ 100.16114009, -0.654860409999969 ], [ 100.16115873, -0.654841419999978 ], [ 100.161323126, -0.654673889 ], [ 100.16141623, -0.654579009999973 ], [ 100.1615349, -0.654524399999957 ], [ 100.16180081, -0.654402039999981 ], [ 100.16182516, -0.654390829999961 ], [ 100.16189106, -0.654378279999952 ], [ 100.16205314, -0.654347399999954 ], [ 100.16239693, -0.654314839999937 ], [ 100.162547915, -0.654249086999936 ], [ 100.16284566, -0.654119419999971 ], [ 100.16292994, -0.654058629999953 ], [ 100.16306641, -0.653960189999972 ], [ 100.16307219, -0.653946959999931 ], [ 100.16308328, -0.653935019999952 ], [ 100.16314151, -0.653857819999929 ], [ 100.16314508, -0.653848249999955 ], [ 100.16316376, -0.653823789999939 ], [ 100.16317089, -0.653807639999972 ], [ 100.16318714, -0.653781469999958 ], [ 100.16320437, -0.653748559999942 ], [ 100.16321506, -0.653728809999964 ], [ 100.16323526, -0.653704879999972 ], [ 100.16328872, -0.653562459999935 ], [ 100.16329704, -0.653554089999946 ], [ 100.16331784, -0.653523569999952 ], [ 100.16334576, -0.653476289999967 ], [ 100.16336714, -0.653403289999971 ], [ 100.16343012, -0.653285409999977 ], [ 100.16340379, -0.653181679999939 ], [ 100.16340174, -0.65317879999998 ], [ 100.16342668, -0.653098619999987 ], [ 100.16342511, -0.653095449999967 ], [ 100.16342405, -0.653092069999965 ], [ 100.16342353, -0.653088559999952 ], [ 100.16343541, -0.653057449999953 ], [ 100.16343124, -0.65302752999997 ], [ 100.16343052, -0.653015349999983 ], [ 100.16343138, -0.653003169999981 ], [ 100.16344064, -0.65297585999997 ], [ 100.16346345, -0.652908629999957 ], [ 100.16346588, -0.652896669999962 ], [ 100.16346984, -0.652885129999963 ], [ 100.16348338, -0.65285475999997 ], [ 100.16354409, -0.652682759999949 ], [ 100.16361707, -0.652465499999955 ], [ 100.1636997, -0.652219549999931 ], [ 100.16376122, -0.651767199999933 ], [ 100.16377931, -0.651090489999955 ], [ 100.163810931, -0.65093020599995 ], [ 100.16388149, -0.650572549999934 ], [ 100.16388425, -0.65055851999995 ], [ 100.16409776, -0.650164079999973 ], [ 100.16435832, -0.650026559999958 ], [ 100.16442537, -0.65002283999996 ], [ 100.16445173, -0.650016679999968 ], [ 100.16449596, -0.650009059999951 ], [ 100.16450301, -0.650007149999973 ], [ 100.164506798, -0.650006121999982 ], [ 100.16453229, -0.649999199999967 ], [ 100.16457691, -0.649994429999941 ], [ 100.16461398, -0.649987959999973 ], [ 100.16465882, -0.649986059999955 ], [ 100.16469632, -0.64998303999994 ], [ 100.16474119, -0.649984019999975 ], [ 100.16477881, -0.649984469999943 ], [ 100.16482352, -0.649988319999977 ], [ 100.16486094, -0.649992239999972 ], [ 100.16490532, -0.64999893999994 ], [ 100.16494222, -0.65000629999998 ], [ 100.16498609, -0.650015829999977 ], [ 100.16502217, -0.65002656999997 ], [ 100.16506535, -0.650038889999959 ], [ 100.16510029, -0.650052909999943 ], [ 100.16518969, -0.650095009999975 ], [ 100.16522412, -0.650114919999965 ], [ 100.16526578, -0.65013902999994 ], [ 100.16533997, -0.650185919999968 ], [ 100.16536755, -0.650209839999952 ], [ 100.16538372, -0.650222279999982 ], [ 100.16539608, -0.650233769999944 ], [ 100.16561389, -0.650398379999961 ], [ 100.16563672, -0.650407939999983 ], [ 100.16564813, -0.650411769999945 ], [ 100.16564948, -0.650412359999962 ], [ 100.16566335, -0.650418469999981 ], [ 100.165709, -0.65045195999994 ], [ 100.16574224, -0.650472939999929 ], [ 100.16577721, -0.650490849999936 ], [ 100.16580635, -0.650512789999941 ], [ 100.16581351, -0.650518179999957 ], [ 100.16582499, -0.650522809999928 ], [ 100.16588243, -0.650553719999947 ], [ 100.16588817, -0.650557399999972 ], [ 100.16589062, -0.650558119999966 ], [ 100.16610765, -0.650674879999948 ], [ 100.16620752, -0.650728609999933 ], [ 100.166877, -0.650887839999949 ], [ 100.166930902, -0.650899653999945 ], [ 100.16740534, -0.651003639999951 ], [ 100.16800606, -0.650974689999952 ], [ 100.168208862, -0.650945718999943 ], [ 100.16861402, -0.650887839999949 ], [ 100.16937759, -0.650786509999936 ], [ 100.1698227, -0.650837169999937 ], [ 100.17011467, -0.650918649999943 ], [ 100.17048946, -0.651228 ], [ 100.170776019, -0.651497089999967 ], [ 100.17108294, -0.651785299999981 ], [ 100.17132969, -0.652117279999978 ], [ 100.17147508, -0.652312899999979 ], [ 100.17150721, -0.652338419999975 ], [ 100.17152148, -0.652350859999957 ], [ 100.17153574, -0.652365219999985 ], [ 100.17154145, -0.652377419999942 ], [ 100.17156524, -0.652410919999974 ], [ 100.17157735, -0.652434219999978 ], [ 100.17159133, -0.652456439999987 ], [ 100.17160706, -0.652477439999929 ], [ 100.17165558, -0.65255113999996 ], [ 100.17167297, -0.652570769999957 ], [ 100.17169349, -0.652589329999964 ], [ 100.17171194, -0.652609979999963 ], [ 100.17174619, -0.652657839999961 ], [ 100.17176235, -0.652680339999963 ], [ 100.17177605, -0.652704449999934 ], [ 100.17183439, -0.652755259999946 ], [ 100.17192125, -0.652797559999964 ], [ 100.17194373, -0.652805889999974 ], [ 100.17197817, -0.652803279999942 ], [ 100.17200161, -0.652808279999938 ], [ 100.17202461, -0.652807519999962 ], [ 100.17204341, -0.652808739999959 ], [ 100.17210198, -0.652793969999946 ], [ 100.17212968, -0.652786989999934 ], [ 100.17216089, -0.652779119999932 ], [ 100.17217514, -0.65277552999993 ], [ 100.17218353, -0.652772259999943 ], [ 100.17231475, -0.652709049999952 ], [ 100.17233562, -0.652697209999928 ], [ 100.17235458, -0.65268246999995 ], [ 100.17237123, -0.652665139999954 ], [ 100.17238346, -0.652657389999943 ], [ 100.1724347, -0.652624919999937 ], [ 100.17247306, -0.652566669999942 ], [ 100.172492341, -0.652548204999966 ], [ 100.17251656, -0.652525009999977 ], [ 100.1725291, -0.652507099999986 ], [ 100.17253966, -0.652487939999961 ], [ 100.1725481, -0.652467739999961 ], [ 100.17258421, -0.652408049999966 ], [ 100.17259045, -0.65238705999997 ], [ 100.17262426, -0.65232601999998 ], [ 100.1726549, -0.652218319999974 ], [ 100.17268636, -0.652156019999953 ], [ 100.17269024, -0.652140749999951 ], [ 100.17273443, -0.65200073999995 ], [ 100.17273622, -0.651985079999984 ], [ 100.17273586, -0.65196932999993 ], [ 100.17274157, -0.651940139999963 ], [ 100.17275239, -0.651884839999982 ], [ 100.17276664, -0.651856119999937 ], [ 100.17277374, -0.651835165999961 ], [ 100.17280727, -0.651736209999975 ], [ 100.17282343, -0.651687379999945 ], [ 100.17283482, -0.651629939999964 ], [ 100.17285763, -0.651553829999962 ], [ 100.17287259, -0.651501409999983 ], [ 100.17287296, -0.651494629999949 ], [ 100.17287638, -0.651431529999972 ], [ 100.17288185, -0.651405339999941 ], [ 100.17288195, -0.651404859999958 ], [ 100.17288208, -0.651404249999939 ], [ 100.17288493, -0.651384139999956 ], [ 100.17289063, -0.651367869999945 ], [ 100.17289443, -0.651347759999963 ], [ 100.17289918, -0.651319039999982 ], [ 100.17293052, -0.651130919999961 ], [ 100.17294476, -0.651048589999966 ], [ 100.17295711, -0.650992109999949 ], [ 100.17296281, -0.650972219999972 ], [ 100.17296947, -0.650949029999934 ], [ 100.17298656, -0.650862859999966 ], [ 100.17299797, -0.650829359999932 ], [ 100.17301213, -0.650791489999966 ], [ 100.1730221, -0.650757019999954 ], [ 100.17303876, -0.650720189999964 ], [ 100.17304874, -0.650696499999932 ], [ 100.17306781, -0.650660879999981 ], [ 100.17308207, -0.650632149999979 ], [ 100.17310347, -0.6505979 ], [ 100.17313199, -0.650550509999957 ], [ 100.17315529, -0.650506389999979 ], [ 100.17316297, -0.650493629999978 ], [ 100.17320021, -0.650431709999966 ], [ 100.17322163, -0.65038662999996 ], [ 100.17323232, -0.65036364999997 ], [ 100.17323731, -0.65034569999995 ], [ 100.173245301, -0.650326855999938 ], [ 100.1732568, -0.65029974 ], [ 100.17325893, -0.650282509999958 ], [ 100.17326035, -0.650267429999928 ], [ 100.17326178, -0.650248049999965 ], [ 100.17327931, -0.650201299999935 ], [ 100.17328287, -0.650186219999968 ], [ 100.17329, -0.650168269999935 ], [ 100.17329807, -0.650135959999951 ], [ 100.17330591, -0.650123749999974 ], [ 100.17332089, -0.650103639999942 ], [ 100.1733322, -0.650057499999947 ], [ 100.17333719, -0.650046009999924 ], [ 100.17334217, -0.650025909999959 ], [ 100.17335081, -0.649979189999955 ], [ 100.17337932, -0.649883689999973 ], [ 100.17338524, -0.649836539999967 ], [ 100.17339807, -0.649788429999955 ], [ 100.17340127, -0.649741019999972 ], [ 100.17340443, -0.649713269999956 ], [ 100.17340483, -0.649685329999953 ], [ 100.17340529, -0.649637809999944 ], [ 100.17340292, -0.649609969999978 ], [ 100.17339781, -0.649582509999958 ], [ 100.17339001, -0.649555699999955 ], [ 100.17338774, -0.64950822999998 ], [ 100.17337733, -0.64948233999996 ], [ 100.17335307, -0.649437109999955 ], [ 100.17334839, -0.649415699999963 ], [ 100.1733412, -0.64939500999998 ], [ 100.17333161, -0.649375329999951 ], [ 100.17331976, -0.649356939999958 ], [ 100.17324556, -0.649232749999948 ], [ 100.17320917, -0.649170289999975 ], [ 100.17319027, -0.64913552999998 ], [ 100.17309144, -0.648953729999963 ], [ 100.17306932, -0.648918559999968 ], [ 100.17304364, -0.648874049999959 ], [ 100.17302794, -0.648850359999929 ], [ 100.17300654, -0.648812309999937 ], [ 100.17298727, -0.648777849999933 ], [ 100.17294835, -0.648703889999988 ], [ 100.17290165, -0.64861512999994 ], [ 100.17288738, -0.648588569999968 ], [ 100.1728781, -0.648561289999985 ], [ 100.17287096, -0.648536159999941 ], [ 100.17285954, -0.648521079999979 ], [ 100.17285027, -0.64851031999996 ], [ 100.17283957, -0.648500269999944 ], [ 100.17281727, -0.648469299999933 ], [ 100.17281013, -0.648461399999975 ], [ 100.17280514, -0.648455659999967 ], [ 100.17278093, -0.648426179999939 ], [ 100.17277053086282, -0.648410276865648 ], [ 100.17276166, -0.648390289999957 ], [ 100.17275025, -0.64837807999993 ], [ 100.17272422, -0.648350219999949 ], [ 100.17271281, -0.648338009999976 ], [ 100.17268508, -0.648311869999937 ], [ 100.17265808, -0.648255279999952 ], [ 100.17265082, -0.648240079999948 ], [ 100.17264042, -0.64823144999997 ], [ 100.1726215, -0.648215759999972 ], [ 100.17256657, -0.648177719999984 ], [ 100.17254086, -0.64816657999996 ], [ 100.17251423, -0.648153219999938 ], [ 100.17251298, -0.648152589999941 ], [ 100.1724887, -0.648138579999965 ], [ 100.17246616, -0.64812186999996 ], [ 100.17244979, -0.648111759999955 ], [ 100.17235308, -0.648024049999947 ], [ 100.17222287, -0.647905949999942 ], [ 100.17200893, -0.647683679999943 ], [ 100.17194422, -0.647616439999986 ], [ 100.17187712, -0.647472179999973 ], [ 100.17179947, -0.64730522999997 ], [ 100.17170538, -0.647012099999928 ], [ 100.17150634, -0.646632129999948 ], [ 100.1713435, -0.64646204999997 ], [ 100.17113723, -0.646349859999932 ], [ 100.170817334, -0.64620445699996 ], [ 100.17077897, -0.646187019999962 ], [ 100.17053355, -0.64613719999994 ], [ 100.17029767, -0.646089309999982 ], [ 100.170199006, -0.646071305999956 ], [ 100.16980189, -0.645998839999952 ], [ 100.16964375, -0.645936869999956 ], [ 100.16961879, -0.645933039999941 ], [ 100.16957124, -0.645917489999935 ], [ 100.16951622, -0.645895269999921 ], [ 100.16943824, -0.645879019999945 ], [ 100.16938453, -0.645853739999956 ], [ 100.16934932, -0.645842 ], [ 100.1692971, -0.645813759999951 ], [ 100.16926304, -0.645798969999931 ], [ 100.16921245, -0.645767849999975 ], [ 100.1691798, -0.645750129999957 ], [ 100.1691488, -0.645729629999956 ], [ 100.16910002, -0.645695719999939 ], [ 100.16907369, -0.645674779999986 ], [ 100.16907091, -0.645672569999941 ], [ 100.16902408, -0.645635979999954 ], [ 100.16899708, -0.645610369999927 ], [ 100.16895234, -0.645571219999964 ], [ 100.16892766, -0.645543339999969 ], [ 100.16892709, -0.645542569999975 ], [ 100.16892252, -0.645539249999965 ], [ 100.16890297, -0.645510949999964 ], [ 100.16870069, -0.645218089999964 ], [ 100.16868006, -0.645188229999973 ], [ 100.16866412, -0.645145449999983 ], [ 100.16865481, -0.645127929999949 ], [ 100.16861242, -0.645048119999965 ], [ 100.16858102, -0.644985909999955 ], [ 100.16856947, -0.644955909999967 ], [ 100.16853744, -0.644872764999955 ], [ 100.16853493, -0.644866249999948 ], [ 100.168514, -0.644805949999984 ], [ 100.16850328, -0.64477066999996 ], [ 100.16849577, -0.644734569999974 ], [ 100.16848435, -0.644689579999981 ], [ 100.16848009, -0.644652939999957 ], [ 100.16847452, -0.644629159999963 ], [ 100.16847356, -0.644592279999934 ], [ 100.16847435, -0.644579889999938 ], [ 100.1684759, -0.644555469999953 ], [ 100.16847367, -0.644531139999965 ], [ 100.16847929, -0.64449468999994 ], [ 100.168480307, -0.644473289999951 ], [ 100.16848045, -0.64447027999996 ], [ 100.16848931, -0.644434489999981 ], [ 100.16849384, -0.644410479999981 ], [ 100.16850164, -0.64438733999998 ], [ 100.16851367, -0.644352499999974 ], [ 100.16852876, -0.644318889999965 ], [ 100.16855368, -0.644288459999933 ], [ 100.16857172, -0.644256359999937 ], [ 100.16859889, -0.644227959999975 ], [ 100.16861814, -0.644198639999965 ], [ 100.16864009, -0.644171309999929 ], [ 100.16866936, -0.644145109999959 ], [ 100.16869382, -0.644120039999964 ], [ 100.16872304, -0.644097699999978 ], [ 100.16872501, -0.64409618999998 ], [ 100.16875176, -0.644073599999963 ], [ 100.16878054, -0.644053709999987 ], [ 100.16881346, -0.644032349999983 ], [ 100.16884401, -0.644015339999958 ], [ 100.1688636, -0.644007439999936 ], [ 100.16889562, -0.643993459999933 ], [ 100.16892884, -0.643982639999936 ], [ 100.16894929, -0.643977399999931 ], [ 100.16898338, -0.643969849999966 ], [ 100.16900433, -0.64396734999997 ], [ 100.16903932, -0.643966069999982 ], [ 100.16905939, -0.643966339999967 ], [ 100.16906042, -0.643966349999975 ], [ 100.1690954, -0.643968009999988 ], [ 100.16911628, -0.643971059999957 ], [ 100.169151, -0.643975639999958 ], [ 100.1691713, -0.643981419999938 ], [ 100.16920552, -0.643988879999933 ], [ 100.16922489, -0.643997289999964 ], [ 100.16925838, -0.644007589999951 ], [ 100.16928882, -0.64402767999997 ], [ 100.16932134, -0.644040749999928 ], [ 100.16935267, -0.644056479999959 ], [ 100.16938259, -0.644074789999943 ], [ 100.16946953, -0.64413943999995 ], [ 100.16949197, -0.644156129999938 ], [ 100.16952028, -0.64417686999997 ], [ 100.16954678, -0.644199909999941 ], [ 100.16960968, -0.644246919999939 ], [ 100.16981179, -0.644388969999969 ], [ 100.16987641, -0.644433549999976 ], [ 100.16994266, -0.644475639999939 ], [ 100.16997981, -0.644496569999943 ], [ 100.17004759, -0.644536109999939 ], [ 100.17011744, -0.644567509999955 ], [ 100.17019447, -0.644603869999968 ], [ 100.17026134, -0.644621799999921 ], [ 100.170446161, -0.644667094999933 ], [ 100.17048768, -0.644677269999928 ], [ 100.17050895, -0.644681479999977 ], [ 100.17057833, -0.644695199999951 ], [ 100.17072395, -0.644714609999944 ], [ 100.17097596, -0.64477102999996 ], [ 100.17101311, -0.64477102999996 ], [ 100.17104877, -0.644771019999948 ], [ 100.17107688, -0.644771009999943 ], [ 100.17107997, -0.644771009999943 ], [ 100.17112901, -0.644778479999964 ], [ 100.1711593, -0.644782619999942 ], [ 100.17118985, -0.644783829999936 ], [ 100.17122997, -0.644783819999928 ], [ 100.17126049, -0.64478206999997 ], [ 100.1712907, -0.644777389999941 ], [ 100.17132033, -0.644769819999964 ], [ 100.1713649, -0.644760829999946 ], [ 100.17144193, -0.644734969999952 ], [ 100.17158011, -0.644709509999928 ], [ 100.17168162, -0.644671719999976 ], [ 100.17171133, -0.644660649999939 ], [ 100.17179899, -0.644624739999926 ], [ 100.17180854, -0.644619739999945 ], [ 100.17189977, -0.644572059999985 ], [ 100.17195029, -0.644546619999977 ], [ 100.17198048, -0.644522739999959 ], [ 100.17200902, -0.644496889999977 ], [ 100.17202982, -0.64447743999995 ], [ 100.17205659, -0.644449729999965 ], [ 100.1720759, -0.644422799999979 ], [ 100.17210077, -0.64439335999993 ], [ 100.17211422, -0.644373539999947 ], [ 100.17213709, -0.644342489999939 ], [ 100.17214759, -0.644320939999943 ], [ 100.17216836, -0.644288429999961 ], [ 100.17218155, -0.644262879999934 ], [ 100.17218889, -0.644240039999953 ], [ 100.17220089, -0.644213899999965 ], [ 100.17220995, -0.644184469999973 ], [ 100.17221399, -0.644160809999964 ], [ 100.17222022, -0.644130639999962 ], [ 100.17222086, -0.644106649999975 ], [ 100.17222422, -0.644076019999953 ], [ 100.17222466, -0.64404521999995 ], [ 100.17222191, -0.644021379999974 ], [ 100.17222172, -0.644019009999971 ], [ 100.17221944, -0.64399066999994 ], [ 100.17221408, -0.643960329999979 ], [ 100.17220798, -0.643937129999931 ], [ 100.17219978, -0.643907439999964 ], [ 100.17218882, -0.643878679999947 ], [ 100.17217949, -0.643856589999934 ], [ 100.17211028, -0.643728089999978 ], [ 100.17202406, -0.643553099999967 ], [ 100.17196769, -0.643449 ], [ 100.1719464, -0.643400359999935 ], [ 100.17192819, -0.643350469999973 ], [ 100.1718868, -0.643259289999951 ], [ 100.17187174, -0.643208339999949 ], [ 100.17185989, -0.643156549999966 ], [ 100.17184694, -0.643117949999977 ], [ 100.1718429, -0.643099159999969 ], [ 100.17182657, -0.643023309999935 ], [ 100.17182388, -0.643010809999974 ], [ 100.17180116, -0.642905219999937 ], [ 100.17180421, -0.642879709999944 ], [ 100.17180282, -0.642870119999953 ], [ 100.17179535, -0.642708569999976 ], [ 100.1717914, -0.64266208 ], [ 100.1717944, -0.642622399999942 ], [ 100.17179645, -0.642583799999955 ], [ 100.17180203, -0.642545549999962 ], [ 100.17180853, -0.642506299999979 ], [ 100.17181759, -0.64246872999997 ], [ 100.17182755, -0.642430219999941 ], [ 100.17184001, -0.642393649999971 ], [ 100.17185577, -0.642358399999977 ], [ 100.17186911, -0.642320939999936 ], [ 100.17188803, -0.642287299999965 ], [ 100.17190464, -0.642251189999975 ], [ 100.17190588, -0.642249009999948 ], [ 100.1719186, -0.642226809999952 ], [ 100.17192438, -0.642216719999973 ], [ 100.17195575, -0.642157839999932 ], [ 100.17197651, -0.642119449999949 ], [ 100.17204839, -0.641986549999958 ], [ 100.17215735, -0.641825479999964 ], [ 100.17227884, -0.641645879999942 ], [ 100.17242104, -0.641474059999962 ], [ 100.17245412, -0.641412519999966 ], [ 100.17246749, -0.641391579999956 ], [ 100.17248828, -0.64136464999996 ], [ 100.17251504, -0.641314 ], [ 100.17252963, -0.641286379999951 ], [ 100.17259944, -0.641168199999933 ], [ 100.172615099, -0.641130119999965 ], [ 100.17261681, -0.64112595999996 ], [ 100.17265326, -0.641092929999956 ], [ 100.17267119, -0.641070359999955 ], [ 100.17272753, -0.64099942999997 ], [ 100.17289495, -0.640788649999936 ], [ 100.172951319, -0.640687399999934 ], [ 100.17296354, -0.640665449999977 ], [ 100.17303653, -0.640534329999979 ], [ 100.17307374, -0.640467469999986 ], [ 100.17318969, -0.640107329999983 ], [ 100.173208425, -0.640033522999947 ], [ 100.17329055, -0.639709989999977 ], [ 100.17329077, -0.639700809999966 ], [ 100.17325778, -0.639447869999972 ], [ 100.17323699, -0.639288439999983 ], [ 100.17321964, -0.639155489999952 ], [ 100.17319802, -0.638989689999967 ], [ 100.173169925, -0.638455916999931 ], [ 100.17316682, -0.638396929999948 ], [ 100.17315459, -0.638164599999929 ], [ 100.17312589, -0.637746789999948 ], [ 100.17308945, -0.637216469999943 ], [ 100.17308676, -0.636892769999977 ], [ 100.17308497, -0.636677759999944 ], [ 100.17308222, -0.636347959999974 ], [ 100.17315947, -0.63591660999993 ], [ 100.17316907, -0.635863049999953 ], [ 100.17318677, -0.635809549999982 ], [ 100.17326547, -0.635571709999959 ], [ 100.17349476, -0.634878729999973 ], [ 100.173578311, -0.634709819999953 ], [ 100.17358075, -0.634704889999973 ], [ 100.17358273, -0.634700869999973 ], [ 100.173601179, -0.63466357199997 ], [ 100.17371103, -0.634441489999974 ], [ 100.1737414, -0.634380089999985 ], [ 100.17375069, -0.634363079999958 ], [ 100.17376679, -0.634336419999953 ], [ 100.1737845, -0.634299529999966 ], [ 100.17379293, -0.634281969999968 ], [ 100.17380642, -0.634253869999959 ], [ 100.17381117, -0.634244749999937 ], [ 100.17382153, -0.634224849999958 ], [ 100.17383227, -0.634195579999935 ], [ 100.17384432, -0.634165139999937 ], [ 100.17384986, -0.634143969999969 ], [ 100.17385222, -0.634134969999941 ], [ 100.17386107, -0.634103439999935 ], [ 100.17386663, -0.634071149999952 ], [ 100.17387161, -0.634040349999966 ], [ 100.17387362, -0.634009209999928 ], [ 100.17388192, -0.633923649999928 ], [ 100.17388096, -0.633892459999971 ], [ 100.17388036, -0.633871519999954 ], [ 100.17388032, -0.633871259999983 ], [ 100.173907904, -0.63369601599993 ], [ 100.17391071, -0.633678189999952 ], [ 100.17391437, -0.633654969999955 ], [ 100.17394594, -0.633454359999973 ], [ 100.17395073, -0.633423979999979 ], [ 100.17395296, -0.633417759999929 ], [ 100.17395278, -0.633408779999975 ], [ 100.17394975, -0.633387269999956 ], [ 100.17394825, -0.633373099999978 ], [ 100.17394721, -0.63336321999998 ], [ 100.17396701, -0.633304159999968 ], [ 100.17396768, -0.633279969999932 ], [ 100.17397154, -0.633256099999926 ], [ 100.17397854, -0.633232949999989 ], [ 100.17398854, -0.633210949999979 ], [ 100.17400999, -0.633152479999987 ], [ 100.17403536, -0.633107849999927 ], [ 100.17406308, -0.633064669999957 ], [ 100.1740809, -0.633030559999954 ], [ 100.17408776, -0.633018969999968 ], [ 100.17409932, -0.632999439999935 ], [ 100.17412931, -0.632957819999952 ], [ 100.17414832, -0.632932089999946 ], [ 100.17418049, -0.63289215999993 ], [ 100.17418881, -0.632881989999925 ], [ 100.17420961, -0.632856849999944 ], [ 100.174221644, -0.632843456999984 ], [ 100.17424387, -0.632818719999933 ], [ 100.17425576, -0.632806749999938 ], [ 100.17428919, -0.632773359999935 ], [ 100.17432215, -0.632729619999969 ], [ 100.1743921, -0.632672799999968 ], [ 100.17441191, -0.632650919999955 ], [ 100.17445182, -0.632618839999973 ], [ 100.17445192, -0.632618739999951 ], [ 100.1744977, -0.632573589999938 ], [ 100.17452051, -0.632548459999959 ], [ 100.17453335, -0.632531229999928 ], [ 100.1746926, -0.632400749999936 ], [ 100.17471257, -0.632382079999964 ], [ 100.17474608, -0.632349769999962 ], [ 100.17475821, -0.632335399999939 ], [ 100.17476533, -0.632323909999978 ], [ 100.17477817, -0.632315299999965 ], [ 100.17478958, -0.632313139999955 ], [ 100.17491081, -0.632217379999927 ], [ 100.17492792, -0.632215939999981 ], [ 100.17493071, -0.632214979999968 ], [ 100.17495716, -0.632205879999959 ], [ 100.17498526, -0.632194479999962 ], [ 100.17508866, -0.632137739999969 ], [ 100.17511766, -0.632128929999971 ], [ 100.17513783, -0.632124759999955 ], [ 100.17514734, -0.632122789999931 ], [ 100.17517266, -0.632117299999954 ], [ 100.17519321, -0.632112839999941 ], [ 100.17531658, -0.632041729999975 ], [ 100.17536171, -0.632028789999945 ], [ 100.17537366, -0.632024499999944 ], [ 100.175475841, -0.632006200999971 ], [ 100.17569853, -0.63196631999995 ], [ 100.17580355, -0.631947509999974 ], [ 100.17628847, -0.631853419999972 ], [ 100.17643607, -0.631785079999933 ], [ 100.1766793, -0.631672479999971 ], [ 100.17672406, -0.631597439999952 ], [ 100.17674067, -0.631578669999957 ], [ 100.17676294, -0.631559189999959 ], [ 100.17678311, -0.631537519999937 ], [ 100.17680323, -0.631510189999985 ], [ 100.1768211, -0.631486569999938 ], [ 100.17683649, -0.631461229999961 ], [ 100.17684923, -0.631434439999967 ], [ 100.17686682, -0.631405399999949 ], [ 100.17687678, -0.631377439999949 ], [ 100.1768917, -0.631346919999948 ], [ 100.176914058, -0.631289127999933 ], [ 100.17692022, -0.631273199999954 ], [ 100.17692266, -0.631266799999937 ], [ 100.17692134, -0.631266699999966 ], [ 100.17692512, -0.631260369999954 ], [ 100.17692579, -0.631258609999983 ], [ 100.1769334, -0.631234259999935 ], [ 100.17694089, -0.631183049999948 ], [ 100.17694184, -0.631160079999979 ], [ 100.17695109, -0.631127359999945 ], [ 100.17695488, -0.63111012999997 ], [ 100.17696117, -0.631076699999944 ], [ 100.17696402, -0.631066169999942 ], [ 100.17697162, -0.631024049999954 ], [ 100.17697161, -0.631010649999951 ], [ 100.17697066, -0.630997249999955 ], [ 100.17696875, -0.630980969999943 ], [ 100.17696495, -0.630965659999958 ], [ 100.17696497, -0.630951529999956 ], [ 100.17696503, -0.630924559999926 ], [ 100.17696407, -0.630910199999959 ], [ 100.17696121, -0.63087860999997 ], [ 100.17695809, -0.630837629999979 ], [ 100.17694952, -0.630806039999921 ], [ 100.17694321, -0.63076542999995 ], [ 100.17693844, -0.630732889999932 ], [ 100.17691561, -0.630687899999941 ], [ 100.17690705, -0.630671629999946 ], [ 100.17689758, -0.630631649999938 ], [ 100.17688712, -0.630594319999942 ], [ 100.17687456, -0.630555209999962 ], [ 100.17680322, -0.630483429999978 ], [ 100.17678765, -0.630445429999955 ], [ 100.17677563, -0.630421609999933 ], [ 100.17672442, -0.630355909999942 ], [ 100.17670669, -0.630333159999959 ], [ 100.17659608, -0.630191239999931 ], [ 100.17654902, -0.630130869999964 ], [ 100.17653353, -0.630117659999939 ], [ 100.17569282, -0.62940098999997 ], [ 100.17566604, -0.62937815999994 ], [ 100.17564372, -0.629367399999982 ], [ 100.175567721, -0.629330740999945 ], [ 100.17505084, -0.629081419999976 ], [ 100.17487725, -0.628998859999971 ], [ 100.17485457, -0.628989539999967 ], [ 100.17457283, -0.628883099999949 ], [ 100.17454221, -0.628865009999973 ], [ 100.17451291, -0.628844829999939 ], [ 100.17449606, -0.628834989999984 ], [ 100.17447825, -0.628827029999964 ], [ 100.17445971, -0.628821039999938 ], [ 100.17444063, -0.628817079999974 ], [ 100.17441781, -0.628817079999974 ], [ 100.17440069, -0.628814219999931 ], [ 100.17437857, -0.628806969999971 ], [ 100.17435736, -0.628797349999957 ], [ 100.17433733, -0.628785449999961 ], [ 100.17409124, -0.628674219999935 ], [ 100.17407262, -0.628660189999949 ], [ 100.17406818, -0.628656009999937 ], [ 100.17405563, -0.628644189999931 ], [ 100.17404047, -0.628626429999938 ], [ 100.17402458, -0.628611159999931 ], [ 100.17400671, -0.628598319999986 ], [ 100.17398721, -0.628588149999935 ], [ 100.17396461, -0.62857868999993 ], [ 100.1739559, -0.628575039999929 ], [ 100.17392346, -0.628565129999973 ], [ 100.17388942, -0.628560029999968 ], [ 100.17385616, -0.628553389999977 ], [ 100.1738235, -0.628550749999937 ], [ 100.17378918, -0.628548189999952 ], [ 100.17375642, -0.628548519999926 ], [ 100.173722, -0.628548529999936 ], [ 100.17370303, -0.628550439999976 ], [ 100.1736894, -0.628551809999973 ], [ 100.17365723, -0.628558039999978 ], [ 100.1736229, -0.628560609999966 ], [ 100.17359142, -0.628569729999924 ], [ 100.17356695, -0.628579219999951 ], [ 100.1735329, -0.628584339999973 ], [ 100.17350763, -0.628591379999932 ], [ 100.17347948, -0.628596159999979 ], [ 100.17345098, -0.628597729999972 ], [ 100.17342514, -0.628602249999981 ], [ 100.17339664, -0.628600569999951 ], [ 100.17336852, -0.628595679999937 ], [ 100.17334236, -0.62859761999994 ], [ 100.17331496, -0.628589569999975 ], [ 100.17330574, -0.62858909999994 ], [ 100.17327941, -0.628578 ], [ 100.17327039, -0.628576029999982 ], [ 100.17324547, -0.62856200999995 ], [ 100.17323688, -0.628558609999971 ], [ 100.17321369, -0.628541849999981 ], [ 100.17320576, -0.628537089999962 ], [ 100.17318459, -0.628517819999965 ], [ 100.17317753, -0.628511829999984 ], [ 100.17315865, -0.628490279999941 ], [ 100.17315264, -0.62848321999997 ], [ 100.17313629, -0.628459659999983 ], [ 100.17313149, -0.628451719999934 ], [ 100.17312803, -0.628443099999973 ], [ 100.17311545, -0.628419739999973 ], [ 100.17311443, -0.62841783999994 ], [ 100.17310373, -0.628391199999961 ], [ 100.17310253, -0.628367619999944 ], [ 100.17309489, -0.628339939999936 ], [ 100.17309039, -0.628311559999934 ], [ 100.17309159, -0.628287979999924 ], [ 100.17309158, -0.628240119999939 ], [ 100.17309515, -0.628216779999955 ], [ 100.17310107, -0.628193939999968 ], [ 100.17310699, -0.628107779999943 ], [ 100.17312719, -0.628067089999943 ], [ 100.17313572, -0.628033789999959 ], [ 100.17314285, -0.628013449999975 ], [ 100.17315443, -0.62798109999994 ], [ 100.17316895, -0.627949969999981 ], [ 100.1731844, -0.627928429999942 ], [ 100.17320174, -0.627898799999967 ], [ 100.17322175, -0.627870929999982 ], [ 100.17325087, -0.627843239999945 ], [ 100.17326453, -0.627830239999981 ], [ 100.17328703, -0.62780436999998 ], [ 100.17331183, -0.627780719999978 ], [ 100.17333871, -0.627759509999981 ], [ 100.17341834, -0.627698459999982 ], [ 100.17344243, -0.627680049999923 ], [ 100.17346438, -0.627659119999983 ], [ 100.17348825, -0.627632789999954 ], [ 100.17350974, -0.627604449999985 ], [ 100.17352931, -0.627581239999926 ], [ 100.17354825, -0.627551119999965 ], [ 100.17356519, -0.627525899999969 ], [ 100.17358144, -0.627494229999972 ], [ 100.17359486, -0.62746123999995 ], [ 100.17360898, -0.627434319999966 ], [ 100.17361949, -0.627400269999961 ], [ 100.17363061, -0.627371969999955 ], [ 100.17363811, -0.627337129999949 ], [ 100.17364256, -0.627301759999969 ], [ 100.17365056, -0.627272399999935 ], [ 100.17365534, -0.627242349999965 ], [ 100.17366054, -0.627187729999954 ], [ 100.173661014, -0.627182761999967 ], [ 100.1736672, -0.627117889999962 ], [ 100.17366871, -0.627087489999951 ], [ 100.17366693, -0.627057109999959 ], [ 100.17366741, -0.627034569999985 ], [ 100.17366533, -0.627012129999974 ], [ 100.17366028, -0.626982119999975 ], [ 100.17365566, -0.626960059999937 ], [ 100.17364857, -0.626938679999964 ], [ 100.1736391, -0.62691825999997 ], [ 100.17362737, -0.626899059999976 ], [ 100.17362613, -0.626897689999961 ], [ 100.1735917, -0.626859579999974 ], [ 100.17357078, -0.62680292999994 ], [ 100.17356391, -0.62678435 ], [ 100.17352629, -0.626682489999958 ], [ 100.173468092, -0.626612225999965 ], [ 100.17444572, -0.626546777999984 ], [ 100.175168296, -0.626442769999929 ], [ 100.175584324, -0.626371607999953 ], [ 100.175885397, -0.626218333999929 ], [ 100.176142678, -0.625917260999934 ], [ 100.176334271, -0.625561446999947 ], [ 100.1764547, -0.625096151999966 ], [ 100.176460174, -0.624849819999949 ], [ 100.176427329, -0.624658226999937 ], [ 100.176219315, -0.624242198999988 ], [ 100.17603972, -0.623961581999932 ], [ 100.176115293, -0.623760053999949 ], [ 100.17619407, -0.623651489999928 ], [ 100.176248827, -0.623594745999984 ], [ 100.1763101, -0.623531249999928 ], [ 100.17648263, -0.623352469999931 ], [ 100.17671632, -0.623362659999941 ], [ 100.177007006, -0.62349868099994 ], [ 100.17700882, -0.623499529999942 ], [ 100.177216524, -0.623647521999945 ], [ 100.177267498, -0.62368384099995 ], [ 100.17727638, -0.623690169999975 ], [ 100.17739266, -0.623933359999972 ], [ 100.17751332, -0.624185719999962 ], [ 100.17775423, -0.624514409999966 ], [ 100.17814504, -0.624569599999978 ], [ 100.1782154, -0.624490879999939 ], [ 100.17860823, -0.624276309999976 ], [ 100.1789449, -0.624230019999974 ], [ 100.178970031, -0.624216480999958 ], [ 100.17914982, -0.624119619999928 ], [ 100.17916422, -0.624111859999977 ], [ 100.17926112, -0.62399371999994 ], [ 100.17942434, -0.623885849999963 ], [ 100.17953144, -0.623783119999936 ], [ 100.17970997, -0.623716319999975 ], [ 100.17982727, -0.623582769999929 ], [ 100.17987827, -0.62352113999998 ], [ 100.18013331, -0.623438919999956 ], [ 100.180222063, -0.623395876999957 ], [ 100.18027103, -0.623372129999961 ], [ 100.18049038, -0.623351539999942 ], [ 100.18066382, -0.623341229999937 ], [ 100.18090868, -0.623356569999942 ], [ 100.18107188, -0.623403159999953 ], [ 100.18131271, -0.623471889999964 ], [ 100.18142179, -0.623503029999946 ], [ 100.18166371, -0.623566949999946 ], [ 100.18172493, -0.623608019999958 ], [ 100.18187289, -0.623700419999985 ], [ 100.181897848, -0.623735189999941 ], [ 100.18193923, -0.623792839999973 ], [ 100.18201576, -0.623864719999979 ], [ 100.18204349, -0.623871689999933 ], [ 100.1821382, -0.623895499999947 ], [ 100.182148511, -0.623894979999931 ], [ 100.18224022, -0.623890349999958 ], [ 100.18229123, -0.623869789999959 ], [ 100.18241876, -0.623859489999975 ], [ 100.18251058, -0.62384919999994 ], [ 100.182654891, -0.623835962999978 ], [ 100.18267891, -0.623833759999972 ], [ 100.182694499, -0.623833755999956 ], [ 100.18278604, -0.623833729999948 ], [ 100.18290337, -0.623833709999936 ], [ 100.1831074, -0.623777169999922 ], [ 100.1831737, -0.623700129999987 ], [ 100.183175431, -0.623697611999946 ], [ 100.1832196, -0.623633359999926 ], [ 100.18326039, -0.623576859999958 ], [ 100.18333594, -0.623457169999946 ], [ 100.18343888, -0.623335459999966 ], [ 100.18353578, -0.623196789999957 ], [ 100.18352555, -0.623099219999977 ], [ 100.183469827, -0.623031931999951 ], [ 100.1834235, -0.622975989999933 ], [ 100.183354175, -0.622915541999932 ], [ 100.183333328, -0.622757700999951 ], [ 100.183418914, -0.622620019999948 ], [ 100.18350822, -0.622560482999971 ], [ 100.183593805, -0.622463733999958 ], [ 100.183649621, -0.622311169999944 ], [ 100.18375009, -0.622210699999933 ], [ 100.183872287, -0.622207922999962 ], [ 100.1841386, -0.622365489999934 ], [ 100.18430884, -0.622467249999944 ], [ 100.184391452, -0.622516626999935 ], [ 100.18472532, -0.622716179999948 ], [ 100.1859755, -0.623463409999942 ], [ 100.18676727, -0.62392791999998 ], [ 100.18754187, -0.624376369999936 ], [ 100.18754693, -0.624379299999934 ], [ 100.18756959, -0.624392419999931 ], [ 100.187726094, -0.62448608499995 ], [ 100.1889631, -0.625226409999926 ], [ 100.189283087, -0.625417448999948 ], [ 100.189284949, -0.625453757999946 ], [ 100.189291223, -0.625514397999954 ], [ 100.189328861, -0.625608492999959 ], [ 100.189383227, -0.625685859999975 ], [ 100.189454321, -0.625761136999934 ], [ 100.189519142, -0.625821775999955 ], [ 100.189573509, -0.625867777999931 ], [ 100.189606965, -0.625888687999981 ], [ 100.189642512, -0.625888687999981 ], [ 100.189682241, -0.625865686999936 ], [ 100.189711515, -0.625832230999958 ], [ 100.189753335, -0.625784137999979 ], [ 100.189776336, -0.625746498999947 ], [ 100.189777733, -0.62574435799997 ], [ 100.19008513, -0.625896879999976 ], [ 100.19038338, -0.625958679999943 ], [ 100.19046969, -0.625976559999979 ], [ 100.19097893, -0.625950959999956 ], [ 100.192602742, -0.626744556999947 ], [ 100.192664018, -0.626814585999977 ], [ 100.192748913, -0.626966811999975 ], [ 100.192807461, -0.627107326999977 ], [ 100.192895283, -0.627280043999983 ], [ 100.192968468, -0.627467398999958 ], [ 100.193167532, -0.627722082999988 ], [ 100.193269992, -0.627871380999972 ], [ 100.193378306, -0.627953348999935 ], [ 100.193474911, -0.627991404999937 ], [ 100.193527604, -0.628008969999947 ], [ 100.193650555, -0.628064590999938 ], [ 100.193952078, -0.628152412999958 ], [ 100.194118941, -0.628187541999987 ], [ 100.194256529, -0.628216815999966 ], [ 100.194490722, -0.628228525999938 ], [ 100.194765899, -0.628284145999948 ], [ 100.194779555, -0.628287358999956 ], [ 100.194964963, -0.628330984999937 ], [ 100.195248921, -0.628401242999926 ], [ 100.195740726, -0.628477354999976 ], [ 100.196024685, -0.62853297599998 ], [ 100.196411103, -0.628565177999976 ], [ 100.197063659844687, -0.628624795358999 ], [ 100.197339093, -0.628650072999959 ], [ 100.19776064, -0.628629580999924 ], [ 100.1980768, -0.628664709999951 ], [ 100.198299283, -0.628664709999951 ], [ 100.198621298, -0.628655926999953 ], [ 100.198870128, -0.628655926999953 ], [ 100.199277038, -0.628620798999984 ], [ 100.199473175, -0.628588596999975 ], [ 100.199850811, -0.628509556999979 ], [ 100.200070367, -0.62850077499997 ], [ 100.200263576, -0.628494919999982 ], [ 100.20046264, -0.62850077499997 ], [ 100.200626575, -0.62851248399994 ], [ 100.200758308, -0.62853297599998 ], [ 100.201059832, -0.628568104999944 ], [ 100.201299879, -0.628629580999924 ], [ 100.201487233, -0.628688128999957 ], [ 100.201651168, -0.62875545899993 ], [ 100.20176241, -0.628822789999963 ], [ 100.201891216, -0.628922321999941 ], [ 100.201979038, -0.628948668999962 ], [ 100.202163465, -0.628951595999981 ], [ 100.202306908, -0.628951595999981 ], [ 100.202494263, -0.628948668999962 ], [ 100.202707964, -0.628945740999944 ], [ 100.202997777, -0.628925248999967 ], [ 100.203249535, -0.62890768499995 ], [ 100.203653517, -0.62883889099993 ], [ 100.203703156, -0.628828500999932 ], [ 100.203905275, -0.628786196999954 ], [ 100.203906961, -0.628785907999948 ], [ 100.204315112, -0.628715938999968 ], [ 100.204601998, -0.62861640699992 ], [ 100.204853756, -0.628528584999979 ], [ 100.204878003, -0.62851918299998 ], [ 100.205140642, -0.628417343999953 ], [ 100.205386544, -0.628288536999954 ], [ 100.205743689, -0.628124601999961 ], [ 100.206112542, -0.628036779999951 ], [ 100.206157941, -0.628036779999951 ], [ 100.206452122, -0.628036779999951 ], [ 100.206703879, -0.628089473999975 ], [ 100.206984911, -0.628136311999929 ], [ 100.207007972, -0.628142768999963 ], [ 100.207008147, -0.628142783999982 ], [ 100.207008336, -0.62814279599996 ], [ 100.20700853, -0.628142881999969 ], [ 100.207008763, -0.628142936999952 ], [ 100.207009327, -0.628142886999972 ], [ 100.20717953, -0.628127869999957 ], [ 100.2075396, -0.628075389999942 ], [ 100.20787977, -0.628028349999968 ], [ 100.20830317, -0.627965019999976 ], [ 100.20838278, -0.627946929999951 ], [ 100.20846381, -0.627909039999972 ], [ 100.20857546, -0.627856829999926 ], [ 100.208614172, -0.62782503099993 ], [ 100.20872966, -0.627828478999956 ], [ 100.20903248, -0.62784400799996 ], [ 100.209304242, -0.627867301999965 ], [ 100.20933336, -0.627871183999953 ], [ 100.209630357, -0.627987653999986 ], [ 100.209810885, -0.62818565199996 ], [ 100.210022471, -0.62832541499995 ], [ 100.210268998, -0.628511765999973 ], [ 100.210474761, -0.628634058999984 ], [ 100.210684383, -0.628731787999924 ], [ 100.21075392, -0.628444946999933 ], [ 100.210789049, -0.628128785999934 ], [ 100.210941274, -0.627660400999957 ], [ 100.211105209, -0.627355949999981 ], [ 100.211280854, -0.626992950999976 ], [ 100.211304273, -0.626711919999929 ], [ 100.21130255, -0.626658517999949 ], [ 100.211375458, -0.626458020999963 ], [ 100.211600632, -0.625766968999931 ], [ 100.211693808, -0.625502971999946 ], [ 100.211833571, -0.624858506999947 ], [ 100.211833571, -0.624814749999924 ], [ 100.211855895, -0.624745919999957 ], [ 100.211858202, -0.624672090999986 ], [ 100.21210828, -0.62404188999995 ], [ 100.212131009, -0.623900974999972 ], [ 100.212131038, -0.623900790999932 ], [ 100.212390343, -0.623925024999947 ], [ 100.212700648, -0.623968935999932 ], [ 100.212952405, -0.623983572999981 ], [ 100.213227582, -0.624004064999947 ], [ 100.213426646, -0.624021628999979 ], [ 100.213516134, -0.624027594999972 ], [ 100.213602291, -0.624033338999937 ], [ 100.213936015, -0.624077249999975 ], [ 100.214240466, -0.624100668999979 ], [ 100.214679578, -0.624124088999972 ], [ 100.215042577, -0.624150434999938 ], [ 100.21526506, -0.624232402999947 ], [ 100.215481688, -0.62433193499993 ], [ 100.215590002, -0.624449030999926 ], [ 100.215850542, -0.624633457999953 ], [ 100.216061315, -0.624791537999963 ], [ 100.216228178, -0.624891069999942 ], [ 100.216450661, -0.624970109999938 ], [ 100.216594104, -0.625037440999956 ], [ 100.216831224, -0.625101843999975 ], [ 100.216977595, -0.625177956999953 ], [ 100.21706249, -0.625186738999961 ], [ 100.217162022, -0.625128190999928 ], [ 100.217238135, -0.625052077999951 ], [ 100.217349376, -0.625063787999976 ], [ 100.217498674, -0.625154536999958 ], [ 100.217612843, -0.625198447999941 ], [ 100.21770652, -0.625251141999973 ], [ 100.217708217, -0.625266413999953 ], [ 100.217715302, -0.625330181999972 ], [ 100.217709448, -0.625447277999971 ], [ 100.217683101, -0.625587793999964 ], [ 100.217668464, -0.625734164999926 ], [ 100.217653827, -0.625874679999928 ], [ 100.217624553, -0.62603861499998 ], [ 100.217586496, -0.626193767999951 ], [ 100.217571859, -0.626307936999979 ], [ 100.217516239, -0.626565548999967 ], [ 100.217504529, -0.62675875799994 ], [ 100.217492819, -0.626872926999965 ], [ 100.21753673, -0.627016369999981 ], [ 100.217645045, -0.627083700999946 ], [ 100.217712375, -0.627156885999969 ], [ 100.217683101, -0.627224216999935 ], [ 100.217650899, -0.627314965999978 ], [ 100.217612843, -0.627414497999962 ], [ 100.21753673, -0.627487683999963 ], [ 100.217475255, -0.627543303999982 ], [ 100.21748111, -0.627636980999972 ], [ 100.217486964, -0.627739440999965 ], [ 100.217440126, -0.627868246999989 ], [ 100.217416707, -0.628035108999945 ], [ 100.217399142, -0.628160987999942 ], [ 100.217399142, -0.628275156999967 ], [ 100.217407924, -0.628377615999968 ], [ 100.217407924, -0.628471293999953 ], [ 100.217413779, -0.628553260999987 ], [ 100.217495747, -0.628562042999933 ], [ 100.21762748, -0.628532768999955 ], [ 100.217674319, -0.628556187999944 ], [ 100.217776778, -0.62858838999995 ], [ 100.217823617, -0.62865864799994 ], [ 100.217867528, -0.628734759999939 ], [ 100.217914366, -0.628810872999962 ], [ 100.21795535, -0.628913332999959 ], [ 100.217984624, -0.62896602599995 ], [ 100.218040245, -0.629001154999978 ], [ 100.218101721, -0.629001154999978 ], [ 100.218169051, -0.629001154999978 ], [ 100.218248091, -0.62901871899993 ], [ 100.218292002, -0.629062629999966 ], [ 100.218297857, -0.629135815999972 ], [ 100.21829493, -0.629229492999979 ], [ 100.218289075, -0.629320242999936 ], [ 100.218286148, -0.629402209999972 ], [ 100.218327131, -0.629498814999974 ], [ 100.218368115, -0.629569071999926 ], [ 100.218403244, -0.629662749999974 ], [ 100.218403244, -0.629697878999936 ], [ 100.218371042, -0.629706660999945 ], [ 100.218292002, -0.629700805999959 ], [ 100.218253946, -0.629733006999973 ], [ 100.218262728, -0.629800337999939 ], [ 100.218321276, -0.629873522999964 ], [ 100.21837397, -0.629932070999928 ], [ 100.218432518, -0.630022820999962 ], [ 100.218479357, -0.630142844999965 ], [ 100.218485211, -0.630204320999955 ], [ 100.2184413, -0.630224811999943 ], [ 100.218391534, -0.630230666999983 ], [ 100.21836226, -0.63024823199993 ], [ 100.218344696, -0.630265795999947 ], [ 100.218309567, -0.630353618999946 ], [ 100.218347623, -0.63043558599998 ], [ 100.218332986, -0.630494133999944 ], [ 100.218268583, -0.630549754999951 ], [ 100.218183688, -0.630620012999944 ], [ 100.218078301, -0.630622939999966 ], [ 100.21805781, -0.630734181999971 ], [ 100.218040245, -0.630845423999974 ], [ 100.218005116, -0.63096544699994 ], [ 100.217981697, -0.63109425299996 ], [ 100.217964132, -0.631144018999984 ], [ 100.217931931, -0.631228913999965 ], [ 100.217896802, -0.631319663999937 ], [ 100.217835326, -0.631407485999945 ], [ 100.217767996, -0.631474816999973 ], [ 100.217691883, -0.631548001999934 ], [ 100.217624553, -0.631618259999927 ], [ 100.217589424, -0.631685589999965 ], [ 100.217545513, -0.631749992999969 ], [ 100.217521493, -0.631774787999971 ], [ 100.217596626, -0.632478305999936 ], [ 100.21756107, -0.632569169999954 ], [ 100.217525942, -0.632768233999967 ], [ 100.217502522, -0.633072683999964 ], [ 100.217467393, -0.633330295999942 ], [ 100.217455684, -0.633611327999974 ], [ 100.217443974, -0.633845520999961 ], [ 100.217479103, -0.634173390999936 ], [ 100.21758449, -0.634454421999985 ], [ 100.217643038, -0.634641775999968 ], [ 100.21788894, -0.634993065999946 ], [ 100.218076295, -0.635297515999981 ], [ 100.21809892, -0.635337443999963 ], [ 100.218275781, -0.636625450999932 ], [ 100.21822852, -0.636749511999938 ], [ 100.218134843, -0.63699541499995 ], [ 100.218123133, -0.637299864999933 ], [ 100.218149898, -0.637429863999955 ], [ 100.218149663, -0.63743690499997 ], [ 100.218146327, -0.637454253999985 ], [ 100.218146004, -0.637455932999958 ], [ 100.218141622, -0.637469076999938 ], [ 100.218140698, -0.637469654999966 ], [ 100.218088004, -0.637545767999939 ], [ 100.218023601, -0.637639444999933 ], [ 100.218023601, -0.637727266999953 ], [ 100.21807044, -0.637785814999973 ], [ 100.218187536, -0.63784436399993 ], [ 100.218292923, -0.637914620999943 ], [ 100.218380745, -0.637996588999953 ], [ 100.218456858, -0.638101975999972 ], [ 100.218486132, -0.638195652999976 ], [ 100.218474423, -0.638306893999924 ], [ 100.218427015, -0.638378005999929 ], [ 100.218371256, -0.638437446999944 ], [ 100.218304633, -0.638488393999979 ], [ 100.218222665, -0.638529377999932 ], [ 100.218111424, -0.638593780999948 ], [ 100.218041166, -0.638681602999951 ], [ 100.217959198, -0.638792844999958 ], [ 100.217906505, -0.638886521999945 ], [ 100.217869919, -0.638971887999955 ], [ 100.21777175, -0.639076539999965 ], [ 100.217318597, -0.639582563999964 ], [ 100.217238052, -0.639672505999952 ], [ 100.217124331, -0.639768536999954 ], [ 100.216802316, -0.640084696999961 ], [ 100.216573978, -0.640383292999966 ], [ 100.216287092, -0.640687743999939 ], [ 100.216070464, -0.64090437199997 ], [ 100.215929948, -0.641109290999965 ], [ 100.215870134, -0.641299607999948 ], [ 100.215869936, -0.641303963999981 ], [ 100.215869936, -0.641333237999956 ], [ 100.215872863, -0.641374221999973 ], [ 100.215878718, -0.641415205999982 ], [ 100.2158875, -0.641466434999931 ], [ 100.215891892, -0.641508882999977 ], [ 100.215909456, -0.641555720999987 ], [ 100.215925557, -0.641587922999973 ], [ 100.215951903, -0.641640615999972 ], [ 100.215962149, -0.641666962999972 ], [ 100.21596431, -0.641673924999968 ], [ 100.215988496, -0.641706482999952 ], [ 100.216099738, -0.641975804999967 ], [ 100.216240253, -0.642192432999945 ], [ 100.216363205, -0.642344657999951 ], [ 100.216480301, -0.642450044999981 ], [ 100.216655946, -0.642485173999946 ], [ 100.216872574, -0.642455899999954 ], [ 100.217030654, -0.642391496999956 ], [ 100.21718288, -0.642321238999966 ], [ 100.217323395, -0.642139739999953 ], [ 100.217405363, -0.641917255999947 ], [ 100.217469766, -0.641718192999981 ], [ 100.217633701, -0.641489854999979 ], [ 100.217756652, -0.641361047999964 ], [ 100.217903023, -0.641343483999949 ], [ 100.218072813, -0.641407886999968 ], [ 100.218248457, -0.641519128999969 ], [ 100.218394828, -0.641601095999937 ], [ 100.218558763, -0.641665498999944 ], [ 100.218763681, -0.641700627999966 ], [ 100.218951036, -0.641706482999952 ], [ 100.219120826, -0.641642079999937 ], [ 100.21930818, -0.641524982999963 ], [ 100.219495534, -0.641366902999951 ], [ 100.219677034, -0.641366902999951 ], [ 100.219846823, -0.641489854999979 ], [ 100.219870243, -0.641653789999963 ], [ 100.219753146, -0.641864562999967 ], [ 100.21961263, -0.64204020799997 ], [ 100.219548227, -0.642186577999958 ], [ 100.219518953, -0.642344657999951 ], [ 100.219436986, -0.642532012999944 ], [ 100.219331599, -0.642590560999966 ], [ 100.21913839, -0.642707656999961 ], [ 100.218869068, -0.642859882999977 ], [ 100.218664149, -0.643029672999943 ], [ 100.21849436, -0.643234590999965 ], [ 100.218476795, -0.643427799999932 ], [ 100.218459231, -0.643661992999971 ], [ 100.218429957, -0.643878621999941 ], [ 100.218394828, -0.644054265999955 ], [ 100.218406537, -0.644534361999948 ], [ 100.218412392, -0.64473342599996 ], [ 100.218420265, -0.644801653999934 ], [ 100.218533099, -0.644883549999971 ], [ 100.218711671, -0.644939170999977 ], [ 100.218858041, -0.644945024999972 ], [ 100.219054178, -0.644942097999952 ], [ 100.219226895, -0.644947952999938 ], [ 100.219370338, -0.64497722699998 ], [ 100.219680644, -0.645170435999949 ], [ 100.219827014, -0.645328515999947 ], [ 100.21997924, -0.645474886999978 ], [ 100.220160739, -0.645562708999932 ], [ 100.22045348, -0.64573542599994 ], [ 100.220769641, -0.645893505999934 ], [ 100.220954067, -0.646013529999951 ], [ 100.221103365, -0.646101352999949 ], [ 100.221498566, -0.646397020999932 ], [ 100.221700557, -0.646569737999926 ], [ 100.222037209, -0.646757092999971 ], [ 100.222212854, -0.646868333999982 ], [ 100.222370934, -0.646921027999954 ], [ 100.222493885, -0.646953228999965 ], [ 100.222578665, -0.64697851399996 ], [ 100.222660748, -0.647002994999985 ], [ 100.222824683, -0.647035196999989 ], [ 100.223070585, -0.647064470999965 ], [ 100.223249157, -0.647102526999968 ], [ 100.223442366, -0.647120090999981 ], [ 100.223629721, -0.647134728999953 ], [ 100.22374389, -0.647158147999957 ], [ 100.22383464, -0.647158147999957 ], [ 100.223869768, -0.647231332999983 ], [ 100.223922462, -0.64725767999994 ], [ 100.224007357, -0.647243042999947 ], [ 100.224112744, -0.647231332999983 ], [ 100.22421813, -0.647213768999967 ], [ 100.224305953, -0.647254751999988 ], [ 100.224425976, -0.647398194999939 ], [ 100.22455771, -0.647538710999932 ], [ 100.224695298, -0.647652879999955 ], [ 100.224756774, -0.647688008999981 ], [ 100.225067079, -0.647532855999948 ], [ 100.225336401, -0.647301590999975 ], [ 100.225599868, -0.647114236999923 ], [ 100.225854553, -0.646915172999968 ], [ 100.22611802, -0.646686834999977 ], [ 100.226302447, -0.646563882999938 ], [ 100.226498583, -0.646379456999969 ], [ 100.226735703, -0.646206738999985 ], [ 100.226887929, -0.646127698999987 ], [ 100.226940622, -0.64609842499993 ], [ 100.227005025, -0.646080860999979 ], [ 100.227113339, -0.646159900999978 ], [ 100.227218726, -0.646227230999962 ], [ 100.22733875, -0.646306270999966 ], [ 100.22758758, -0.646455568999954 ], [ 100.227732929911681, -0.646519100122717 ], [ 100.227900813, -0.64659315799997 ], [ 100.22832236, -0.64678929399998 ], [ 100.228615101, -0.646918099999939 ], [ 100.22889906, -0.647014704999942 ], [ 100.229086414, -0.647134728999953 ], [ 100.229338172, -0.647304517999947 ], [ 100.229689461, -0.647529928999976 ], [ 100.229809485, -0.647649952999936 ], [ 100.229979274, -0.647837306999975 ], [ 100.230151992, -0.647998314999943 ], [ 100.230415459, -0.648343748999945 ], [ 100.230567684, -0.648536957999967 ], [ 100.23068478, -0.648744803999934 ], [ 100.230690635, -0.648923375999978 ], [ 100.230687708, -0.649210262999936 ], [ 100.230632087, -0.649488366999956 ], [ 100.230623305, -0.649704994999982 ], [ 100.230620377, -0.649763542999947 ], [ 100.231135602, -0.650106049999984 ], [ 100.231375649, -0.650234855999945 ], [ 100.231621552, -0.650404645999977 ], [ 100.231826471, -0.650545161999958 ], [ 100.232054809, -0.650738370999944 ], [ 100.23233584, -0.650937434999952 ], [ 100.232452936, -0.651031111999944 ], [ 100.232482211, -0.651095514999964 ], [ 100.232746223125403, -0.651255305476099 ], [ 100.233216893622227, -0.651355785694522 ], [ 100.233468094168288, -0.65128703607139 ], [ 100.233830351797863, -0.651086075634543 ], [ 100.23400918, -0.650953789999967 ], [ 100.234039855772437, -0.650993904240897 ], [ 100.23411146, -0.651087539999943 ], [ 100.233989221533307, -0.651143810518033 ], [ 100.233755366571259, -0.651234388144182 ], [ 100.23360220803977, -0.65132990636812 ], [ 100.233537980268494, -0.651395781005319 ], [ 100.233615382967201, -0.651502827290767 ], [ 100.233685376, -0.651609275999936 ], [ 100.233773199, -0.651600492999939 ], [ 100.233837602, -0.651632694999938 ], [ 100.233866876, -0.651694170999974 ], [ 100.233902005, -0.651758573999927 ], [ 100.233937134, -0.651840540999961 ], [ 100.23396348, -0.651904943999973 ], [ 100.233985968, -0.651953378999959 ], [ 100.23383966, -0.65207162999997 ], [ 100.23355377, -0.652172959999979 ], [ 100.23338369, -0.65216933999995 ], [ 100.23326789, -0.652064399999971 ], [ 100.23310866, -0.652006499999973 ], [ 100.23297839, -0.652046299999945 ], [ 100.232821, -0.652097349999964 ], [ 100.2327106, -0.652133149999947 ], [ 100.23223291, -0.652386469999966 ], [ 100.23187291, -0.652595269999957 ], [ 100.231793093, -0.652621404999931 ], [ 100.23162847, -0.652675309999956 ], [ 100.23134106, -0.652789599999946 ], [ 100.23031192, -0.652955269999951 ], [ 100.229958414, -0.652932760999935 ], [ 100.22995526, -0.652932559999965 ], [ 100.22940054, -0.652897239999965 ], [ 100.22923246, -0.652908949999926 ], [ 100.22906551, -0.653066399999938 ], [ 100.22905436, -0.653076909999925 ], [ 100.22904858, -0.653082359999937 ], [ 100.229045462, -0.65308529999993 ], [ 100.22901896, -0.653110289999972 ], [ 100.22869551, -0.653412799999966 ], [ 100.22852935, -0.653568199999947 ], [ 100.22844411, -0.653619709999938 ], [ 100.228439656, -0.653628017999951 ], [ 100.228495077, -0.653659926999982 ], [ 100.228569726, -0.653712619999973 ], [ 100.228641448, -0.653774095999958 ], [ 100.228688286, -0.653809224999983 ], [ 100.228739516, -0.653844353999943 ], [ 100.228789282, -0.653889728999963 ], [ 100.228805383, -0.653924856999943 ], [ 100.228802455, -0.65395705899994 ], [ 100.228771718, -0.654027316999939 ], [ 100.228733661, -0.65409171999994 ], [ 100.228698532, -0.654145876999968 ], [ 100.228459948, -0.654544004999937 ], [ 100.22840428198117, -0.654689988121043 ], [ 100.228225755, -0.655173397999928 ], [ 100.227941797, -0.655647638999935 ], [ 100.227795426, -0.655963798999957 ], [ 100.227783716, -0.656139443999965 ], [ 100.227640273, -0.656517079999963 ], [ 100.227523177, -0.656806892999954 ], [ 100.227499758, -0.657008884999925 ], [ 100.227420718, -0.65717867399997 ], [ 100.227303621, -0.657459705999939 ], [ 100.227212871, -0.657623640999938 ], [ 100.226949404, -0.658097880999955 ], [ 100.226583478, -0.658572121999958 ], [ 100.226451745, -0.658829733999935 ], [ 100.22635514, -0.659134184999974 ], [ 100.226662518, -0.660173415999974 ], [ 100.227037227, -0.660887703999947 ], [ 100.227136759, -0.661496604999974 ], [ 100.227095775, -0.662000119999959 ], [ 100.226961114, -0.662316279999976 ], [ 100.226820598, -0.662392392999951 ], [ 100.226609825, -0.662433376999966 ], [ 100.226399051, -0.662503633999962 ], [ 100.226259651, -0.66252222099996 ], [ 100.22616844, -0.662946109999947 ], [ 100.22609515, -0.663286719999978 ], [ 100.226286028, -0.664758605999963 ], [ 100.22642107, -0.665799929999941 ], [ 100.226360079, -0.66639484899998 ], [ 100.226358629, -0.666394480999944 ], [ 100.226187669, -0.666351062999978 ], [ 100.226107363, -0.666340111999941 ], [ 100.225955468, -0.666319398999971 ], [ 100.225702157, -0.666237976999983 ], [ 100.22553479, -0.666176157999925 ], [ 100.225387026, -0.666121876999967 ], [ 100.225287511, -0.666051009999939 ], [ 100.225159347, -0.665992205999952 ], [ 100.225017614, -0.665959033999977 ], [ 100.224934685, -0.665937924999986 ], [ 100.224926335, -0.665943237999956 ], [ 100.224918099, -0.665948478999954 ], [ 100.224893974, -0.666093227999965 ], [ 100.2248216, -0.666262101999972 ], [ 100.224749225, -0.666388757999924 ], [ 100.224694944, -0.666352570999946 ], [ 100.224483852, -0.666262101999972 ], [ 100.224254666, -0.666093227999965 ], [ 100.224067698, -0.66599069799997 ], [ 100.223953105, -0.665972603999933 ], [ 100.223766137, -0.665924353999978 ], [ 100.223567107, -0.665888166999935 ], [ 100.223362046, -0.665791667999941 ], [ 100.223096673, -0.665658980999986 ], [ 100.22293383, -0.665556449999937 ], [ 100.222861455, -0.665574543999981 ], [ 100.222819237, -0.665930385999968 ], [ 100.222807174, -0.666352570999946 ], [ 100.222698613, -0.666823004999966 ], [ 100.222650363, -0.667462313999982 ], [ 100.221864582, -0.669999730999968 ], [ 100.221817194, -0.67003419499998 ], [ 100.221623334, -0.670141894999982 ], [ 100.221403625, -0.670232363999954 ], [ 100.221295925, -0.670266827999964 ], [ 100.221170993, -0.67030129199998 ], [ 100.220921128, -0.670396067999952 ], [ 100.220542023, -0.670589927999971 ], [ 100.220425707, -0.670598543999973 ], [ 100.21992167, -0.670719168999939 ], [ 100.219615801, -0.670766556999981 ], [ 100.218801588, -0.671223205999986 ], [ 100.218185542, -0.671589385999936 ], [ 100.217603961, -0.671903870999929 ], [ 100.217207624, -0.672080498999953 ], [ 100.21720554, -0.67208043899996 ], [ 100.217072648, -0.672076642999971 ], [ 100.217063966, -0.672077882999936 ], [ 100.217053411, -0.672079013999966 ], [ 100.217036072, -0.672077882999936 ], [ 100.21701647, -0.672076751999961 ], [ 100.21698933, -0.672075244999982 ], [ 100.216984465, -0.672074027999944 ], [ 100.2166093, -0.672077469999984 ], [ 100.21345919, -0.671944079999944 ], [ 100.21284079, -0.671941399999979 ], [ 100.21231741, -0.671939129999953 ], [ 100.21218878, -0.671938569999956 ], [ 100.212108948, -0.671938224999964 ], [ 100.21216439, -0.672054759999981 ], [ 100.21219069, -0.672088399999952 ], [ 100.2122083, -0.672127399999965 ], [ 100.21221082, -0.672155079999927 ], [ 100.21220801, -0.672165909999934 ], [ 100.21220201, -0.672189039999986 ], [ 100.21219446, -0.6722205 ], [ 100.21220704, -0.672241879999949 ], [ 100.21223849, -0.672270819999942 ], [ 100.21226368, -0.672292599999942 ], [ 100.21228504, -0.672311079999936 ], [ 100.21229762, -0.672338759999946 ], [ 100.21229762, -0.672363919999951 ], [ 100.2122863, -0.672392849999937 ], [ 100.21225233, -0.672439399999976 ], [ 100.21216804, -0.672517399999956 ], [ 100.21210765, -0.672543819999936 ], [ 100.21208192, -0.672546759999929 ], [ 100.21206362, -0.672548859999947 ], [ 100.21202714, -0.672553889999966 ], [ 100.21199946, -0.672572759999985 ], [ 100.21199065, -0.672614279999946 ], [ 100.21199065, -0.672653279999971 ], [ 100.21199065, -0.672669629999975 ], [ 100.21199568, -0.672728759999928 ], [ 100.21198814, -0.672756439999949 ], [ 100.21196549, -0.67277027999995 ], [ 100.21191265, -0.672796699999937 ], [ 100.2118809, -0.67280751999993 ], [ 100.21185729, -0.672815569999965 ], [ 100.21182333, -0.672830669999943 ], [ 100.21178936, -0.672877219999977 ], [ 100.21176797, -0.672931309999978 ], [ 100.21175162, -0.672985409999971 ], [ 100.21172576, -0.673035949999929 ], [ 100.21172394, -0.673039509999963 ], [ 100.2117189, -0.673046159999961 ], [ 100.21169248, -0.673081029999941 ], [ 100.21165223, -0.673123799999928 ], [ 100.21160568, -0.673182929999938 ], [ 100.21154781, -0.673216899999946 ], [ 100.21149119, -0.673235769999968 ], [ 100.2114459, -0.673221929999954 ], [ 100.21140438, -0.673194249999939 ], [ 100.21138929, -0.673177899999936 ], [ 100.21134274, -0.673155249999977 ], [ 100.21132261, -0.673172869999983 ], [ 100.21132261, -0.673200539999925 ], [ 100.21129996, -0.673291129999941 ], [ 100.21125467, -0.673444609999936 ], [ 100.21125719, -0.673494939999955 ], [ 100.21127732, -0.673537709999958 ], [ 100.21131758, -0.67356538999997 ], [ 100.21137293, -0.673603129999957 ], [ 100.21137796, -0.673633329999978 ], [ 100.21135532, -0.673701259999977 ], [ 100.21133016, -0.673754099999945 ], [ 100.21132009, -0.673794359999936 ], [ 100.21132512, -0.673837139999932 ], [ 100.21134777, -0.673867329999952 ], [ 100.21137545, -0.673907589999948 ], [ 100.2113795, -0.673974439999947 ], [ 100.21099047, -0.674847379999969 ], [ 100.21095574, -0.674921269999976 ], [ 100.21055882, -0.675765619999936 ], [ 100.21050182, -0.675921619999941 ], [ 100.210245296, -0.676588586999972 ], [ 100.210230349, -0.676589483999976 ], [ 100.210115756, -0.676601545999979 ], [ 100.209979455, -0.676613398999967 ], [ 100.209971333, -0.676528117999967 ], [ 100.209967025, -0.676411801999963 ], [ 100.209902405, -0.676222249999968 ], [ 100.209824861, -0.676088701999959 ], [ 100.209708545, -0.67592930499996 ], [ 100.209613768, -0.675817296999981 ], [ 100.209536224, -0.675666516999974 ], [ 100.209497452, -0.675507119999966 ], [ 100.209493144, -0.675377879999927 ], [ 100.209489945, -0.675355484999963 ], [ 100.20949099, -0.675350954999951 ], [ 100.20949099, -0.675331568999984 ], [ 100.20949099, -0.675315413999952 ], [ 100.209485605, -0.675298181999946 ], [ 100.209485605, -0.675280949999944 ], [ 100.209483451, -0.675254024999958 ], [ 100.209483451, -0.675231407999946 ], [ 100.20948022, -0.675198020999972 ], [ 100.209476989, -0.675170018999958 ], [ 100.209474835, -0.675140939999951 ], [ 100.209472681, -0.675107551999935 ], [ 100.209472681, -0.67508385799994 ], [ 100.209473758, -0.675048316999955 ], [ 100.209473758, -0.675016006999952 ], [ 100.209466219, -0.674971849999972 ], [ 100.209461081, -0.674959968999932 ], [ 100.20946051, -0.674874039999965 ], [ 100.20920492, -0.674904709999971 ], [ 100.20904823, -0.675001129999949 ], [ 100.2087228, -0.675085509999974 ], [ 100.20848174, -0.675085509999974 ], [ 100.20813512, -0.67506449999996 ], [ 100.20808398, -0.675061399999955 ], [ 100.20798756, -0.674808279999984 ], [ 100.20793935, -0.674651589999947 ], [ 100.207810537019313, -0.67451350408378 ], [ 100.207565493950099, -0.674537313936659 ], [ 100.20744842884011, -0.674530369396236 ], [ 100.207397298, -0.674406423999927 ], [ 100.207201283, -0.674473197999936 ], [ 100.207044041, -0.674524893999952 ], [ 100.206867413, -0.674567973999952 ], [ 100.206783406, -0.674580897999937 ], [ 100.206660628, -0.674580897999937 ], [ 100.206533542, -0.674585205999959 ], [ 100.20644092, -0.674600283999953 ], [ 100.206318141, -0.674632593999952 ], [ 100.206208287, -0.674688598999985 ], [ 100.206035967, -0.674774758999945 ], [ 100.205947653, -0.674809222999957 ], [ 100.205831336, -0.67485876499996 ], [ 100.20568271, -0.674869534999977 ], [ 100.205516852, -0.674860918999973 ], [ 100.205411306, -0.674835070999967 ], [ 100.205327299, -0.674779066999975 ], [ 100.205277757, -0.674716600999948 ], [ 100.205236831, -0.674647671999939 ], [ 100.205219599, -0.674585205999959 ], [ 100.205193751, -0.674522739999932 ], [ 100.205185135, -0.674471043999976 ], [ 100.205185135, -0.674432271999938 ], [ 100.205161441, -0.67440426999997 ], [ 100.205137747, -0.674397807999987 ], [ 100.205081743, -0.67440426999997 ], [ 100.205010661, -0.674430117999973 ], [ 100.20483834, -0.674492583999954 ], [ 100.204702638, -0.674537817999975 ], [ 100.204694022, -0.674539971999938 ], [ 100.204554012, -0.674576589999959 ], [ 100.204379537, -0.674634747999968 ], [ 100.204224449, -0.674686444999971 ], [ 100.204075823, -0.674733832999956 ], [ 100.20395089, -0.674772604999935 ], [ 100.203860422, -0.674789836999938 ], [ 100.203808726, -0.674783374999946 ], [ 100.203800255, -0.674786711999957 ], [ 100.203737644, -0.674811376999977 ], [ 100.20361702, -0.674845840999978 ], [ 100.203477009, -0.67489538299998 ], [ 100.203270225, -0.674955694999935 ], [ 100.203072057, -0.675005236999943 ], [ 100.202908352, -0.675026776999979 ], [ 100.202736032, -0.67503539299997 ], [ 100.202615408, -0.675033238999961 ], [ 100.202544326, -0.675013852999943 ], [ 100.202509861, -0.674962156999929 ], [ 100.202509861, -0.674891074999951 ], [ 100.202509861, -0.674832916999955 ], [ 100.202475397, -0.674770450999978 ], [ 100.202380621, -0.674723062999932 ], [ 100.202272921, -0.674679982999982 ], [ 100.202160913, -0.674643363999967 ], [ 100.20197136, -0.674509815999956 ], [ 100.201902628, -0.674443537999945 ], [ 100.20159942, -0.674362319999942 ], [ 100.20117756, -0.67414535999995 ], [ 100.20112213, -0.674088579999939 ], [ 100.20074306, -0.673700259999976 ], [ 100.20006317, -0.673105889999938 ], [ 100.19949416, -0.672312549999959 ], [ 100.19922361, -0.672027489999954 ], [ 100.198666927, -0.671190902999968 ], [ 100.19858072, -0.671061349999948 ], [ 100.19879343, -0.670518369999967 ], [ 100.19826867, -0.670266949999923 ], [ 100.19799441, -0.670180259999934 ], [ 100.19748727, -0.670019959999936 ], [ 100.19508637, -0.669284929999945 ], [ 100.19403328, -0.66900467999995 ], [ 100.19403066, -0.669003979999965 ], [ 100.19309414, -0.671447449999959 ], [ 100.19290683, -0.671858949999945 ], [ 100.19283321, -0.672221689999958 ], [ 100.19277868, -0.672490349999975 ], [ 100.19277707, -0.672498269999953 ], [ 100.19271068, -0.672475769999949 ], [ 100.19259126, -0.672428719999967 ], [ 100.19225833, -0.672283969999973 ], [ 100.19104459, -0.671712179999934 ], [ 100.19097411, -0.671694559999936 ], [ 100.19094058, -0.671671079999961 ], [ 100.190000319, -0.674145437999927 ], [ 100.18995604, -0.674261959999964 ], [ 100.18714015, -0.673183359999937 ], [ 100.184485449, -0.672166496999976 ], [ 100.18340795, -0.67175376999996 ], [ 100.18164923, -0.674482809999977 ], [ 100.18051936, -0.676236069999964 ], [ 100.18017969, -0.676763129999932 ], [ 100.17943809, -0.676871659999961 ], [ 100.17902379, -0.677231629999936 ], [ 100.17898642, -0.677264099999954 ], [ 100.17779924, -0.678295579999945 ], [ 100.17738995, -0.678651189999931 ], [ 100.17698729, -0.679009109999925 ], [ 100.17598187, -0.679902819999938 ], [ 100.17473871, -0.68098878999996 ], [ 100.174738627, -0.680988698999952 ], [ 100.174738631, -0.680988818999944 ], [ 100.174524712, -0.681183891999978 ], [ 100.174228032190896, -0.680945808506827 ], [ 100.174000148759831, -0.68072596802039 ], [ 100.173845378382865, -0.680601812273923 ], [ 100.173645642, -0.680823141999959 ], [ 100.173485815, -0.681043280999972 ], [ 100.173283769, -0.681462449999968 ], [ 100.173166161, -0.681673542999929 ], [ 100.173039505, -0.681869556999979 ], [ 100.172933959, -0.682095727999986 ], [ 100.172354962, -0.68287375399996 ], [ 100.172246401, -0.68301247199998 ], [ 100.172158948, -0.683145158999943 ], [ 100.172101652, -0.683202454999964 ], [ 100.172065464, -0.68325673599998 ], [ 100.172119745, -0.683317047999938 ], [ 100.172120227, -0.683317529999961 ], [ 100.172180057, -0.68337736099995 ], [ 100.172303697, -0.683470843999945 ], [ 100.172360994, -0.683519093999965 ], [ 100.172367025, -0.683606546999961 ], [ 100.172282588, -0.683697014999954 ], [ 100.172125776, -0.683832716999974 ], [ 100.171929762, -0.684034762999953 ], [ 100.171791044, -0.684164433999972 ], [ 100.171703592, -0.684276010999962 ], [ 100.171691529, -0.68434536999996 ], [ 100.171658357, -0.684426791999952 ], [ 100.171582967, -0.68449916599997 ], [ 100.171483452, -0.684634867999939 ], [ 100.171392984, -0.684731367999979 ], [ 100.171323625, -0.684867069999945 ], [ 100.171088408, -0.685072130999978 ] ] ] ] } },
{ "type": "Feature", "properties": { "fid": null, "kk": null, "gid": 79246, "bstt": null, "luas": 0.66212071980214804, "bsbtt": null, "idsls": "13060700030003", "kdkab": "06", "kdkec": "070", "kdsls": "0003", "nmkab": "PADANG PARIAMAN", "nmkec": "V KOTO", "nmsls": "KORONG TOBOH SIMPANG IV PANCAHAN", "bstt_k": null, "kddesa": "003", "kdprov": "13", "khusus": null, "muatan": null, "nmdesa": "CAMPAGO SELATAN", "nmprov": "SUMATERA BARAT", "posisi": "", "rw_dki": "", "segmen": "", "sumber": "", "dom_sls": "", "periode": "2024_1", "tingkat": null, "nm_gedung": "", "wil_campur": null, "iddesa": "1306070003", "idkec": "1306070", "idkab": "1306" }, "geometry": { "type": "MultiPolygon", "coordinates": [ [ [ [ 100.09681582, -0.564737709999978 ], [ 100.09667137, -0.564676219999972 ], [ 100.0964182, -0.564626599999942 ], [ 100.09621057, -0.564692319999953 ], [ 100.09617945, -0.564629689999957 ], [ 100.096096457, -0.564661931999989 ], [ 100.096064812, -0.564550823999985 ], [ 100.095622566, -0.564708405999963 ], [ 100.095653173, -0.564838278999966 ], [ 100.0956045, -0.564857319999936 ], [ 100.09552541, -0.564889189999974 ], [ 100.09546346, -0.56493564999994 ], [ 100.09542534, -0.564973879999966 ], [ 100.09448077, -0.56523550999998 ], [ 100.093743511, -0.565416565999959 ], [ 100.0932957, -0.565526539999957 ], [ 100.0932803, -0.565538939999959 ], [ 100.09307352, -0.565705539999964 ], [ 100.09302292, -0.565708709999976 ], [ 100.09235606, -0.565754309999933 ], [ 100.09191026, -0.565742589999957 ], [ 100.09109047, -0.565721039999972 ], [ 100.09066553, -0.565778809999933 ], [ 100.08969346, -0.566270389999952 ], [ 100.08953307, -0.56635149999994 ], [ 100.08936244, -0.566437789999951 ], [ 100.088951014, -0.565676475999965 ], [ 100.089122379, -0.565319464999965 ], [ 100.089269673, -0.565168577999948 ], [ 100.08910974, -0.56476411999995 ], [ 100.089793388735103, -0.564302991515376 ], [ 100.08985705, -0.56426061999997 ], [ 100.09011262, -0.563975329999955 ], [ 100.09041987, -0.563632359999929 ], [ 100.09067367, -0.563280739999925 ], [ 100.09079461, -0.563113189999977 ], [ 100.0909869, -0.562846779999981 ], [ 100.09111468, -0.562669759999951 ], [ 100.09148105, -0.562038479999959 ], [ 100.09158512, -0.561859149999972 ], [ 100.09182396, -0.561186049999951 ], [ 100.0922365, -0.560462299999932 ], [ 100.092605863, -0.560221186999975 ], [ 100.092643101, -0.560146712999938 ], [ 100.092691247, -0.559993244999937 ], [ 100.092729011, -0.559869883999968 ], [ 100.092736385, -0.559845795999944 ], [ 100.092796568, -0.559683300999948 ], [ 100.092847724, -0.559361320999937 ], [ 100.092868788, -0.559114568999974 ], [ 100.092886843, -0.558958092999947 ], [ 100.093056738, -0.558335975999974 ], [ 100.093091466, -0.558208810999939 ], [ 100.093175723, -0.557697252999968 ], [ 100.093175723, -0.557227823999936 ], [ 100.093151649, -0.556523679999941 ], [ 100.093223869, -0.556270909999966 ], [ 100.093314144, -0.555988048999949 ], [ 100.093404419, -0.555759351999946 ], [ 100.093457079, -0.555655535999965 ], [ 100.093523281, -0.555629957999943 ], [ 100.093572932, -0.555620930999976 ], [ 100.093640638, -0.555619425999967 ], [ 100.093702326, -0.555607388999934 ], [ 100.093736932, -0.555581811999961 ], [ 100.093789592, -0.555580306999962 ], [ 100.093845262, -0.555590838999933 ], [ 100.093897922, -0.555607388999934 ], [ 100.093962619, -0.555640489999974 ], [ 100.094009261, -0.555676599999971 ], [ 100.094058912, -0.555711205999955 ], [ 100.094105554, -0.555723241999951 ], [ 100.094152196, -0.555736782999937 ], [ 100.094203352, -0.555756342999928 ], [ 100.094271058, -0.555777406999937 ], [ 100.094331241, -0.555801479999958 ], [ 100.094367351, -0.555824048999964 ], [ 100.094400452, -0.555848121999932 ], [ 100.094444085, -0.555879718999968 ], [ 100.094487173, -0.555910133999931 ], [ 100.09475519, -0.556061839999927 ], [ 100.09514602, -0.556387529999946 ], [ 100.09544999, -0.556430959999946 ], [ 100.09594215, -0.556213829999936 ], [ 100.09638364, -0.556141449999928 ], [ 100.09696265, -0.556148689999928 ], [ 100.09759232, -0.556278969999943 ], [ 100.09784564, -0.556278969999943 ], [ 100.0981279, -0.55611249999993 ], [ 100.09826891, -0.555953 ], [ 100.0982919, -0.555927 ], [ 100.0985694, -0.555613109999969 ], [ 100.098716377, -0.555105345999949 ], [ 100.09872862, -0.555063049999949 ], [ 100.09867211, -0.554399057999942 ], [ 100.09867072, -0.55438271999998 ], [ 100.09856595, -0.553923339999933 ], [ 100.09848255, -0.553557629999946 ], [ 100.09838122, -0.553079949999935 ], [ 100.09833779, -0.552674639999958 ], [ 100.09839569, -0.552471989999963 ], [ 100.09867072, -0.552247629999957 ], [ 100.09933658, -0.551943649999939 ], [ 100.09997949, -0.551767809999951 ], [ 100.099983478, -0.551766718999952 ], [ 100.100060689, -0.551764687999944 ], [ 100.100159991, -0.551794778999978 ], [ 100.10034355, -0.551836907999927 ], [ 100.100599329, -0.551933200999938 ], [ 100.100722705, -0.551996392999969 ], [ 100.10084909, -0.55206861299996 ], [ 100.101002557, -0.552152869999939 ], [ 100.101195143, -0.552237125999971 ], [ 100.101553234, -0.552456794999959 ], [ 100.101649527, -0.552535032999981 ], [ 100.101787949, -0.552622298999957 ], [ 100.101857159, -0.552715582999951 ], [ 100.101974517, -0.552790811999956 ], [ 100.102079837, -0.552817894999986 ], [ 100.102203213, -0.552844976999957 ], [ 100.102320571, -0.552869050999967 ], [ 100.102440937, -0.552899141999941 ], [ 100.102543249, -0.552914187999931 ], [ 100.102624496, -0.552914187999931 ], [ 100.102726808, -0.55291117899998 ], [ 100.102808055, -0.552884095999966 ], [ 100.102874257, -0.552857013999934 ], [ 100.102928422, -0.552805857999947 ], [ 100.10289833, -0.552691509999931 ], [ 100.102868238, -0.552628317999967 ], [ 100.102868238, -0.552556097999977 ], [ 100.102820092, -0.552441748999972 ], [ 100.102765927, -0.552324391999956 ], [ 100.102723798, -0.552228098999931 ], [ 100.102705743, -0.552125786999973 ], [ 100.102636533, -0.551984357 ], [ 100.102591395, -0.551876026999939 ], [ 100.102567322, -0.55177973299994 ], [ 100.10253723, -0.55169246799995 ], [ 100.102495102, -0.551569091999967 ], [ 100.102495102, -0.551442706999973 ], [ 100.102522184, -0.551370486999933 ], [ 100.102606441, -0.551289239999965 ], [ 100.102660606, -0.551244101999946 ], [ 100.102747872, -0.551217019999975 ], [ 100.102784626, -0.551204296999978 ], [ 100.1029988, -0.551198179999977 ], [ 100.10329554, -0.551212649999977 ], [ 100.10357057, -0.551133039999978 ], [ 100.10379494, -0.550973809999964 ], [ 100.10386283, -0.55078912999994 ], [ 100.103894487, -0.550752424999932 ], [ 100.10401992, -0.550606989999955 ], [ 100.10404997, -0.550572139999927 ], [ 100.10415722, -0.550395489999972 ], [ 100.10423809, -0.550287379999935 ], [ 100.10431299, -0.55020616999997 ], [ 100.10435661, -0.550194539999954 ], [ 100.104353364, -0.550155217999935 ], [ 100.10438354, -0.550078615999953 ], [ 100.104407613, -0.549922138999941 ], [ 100.104422659, -0.549750616999975 ], [ 100.104431687, -0.549570066999938 ], [ 100.104422659, -0.549386507999947 ], [ 100.104365485, -0.54923905899995 ], [ 100.104317339, -0.549130728999956 ], [ 100.104248128, -0.54907054599994 ], [ 100.104124752, -0.549031426999941 ], [ 100.104040496, -0.54901638099995 ], [ 100.103965266, -0.548920087999931 ], [ 100.103914111, -0.548811757999946 ], [ 100.103896056, -0.548694399999939 ], [ 100.103884019, -0.548555978999968 ], [ 100.103884019, -0.548447648999971 ], [ 100.10388101, -0.548342327999935 ], [ 100.103878001, -0.548252052999941 ], [ 100.103862955, -0.548179833999941 ], [ 100.103799762, -0.548083539999939 ], [ 100.103688423, -0.547987246999979 ], [ 100.103622222, -0.547921044999955 ], [ 100.103546993, -0.547854843999978 ], [ 100.103493826, -0.547813760999931 ], [ 100.103480791, -0.547803687999938 ], [ 100.103474336, -0.547786473999967 ], [ 100.103462736, -0.547755540999956 ], [ 100.103498846, -0.54765322999998 ], [ 100.103580094, -0.547590036999974 ], [ 100.103694442, -0.547571981999969 ], [ 100.103775689, -0.547565963999952 ], [ 100.103896056, -0.547565963999952 ], [ 100.103992349, -0.547538881999965 ], [ 100.104073596, -0.547496752999962 ], [ 100.104157853, -0.547403468999969 ], [ 100.104193963, -0.547289120999952 ], [ 100.104227064, -0.547117598999941 ], [ 100.10424211, -0.546949085999924 ], [ 100.104248128, -0.546816681999928 ], [ 100.104272201, -0.546693306999945 ], [ 100.104341412, -0.546603031999951 ], [ 100.10441965, -0.546554884999981 ], [ 100.104500898, -0.546509747999958 ], [ 100.104603209, -0.54645558299996 ], [ 100.104699502, -0.546350261999974 ], [ 100.104774731, -0.546190775999953 ], [ 100.104768713, -0.546082446999948 ], [ 100.104720567, -0.545983143999936 ], [ 100.104648347, -0.545953052999948 ], [ 100.104591172, -0.545913932999959 ], [ 100.104506916, -0.54591092399994 ], [ 100.104452751, -0.545916942999951 ], [ 100.104392568, -0.545980134999984 ], [ 100.104371504, -0.546064391999943 ], [ 100.104359467, -0.546148647999932 ], [ 100.104326366, -0.546211840999953 ], [ 100.104236091, -0.546269014999952 ], [ 100.104154844, -0.54629910599994 ], [ 100.104046514, -0.54633822499995 ], [ 100.103938184, -0.546362298999947 ], [ 100.10388101, -0.546359289999948 ], [ 100.103793744, -0.54630512499995 ], [ 100.103733561, -0.546205821999934 ], [ 100.103709488, -0.546031290999966 ], [ 100.103694442, -0.545947033999937 ], [ 100.103709488, -0.545820648999949 ], [ 100.10370046, -0.545664172999984 ], [ 100.103667359, -0.545549824999974 ], [ 100.10363706950497, -0.545489089999649 ], [ 100.103583103, -0.54542945799995 ], [ 100.103501855, -0.545399365999968 ], [ 100.103420608, -0.545375292999952 ], [ 100.103336351, -0.545360246999964 ], [ 100.10325577, -0.545324432999966 ], [ 100.103255104, -0.545324136999965 ], [ 100.103218994, -0.545266962999964 ], [ 100.103254889, -0.545171242999974 ], [ 100.103255104, -0.545170669999954 ], [ 100.103291214, -0.545098449999952 ], [ 100.103381489, -0.545056321999944 ], [ 100.103471764, -0.545029238999975 ], [ 100.10355602, -0.545020211999944 ], [ 100.103655323, -0.544984101999952 ], [ 100.103718515, -0.544954009999972 ], [ 100.103769671, -0.54491188199995 ], [ 100.10380879, -0.544878780999969 ], [ 100.103878001, -0.544878780999969 ], [ 100.103923138, -0.544908872999946 ], [ 100.103983321, -0.544972064999974 ], [ 100.104037486, -0.544987110999952 ], [ 100.104145816, -0.544947991999956 ], [ 100.104212018, -0.544848689999983 ], [ 100.104212018, -0.544809569999931 ], [ 100.104196958, -0.544760284999935 ], [ 100.104178917, -0.544701240999922 ], [ 100.104103688, -0.544592910999942 ], [ 100.104070587, -0.544526708999964 ], [ 100.104010404, -0.54445147999996 ], [ 100.103974294, -0.544397314999978 ], [ 100.103941193, -0.544379259999971 ], [ 100.103884019, -0.544373241999954 ], [ 100.10380879, -0.544379259999971 ], [ 100.103754625, -0.544391296999945 ], [ 100.103682405, -0.544325094999985 ], [ 100.103658332, -0.544295002999945 ], [ 100.103598149, -0.544189682999969 ], [ 100.103477782, -0.54401214199993 ], [ 100.103423617, -0.543891775999963 ], [ 100.103372461, -0.543771408999937 ], [ 100.103354406, -0.543675115999977 ], [ 100.10333936, -0.543557757999973 ], [ 100.103384498, -0.543434382999978 ], [ 100.103441672, -0.543344107999934 ], [ 100.103534956, -0.543247814999974 ], [ 100.103598149, -0.543163557999942 ], [ 100.103667359, -0.543073282999962 ], [ 100.103742588, -0.542998053999962 ], [ 100.103823836, -0.542986016999987 ], [ 100.10391712, -0.543004071999978 ], [ 100.104013413, -0.543061245999987 ], [ 100.104112715, -0.543151520999969 ], [ 100.104184935, -0.543178603999936 ], [ 100.10424211, -0.543178603999936 ], [ 100.104293265, -0.543157539999925 ], [ 100.104326366, -0.543106383999944 ], [ 100.10434743, -0.543004071999978 ], [ 100.10434743, -0.542916806999923 ], [ 100.104314329, -0.542808476999937 ], [ 100.104221045, -0.542513578999949 ], [ 100.10420299, -0.542302936999937 ], [ 100.1042391, -0.542119377999945 ], [ 100.104299284, -0.541999011999964 ], [ 100.104395577, -0.541890681999979 ], [ 100.104503907, -0.541779342999977 ], [ 100.104576127, -0.541698094999969 ], [ 100.104696493, -0.541625874999963 ], [ 100.104801814, -0.541577728999922 ], [ 100.104916162, -0.54145435299995 ], [ 100.104948014, -0.541420570999945 ], [ 100.105015465, -0.541349031999979 ], [ 100.105021483, -0.541270793999963 ], [ 100.105003428, -0.541072188999984 ], [ 100.105015465, -0.540939785999977 ], [ 100.105075648, -0.540771272999961 ], [ 100.105123794, -0.54065090599994 ], [ 100.105168932, -0.540527530999956 ], [ 100.105238143, -0.540434246999951 ], [ 100.105340454, -0.540349989999936 ], [ 100.105478876, -0.54029883399995 ], [ 100.105587206, -0.540283787999963 ], [ 100.105725627, -0.540271751999968 ], [ 100.105830948, -0.540289806999967 ], [ 100.105942287, -0.54032892599998 ], [ 100.106089736, -0.540340962999956 ], [ 100.106207093, -0.540383090999966 ], [ 100.106306396, -0.540398136999954 ], [ 100.10639968, -0.540401145999969 ], [ 100.106520046, -0.540365035999974 ], [ 100.106622358, -0.540310870999976 ], [ 100.106703605, -0.540208558999953 ], [ 100.106772816, -0.540118284999954 ], [ 100.10682999, -0.540055091999933 ], [ 100.106935311, -0.540009954999969 ], [ 100.107007531, -0.539982871999943 ], [ 100.107115861, -0.539934725999963 ], [ 100.107248264, -0.539892596999947 ], [ 100.107329511, -0.53987153299994 ], [ 100.107464924, -0.53983241399993 ], [ 100.107531125, -0.539826395999965 ], [ 100.107600336, -0.539844450999968 ], [ 100.107699638, -0.539892596999947 ], [ 100.107783895, -0.540018981999938 ], [ 100.107798941, -0.54008518399996 ], [ 100.107816996, -0.540190503999954 ], [ 100.10787417, -0.540256705999989 ], [ 100.107934353, -0.54026573399995 ], [ 100.108036665, -0.540229623999956 ], [ 100.108144995, -0.540148375999938 ], [ 100.108229251, -0.540003935999949 ], [ 100.108253324, -0.539928706999945 ], [ 100.108325544, -0.539678946999974 ], [ 100.108361654, -0.539552561999936 ], [ 100.108373691, -0.539471313999971 ], [ 100.108331563, -0.539384048999983 ], [ 100.108307489, -0.539293773999937 ], [ 100.108307489, -0.539212525999977 ], [ 100.108418828, -0.539191461999974 ], [ 100.108500076, -0.539191461999974 ], [ 100.108563268, -0.539158360999978 ], [ 100.108641507, -0.539089150999931 ], [ 100.108671598, -0.539010911999986 ], [ 100.108659562, -0.538932673999962 ], [ 100.108611415, -0.538815316999949 ], [ 100.108590351, -0.538691940999976 ], [ 100.108608406, -0.538622729999937 ], [ 100.108710717, -0.538559537999972 ], [ 100.108816038, -0.538517409999944 ], [ 100.108924368, -0.538511390999939 ], [ 100.109038716, -0.538577592999958 ], [ 100.109135009, -0.538637775999973 ], [ 100.109249358, -0.538679903999939 ], [ 100.109396807, -0.538685922999946 ], [ 100.109473841, -0.538640182999932 ], [ 100.109505136, -0.538589628999944 ], [ 100.109532219, -0.538523427999963 ], [ 100.109568329, -0.53843917099993 ], [ 100.109604439, -0.538378987999985 ], [ 100.109651995, -0.538311616999985 ], [ 100.109676659, -0.538276675999963 ], [ 100.109757906, -0.538210474999966 ], [ 100.109890309, -0.538129226999956 ], [ 100.109977575, -0.538035942999959 ], [ 100.110082896, -0.537954695999936 ], [ 100.11014007, -0.537891503999957 ], [ 100.110203262, -0.537780163999967 ], [ 100.1102484, -0.537677852999938 ], [ 100.110263446, -0.537590586999963 ], [ 100.1102484, -0.537419064999948 ], [ 100.110200253, -0.537322771999926 ], [ 100.110122015, -0.537202404999966 ], [ 100.110049795, -0.537054955999967 ], [ 100.109932438, -0.536907506999976 ], [ 100.109821099, -0.536808204999948 ], [ 100.109730824, -0.536693855999945 ], [ 100.109607448, -0.536519324999975 ], [ 100.109589393, -0.536296646999976 ], [ 100.109607448, -0.536185307999981 ], [ 100.109472036, -0.535706850999937 ], [ 100.109466017, -0.535490190999955 ], [ 100.109450972, -0.535339732999946 ], [ 100.109414862, -0.53515918299997 ], [ 100.109369724, -0.53496960599995 ], [ 100.109327596, -0.534870302999935 ], [ 100.109306532, -0.534804101999953 ], [ 100.109261394, -0.534683734999931 ], [ 100.109243339, -0.534635588999952 ], [ 100.109214072, -0.534592813999957 ], [ 100.10920422, -0.534578413999963 ], [ 100.109165101, -0.534512212999977 ], [ 100.109116954, -0.534470084999957 ], [ 100.109088622, -0.534454147999963 ], [ 100.109068808, -0.534443001999943 ], [ 100.109026679, -0.534418928999968 ], [ 100.108966496, -0.53437680099996 ], [ 100.108906313, -0.534334671999941 ], [ 100.108855157, -0.53430157099996 ], [ 100.108816038, -0.534274488999929 ], [ 100.108752846, -0.534241387999949 ], [ 100.108704699, -0.534211296999958 ], [ 100.108699429, -0.534207197999939 ], [ 100.108548222, -0.534145094999937 ], [ 100.108313508, -0.534072874999931 ], [ 100.108084811, -0.534054819999939 ], [ 100.107826023, -0.534033755999939 ], [ 100.107699638, -0.534015700999935 ], [ 100.107618391, -0.533970562999965 ], [ 100.107558208, -0.533922416999939 ], [ 100.107488997, -0.533820104999968 ], [ 100.107425804, -0.533681683999935 ], [ 100.107422795, -0.533552289999933 ], [ 100.107492006, -0.533413867999968 ], [ 100.107531125, -0.533233317999928 ], [ 100.107642464, -0.533179152999944 ], [ 100.107753803, -0.533170125999964 ], [ 100.107877179, -0.533170125999964 ], [ 100.108003564, -0.533170125999964 ], [ 100.108138976, -0.533115960999963 ], [ 100.108205178, -0.533037722999954 ], [ 100.108283416, -0.532968511999969 ], [ 100.108337581, -0.532947447999961 ], [ 100.108370233, -0.532933214999968 ], [ 100.10837114, -0.532912369999965 ], [ 100.10844023, -0.532825089999964 ], [ 100.10848627, -0.532659349999966 ], [ 100.10842937, -0.532553679999985 ], [ 100.10825205, -0.532354649999953 ], [ 100.10797702, -0.532159229999939 ], [ 100.107814, -0.532073579999972 ], [ 100.10776351, -0.532047049999958 ], [ 100.10749934, -0.531869729999923 ], [ 100.10730031, -0.531670699999959 ], [ 100.10706509, -0.531497 ], [ 100.10682987, -0.531218349999972 ], [ 100.10669235, -0.530965029999955 ], [ 100.10661274, -0.530798569999946 ], [ 100.10646437, -0.530704479999941 ], [ 100.10635218, -0.530610389999939 ], [ 100.10633047, -0.530494589999929 ], [ 100.10636304, -0.530273839999953 ], [ 100.10632305, -0.530135199999964 ], [ 100.10630876, -0.530085669999951 ], [ 100.10625793, -0.530025059999959 ], [ 100.10621467, -0.529973479999967 ], [ 100.10609525, -0.529911959999937 ], [ 100.10597221, -0.52989024999994 ], [ 100.10579851, -0.529763589999968 ], [ 100.10551986, -0.529680359999926 ], [ 100.10528102, -0.529669499999964 ], [ 100.10500961, -0.529676739999964 ], [ 100.10486848, -0.529571799999938 ], [ 100.1047382, -0.529329339999949 ], [ 100.10452469, -0.529003649999946 ], [ 100.10435823, -0.528819089999963 ], [ 100.10435823, -0.528772039999981 ], [ 100.10442337, -0.528677949999972 ], [ 100.10442524, -0.52867337999993 ], [ 100.104434365, -0.528651072999945 ], [ 100.104473815, -0.528614251999951 ], [ 100.104490868, -0.528605725999964 ], [ 100.104521962, -0.528590178999931 ], [ 100.10463631, -0.528523977999962 ], [ 100.104786768, -0.528433702999972 ], [ 100.104967318, -0.528313335999947 ], [ 100.105099721, -0.528192969999968 ], [ 100.105244161, -0.52797630999993 ], [ 100.105779792, -0.527615209999968 ], [ 100.105845994, -0.527500861999955 ], [ 100.105888122, -0.527404568999947 ], [ 100.105936269, -0.527224018999955 ], [ 100.105954324, -0.527218000999944 ], [ 100.106152928, -0.527019395999964 ], [ 100.106267277, -0.526947175999973 ], [ 100.106369588, -0.526880973999936 ], [ 100.106441808, -0.526748570999934 ], [ 100.106538101, -0.526549965999953 ], [ 100.106604303, -0.526387470999967 ], [ 100.106688559, -0.526200902999965 ], [ 100.106977439, -0.526008316999941 ], [ 100.107043641, -0.525972206999933 ], [ 100.1072603, -0.525833784999971 ], [ 100.10740474, -0.525695363999952 ], [ 100.107531125, -0.525484721999932 ], [ 100.107633437, -0.525243988999931 ], [ 100.107735748, -0.524967145999948 ], [ 100.107856115, -0.524624101999966 ], [ 100.107964445, -0.524244946999953 ], [ 100.108036665, -0.523998195999982 ], [ 100.108114903, -0.523751443999967 ], [ 100.108181105, -0.523522747999952 ], [ 100.108301471, -0.523312105999934 ], [ 100.108506094, -0.52296906199996 ], [ 100.108764882, -0.52254777899998 ], [ 100.109011634, -0.521717249999933 ], [ 100.109011634, -0.52156077299998 ], [ 100.109065799, -0.521320039999976 ], [ 100.109119964, -0.521205691999966 ], [ 100.109210238, -0.521079307 ], [ 100.109306532, -0.520983013999967 ], [ 100.109396807, -0.520892738999986 ], [ 100.109438935, -0.520820518999933 ], [ 100.10945699, -0.520712188999943 ], [ 100.109511155, -0.52060987799996 ], [ 100.109559301, -0.520549693999965 ], [ 100.109655595, -0.520543675999936 ], [ 100.109763925, -0.520579785999927 ], [ 100.109878273, -0.520579785999927 ], [ 100.109896328, -0.520573767999962 ], [ 100.109944474, -0.520549693999965 ], [ 100.109968548, -0.520501547999969 ], [ 100.109968548, -0.520433339999966 ], [ 100.109986603, -0.520387198999982 ], [ 100.109998639, -0.520357107999929 ], [ 100.110022759467341, -0.52033432390032 ], [ 100.110061832, -0.520296924999976 ], [ 100.11021229, -0.520155493999937 ], [ 100.110456032, -0.519986980999933 ], [ 100.110738894, -0.519749256999946 ], [ 100.110949535, -0.519574724999926 ], [ 100.111145131, -0.519424266999976 ], [ 100.111370818, -0.519249735999948 ], [ 100.111752982, -0.518891644999941 ], [ 100.111885385, -0.518720122999989 ], [ 100.112150191, -0.518392123999955 ], [ 100.112300649, -0.518175463999969 ], [ 100.112402961, -0.517988895999969 ], [ 100.112517309, -0.517832419999942 ], [ 100.112613602, -0.517675942999972 ], [ 100.112614337, -0.517673813999976 ], [ 100.112631657, -0.517651117999952 ], [ 100.11266551, -0.517591686999941 ], [ 100.112685822, -0.517552566999935 ], [ 100.112709896, -0.51750667799997 ], [ 100.112732464, -0.51746906299997 ], [ 100.112749015, -0.517443484999949 ], [ 100.11276707, -0.517414897999972 ], [ 100.112784372, -0.517393833999969 ], [ 100.112798666, -0.517378787999975 ], [ 100.11281177, -0.517362235999944 ], [ 100.11320534, -0.51700014999995 ], [ 100.113352042, -0.516890069999942 ], [ 100.11380725, -0.516548499999948 ], [ 100.11444993, -0.516054559999937 ], [ 100.11541003, -0.515316689999966 ], [ 100.115716262, -0.515151344999941 ], [ 100.115794288, -0.515036906999976 ], [ 100.115950765, -0.514705898999978 ], [ 100.116016966, -0.514122120999968 ], [ 100.116143351, -0.513748984999955 ], [ 100.116335938, -0.513327701999979 ], [ 100.116522506, -0.512677722999974 ], [ 100.116546579, -0.512497172999937 ], [ 100.116704523, -0.512197909999946 ], [ 100.116775275, -0.512063852999968 ], [ 100.116967862, -0.511835156999952 ], [ 100.117274797, -0.511636551999976 ], [ 100.117641915, -0.511389800999957 ], [ 100.117762579, -0.511304887999927 ], [ 100.118005271, -0.510851159999958 ], [ 100.118306187, -0.510177107999942 ], [ 100.118570994, -0.509563237999938 ], [ 100.11898024, -0.508588268999978 ], [ 100.11926912, -0.507492933999977 ], [ 100.119582073, -0.506854990999963 ], [ 100.119774659, -0.50649389199998 ], [ 100.120063539, -0.506180938999939 ], [ 100.120304272, -0.505952241999982 ], [ 100.120357793, -0.505890486999937 ], [ 100.12042062, -0.505715529999973 ], [ 100.12052748, -0.50479974999996 ], [ 100.120553875, -0.504573552999952 ], [ 100.12085508, -0.501992319999944 ], [ 100.12099361, -0.501725159999981 ], [ 100.12141607, -0.501391949999971 ], [ 100.12215082, -0.501228119999957 ], [ 100.12234409, -0.501179799999932 ], [ 100.12276284, -0.500978479999961 ], [ 100.12308495, -0.500841589999943 ], [ 100.12357617, -0.500479209999987 ], [ 100.12384311, -0.500117429999941 ], [ 100.12388217, -0.500064489999943 ], [ 100.12434923, -0.498832419999925 ], [ 100.12451029, -0.498413669999931 ], [ 100.12461534, -0.498155619999983 ], [ 100.12478054, -0.497838539999982 ], [ 100.124817002, -0.497768557999962 ], [ 100.12518779, -0.497056909999974 ], [ 100.125555591791255, -0.49650055042527 ], [ 100.124960220070989, -0.496073435930303 ], [ 100.124690653808315, -0.495580091267614 ], [ 100.124579826327576, -0.494798465877218 ], [ 100.124923974820362, -0.494180165195263 ], [ 100.125623937856545, -0.493958510233807 ], [ 100.126125578032472, -0.493981842335013 ], [ 100.12659222005658, -0.494069337714535 ], [ 100.126851333359923, -0.494149357999392 ], [ 100.12692612, -0.494004769999951 ], [ 100.12794491, -0.492052709999938 ], [ 100.12821558, -0.491696329999977 ], [ 100.128564322058509, -0.491331926620977 ], [ 100.128470454203708, -0.491006999431266 ], [ 100.128645444962743, -0.489455414701077 ], [ 100.129228747492888, -0.488382138045608 ], [ 100.129578729010987, -0.487367191643153 ], [ 100.129642892289269, -0.487180534833506 ], [ 100.129491233631441, -0.486731391885294 ], [ 100.129981207756757, -0.486369744316603 ], [ 100.130307857173648, -0.486089759102132 ], [ 100.130797831298992, -0.485232304382817 ], [ 100.131264473323085, -0.484952319168347 ], [ 100.131964436359269, -0.485407295141861 ], [ 100.132597166, -0.485875354999964 ], [ 100.1326436, -0.485589619999938 ], [ 100.13320729, -0.483532129999966 ], [ 100.1335246, -0.482185049999951 ], [ 100.13367387, -0.48191405999995 ], [ 100.13384395, -0.481635409999975 ], [ 100.13407527, -0.481271079999943 ], [ 100.13408266, -0.481259442999948 ], [ 100.134087474, -0.481260779999964 ], [ 100.134107798, -0.481260779999964 ], [ 100.134126559, -0.481260779999964 ], [ 100.134160953, -0.48125452599994 ], [ 100.134185968, -0.48125139899997 ], [ 100.134207855, -0.481249835999971 ], [ 100.134230548, -0.481248500999927 ], [ 100.134718303, -0.48135301999997 ], [ 100.13551876, -0.481453076999974 ], [ 100.136294203, -0.481403048999945 ], [ 100.136644404, -0.481227948999963 ], [ 100.136644404, -0.480958658999957 ], [ 100.136644404, -0.480702647999981 ], [ 100.136444289, -0.480314926999948 ], [ 100.136294203, -0.479983487999969 ], [ 100.136275443, -0.479695822999937 ], [ 100.136227547, -0.479459162999949 ], [ 100.136169132, -0.479170522999941 ], [ 100.136300457, -0.479001676999939 ], [ 100.136350486, -0.478801561999945 ], [ 100.136406768, -0.478601447999956 ], [ 100.136381754, -0.478420093999942 ], [ 100.136269189, -0.478263754999941 ], [ 100.136050314, -0.478163697999948 ], [ 100.135906482, -0.478088654999966 ], [ 100.135750143, -0.478019865999959 ], [ 100.135556282, -0.477976090999968 ], [ 100.135374928, -0.477869779999935 ], [ 100.135068503, -0.47762588999996 ], [ 100.134774585, -0.477413268999951 ], [ 100.134461907, -0.477106843999934 ], [ 100.134280553, -0.476787911999966 ], [ 100.134155481, -0.47647523299997 ], [ 100.134105453, -0.476231343999934 ], [ 100.133999142, -0.476049989999984 ], [ 100.133924099, -0.475924918999967 ], [ 100.13385531, -0.47580610099993 ], [ 100.133661449, -0.475468407999934 ], [ 100.133492603, -0.475186996999989 ], [ 100.133298742, -0.474868064999955 ], [ 100.133173671, -0.474655442999971 ], [ 100.132973556, -0.474380285999935 ], [ 100.132767188, -0.474155156999933 ], [ 100.132654624, -0.473848731999965 ], [ 100.132617103, -0.473598588999953 ], [ 100.132723413, -0.473429742999947 ], [ 100.13282347, -0.473342192999958 ], [ 100.132917274, -0.473110810999977 ], [ 100.132879753, -0.472929456999964 ], [ 100.132798456, -0.472766863999937 ], [ 100.132654624, -0.472591763999964 ], [ 100.132479524, -0.472491706999965 ], [ 100.13238572, -0.47229159299997 ], [ 100.13256082, -0.472047702999938 ], [ 100.132798456, -0.471903870999945 ], [ 100.133061106, -0.471847588999936 ], [ 100.133930353, -0.471641220999976 ], [ 100.134326890262344, -0.471475459814297 ], [ 100.134680782, -0.471328541999985 ], [ 100.135368675, -0.47094082099994 ], [ 100.136144118, -0.470465548999923 ], [ 100.136706939, -0.469777655999969 ], [ 100.137209358900378, -0.468977175593225 ], [ 100.137432354, -0.468626998999986 ], [ 100.137782554, -0.467939105999964 ], [ 100.1384767, -0.466738419999956 ], [ 100.139052029, -0.466319429999949 ], [ 100.139627358, -0.465869172999935 ], [ 100.139983812, -0.465650297999959 ], [ 100.140327758, -0.465350126999968 ], [ 100.140690465, -0.465137504999982 ], [ 100.140940608, -0.464931136999957 ], [ 100.14117199, -0.464706007999954 ], [ 100.141297062, -0.464418343999969 ], [ 100.14132833, -0.464193214999967 ], [ 100.141115708, -0.463417771999956 ], [ 100.141009398, -0.463017543999971 ], [ 100.140971876, -0.462686103999948 ], [ 100.141115708, -0.462298382999968 ], [ 100.141236111, -0.461979055999962 ], [ 100.141259541, -0.461916914999966 ], [ 100.141243189, -0.461551730999938 ], [ 100.14124078, -0.461497925999935 ], [ 100.141197005, -0.461122710999979 ], [ 100.140965623, -0.458002177999961 ], [ 100.140815537, -0.457151691999967 ], [ 100.140915594, -0.456326220999925 ], [ 100.141040665, -0.455425705999974 ], [ 100.141190751, -0.454550205999972 ], [ 100.141315823, -0.454074933999946 ], [ 100.141358792, -0.453537819999952 ], [ 100.141365851, -0.45344957699996 ], [ 100.14141588, -0.452924276999975 ], [ 100.140921848, -0.451823647999962 ], [ 100.140721733, -0.451192036999944 ], [ 100.140521619, -0.450666736999953 ], [ 100.140477844, -0.45026025499994 ], [ 100.140415308, -0.450041379999965 ], [ 100.14020894, -0.449315964999938 ], [ 100.140221447, -0.448528014999973 ], [ 100.14019018, -0.447983953999939 ], [ 100.140265222, -0.447464907999976 ], [ 100.140552887, -0.447114706999968 ], [ 100.140740494, -0.446883324999934 ], [ 100.140965623, -0.446182924999959 ], [ 100.141003144, -0.445632610999957 ], [ 100.141247033, -0.445213620999944 ], [ 100.141453401, -0.444869674999951 ], [ 100.141489341, -0.444816182999943 ], [ 100.141722305, -0.444469445999976 ], [ 100.142016223, -0.444125498999936 ], [ 100.142247605, -0.443850341999964 ], [ 100.142529016, -0.443531409999942 ], [ 100.142897977, -0.44330002799996 ], [ 100.143266937, -0.443181209999977 ], [ 100.14358587, -0.442924812999938 ], [ 100.143823505, -0.442649655999955 ], [ 100.144061141, -0.442311962999953 ], [ 100.144204973, -0.441986777999953 ], [ 100.144305031, -0.441480237999944 ], [ 100.144355059, -0.441167558999948 ], [ 100.144392581, -0.440923669999965 ], [ 100.144336298, -0.440748569999936 ], [ 100.144204973, -0.44051093399998 ], [ 100.14411117, -0.440329580999958 ], [ 100.14411117, -0.439991887999957 ], [ 100.14419872, -0.439816787999978 ], [ 100.14463647, -0.439041344999971 ], [ 100.144924134, -0.438491029999975 ], [ 100.144999177, -0.438003250999942 ], [ 100.145011684, -0.437402907999976 ], [ 100.145029518, -0.436974911999929 ], [ 100.145036699, -0.436802564999946 ], [ 100.145286842, -0.436152193999933 ], [ 100.145499463, -0.435714443999923 ], [ 100.145749606, -0.435289200999938 ], [ 100.146087299, -0.434801421999967 ], [ 100.146575078, -0.434388685999986 ], [ 100.147012828, -0.433988457999933 ], [ 100.147438071, -0.433563214999945 ], [ 100.14766772, -0.433286051999978 ], [ 100.14778763, -0.432506629999983 ], [ 100.14791791, -0.431913149999956 ], [ 100.14810901, -0.431718499999937 ], [ 100.14869188, -0.431124839999939 ], [ 100.14911959, -0.430758229999927 ], [ 100.14969939, -0.43041195999996 ], [ 100.15057714, -0.429884509999976 ], [ 100.15166427, -0.429224179999953 ], [ 100.15238902, -0.428789329999974 ], [ 100.15291245, -0.428435 ], [ 100.15329741, -0.428184199999982 ], [ 100.15344393, -0.428088739999965 ], [ 100.15458743, -0.427319699999945 ], [ 100.15483706, -0.427158639999965 ], [ 100.15543297, -0.426651309999953 ], [ 100.15583561, -0.426345309999942 ], [ 100.15633488, -0.425942669999935 ], [ 100.15722068, -0.425133359999969 ], [ 100.15817896, -0.424303929999961 ], [ 100.15889566, -0.423724129999925 ], [ 100.16012774, -0.42276986999997 ], [ 100.16047401, -0.422512179999953 ], [ 100.16111823, -0.421779379999976 ], [ 100.16143116, -0.421436649999982 ], [ 100.1618974, -0.421004179999957 ], [ 100.16490862, -0.418211089999943 ], [ 100.16584442, -0.417174509999946 ], [ 100.16678775, -0.416129589999969 ], [ 100.16698065, -0.415953199999934 ], [ 100.16785036, -0.415131809999938 ], [ 100.1688489, -0.413911819999955 ], [ 100.16959781, -0.412985749999968 ], [ 100.17105536, -0.411194 ], [ 100.17171661, -0.410376789999936 ], [ 100.17228688, -0.409787829999981 ], [ 100.17348973, -0.408264909999962 ], [ 100.174191099, -0.407586878999949 ], [ 100.174363542, -0.407714380999956 ], [ 100.17462633, -0.407920389999954 ], [ 100.17470791, -0.407996278999977 ], [ 100.174806831, -0.408088298999929 ], [ 100.17498214, -0.408272998999967 ], [ 100.17509987, -0.408418819999957 ], [ 100.175125101, -0.408450078999988 ], [ 100.175315071, -0.408699448999935 ], [ 100.17550265, -0.409012208999973 ], [ 100.175667411, -0.409240200999938 ], [ 100.17589276, -0.409449318999976 ], [ 100.176125512, -0.409633788999951 ], [ 100.176230458, -0.409693638999961 ], [ 100.17646761, -0.409828877999927 ], [ 100.17676425, -0.410006308999932 ], [ 100.17706452, -0.410188208999958 ], [ 100.17739658, -0.410274028999931 ], [ 100.177683881, -0.410259219999947 ], [ 100.178007442, -0.410253699999943 ], [ 100.178257561, -0.410300388999934 ], [ 100.178514251, -0.410436209999952 ], [ 100.178987652, -0.410745318999953 ], [ 100.179467129, -0.410972918999955 ], [ 100.17958563, -0.410947227999937 ], [ 100.180162531, -0.410822149999942 ], [ 100.180741369, -0.41069318999996 ], [ 100.18079143, -0.410688429999941 ], [ 100.180948751, -0.410673459999943 ], [ 100.181319289, -0.410638218999964 ], [ 100.181592589, -0.410684898999935 ], [ 100.18186117, -0.41081609999998 ], [ 100.182058491, -0.410975468999939 ], [ 100.18207574, -0.410989398999956 ], [ 100.182270769, -0.411199117999966 ], [ 100.182428961, -0.411447378999983 ], [ 100.182550386, -0.411704358999944 ], [ 100.182625371, -0.411863048999984 ], [ 100.182666359, -0.411949788999946 ], [ 100.18269862, -0.41201806899995 ], [ 100.182902931, -0.412471520999937 ], [ 100.183322342, -0.413456319999974 ], [ 100.18340618, -0.413712539999952 ], [ 100.18362423, -0.414378939999956 ], [ 100.183791231, -0.414688539999933 ], [ 100.183907321, -0.414845429999962 ], [ 100.184088231, -0.414927168999951 ], [ 100.184314629, -0.414903668999958 ], [ 100.1846523, -0.414776509999967 ], [ 100.184781711, -0.414713140999944 ], [ 100.185158821, -0.41452849099994 ], [ 100.185671911, -0.414358959999957 ], [ 100.185918, -0.414348269999955 ], [ 100.18608883, -0.414351039999933 ], [ 100.18624871, -0.414353638999967 ], [ 100.186554851, -0.414442798999975 ], [ 100.187362571, -0.414728659999989 ], [ 100.18792964, -0.414995350999965 ], [ 100.188184091, -0.415030648999967 ], [ 100.188924331, -0.415190209999944 ], [ 100.18938121, -0.415326729999948 ], [ 100.18944931, -0.415352549999972 ], [ 100.18855491, -0.417411439999962 ], [ 100.18798364, -0.419463809999968 ], [ 100.18767106, -0.420490089999932 ], [ 100.18734279, -0.422112919999966 ], [ 100.1869624, -0.423754719999984 ], [ 100.1862352, -0.426652339999982 ], [ 100.18582126, -0.42829413999994 ], [ 100.18538494, -0.429907959999976 ], [ 100.1850493, -0.431298039999949 ], [ 100.18474164, -0.432799989999986 ], [ 100.18451584, -0.433786479999984 ], [ 100.18446965, -0.437951137999957 ], [ 100.18446893, -0.438016059999935 ], [ 100.18446636, -0.438248119999968 ], [ 100.18475283, -0.438656759999959 ], [ 100.18575972, -0.440209059999972 ], [ 100.18738754, -0.442843769999967 ], [ 100.18816508, -0.444267399999942 ], [ 100.18888768, -0.445126339999952 ], [ 100.18905844, -0.445470229999956 ], [ 100.18909926, -0.446980429999941 ], [ 100.18918876, -0.448141149999972 ], [ 100.18921114, -0.449727009999947 ], [ 100.18914288, -0.450737559999932 ], [ 100.18911045, -0.45121776999998 ], [ 100.18912707, -0.451358439999982 ], [ 100.18923956, -0.451520719999967 ], [ 100.18980638, -0.451390409999934 ], [ 100.18983533, -0.451390409999934 ], [ 100.19000903, -0.451426599999939 ], [ 100.19010312, -0.451506219999949 ], [ 100.19033472, -0.451730579999942 ], [ 100.19042881, -0.452077989999968 ], [ 100.19037091, -0.45232405999997 ], [ 100.19000179, -0.453018869999949 ], [ 100.18971953, -0.453402469999959 ], [ 100.18966325, -0.453509099999965 ], [ 100.18958201, -0.453663019999969 ], [ 100.18957478, -0.453829479999974 ], [ 100.18968334, -0.453894619999981 ], [ 100.18996198, -0.453876839999972 ], [ 100.19002351, -0.453872909999981 ], [ 100.19026958, -0.453822249999983 ], [ 100.19041434, -0.453887379999979 ], [ 100.1906966, -0.454003189999977 ], [ 100.1908671, -0.454082349999962 ], [ 100.19089925, -0.454097269999977 ], [ 100.19107296, -0.454220309999935 ], [ 100.1912539, -0.454531529999938 ], [ 100.19141312, -0.454784849999957 ], [ 100.19147102, -0.454878929999951 ], [ 100.19162301, -0.454958549999962 ], [ 100.19164095, -0.454949579999951 ], [ 100.19189804, -0.454821029999953 ], [ 100.19210953, -0.454558269999956 ], [ 100.19213688, -0.45452428999994 ], [ 100.19218755, -0.454299929999941 ], [ 100.19225992, -0.454140699999929 ], [ 100.1923323, -0.454097269999977 ], [ 100.19239744, -0.454104509999979 ], [ 100.19270865, -0.454234789999939 ], [ 100.19291854, -0.454357829999946 ], [ 100.19302711, -0.454625619999947 ], [ 100.19310672, -0.455016449999962 ], [ 100.19310672, -0.45516119999997 ], [ 100.19310551, -0.455195159999961 ], [ 100.19309948, -0.455363849999965 ], [ 100.1931791, -0.455530319999979 ], [ 100.193184347, -0.455531959999978 ], [ 100.1934107, -0.455602689999982 ], [ 100.19354507, -0.455588089999939 ], [ 100.19374363, -0.45556650999993 ], [ 100.19406208, -0.455580979999982 ], [ 100.1943154, -0.455617169999933 ], [ 100.19449634, -0.455653359999936 ], [ 100.19463385, -0.455747449999939 ], [ 100.19474965, -0.456044189999945 ], [ 100.1947207, -0.456326449999957 ], [ 100.19463975, -0.456546199999942 ], [ 100.19461938, -0.456601479999971 ], [ 100.19451081, -0.456811369999965 ], [ 100.19450358, -0.456977839999977 ], [ 100.19451805, -0.457042969999979 ], [ 100.19471347, -0.457086399999985 ], [ 100.19485822, -0.457122589999936 ], [ 100.19494507, -0.457194959999923 ], [ 100.19500297, -0.457325239999931 ], [ 100.1951622, -0.45745551999994 ], [ 100.19535761, -0.457542369999947 ], [ 100.19564712, -0.457520659999944 ], [ 100.19580032, -0.457520659999944 ], [ 100.19587148, -0.457520659999944 ], [ 100.19600176, -0.457614739999947 ], [ 100.19647944, -0.457918719999961 ], [ 100.19654458, -0.45794766999996 ], [ 100.1966459, -0.458005569999968 ], [ 100.19671104, -0.458143089999962 ], [ 100.19672552, -0.458324029999974 ], [ 100.19677618, -0.458504969999983 ], [ 100.19694988, -0.458700379999928 ], [ 100.1970874, -0.458808949999938 ], [ 100.19732624, -0.459011599999947 ], [ 100.19742033, -0.459170829999952 ], [ 100.19749994, -0.459460329999951 ], [ 100.1975081, -0.459623469999939 ], [ 100.19751441, -0.45974982999997 ], [ 100.19757232, -0.46009 ], [ 100.19779668, -0.460422929999942 ], [ 100.19810066, -0.460734149999963 ], [ 100.19836845, -0.460784809999951 ], [ 100.19863624, -0.460763099999948 ], [ 100.19876745, -0.460728869999972 ], [ 100.19880271, -0.460719669999942 ], [ 100.19889679, -0.460654529999952 ], [ 100.19900536, -0.460640059999956 ], [ 100.19914287, -0.460676249999959 ], [ 100.19921525, -0.460748619999947 ], [ 100.19930934, -0.460842709999952 ], [ 100.19938895, -0.461059839999966 ], [ 100.19939407, -0.461136579999962 ], [ 100.19940343, -0.461276969999975 ], [ 100.19943238, -0.461450669999982 ], [ 100.19957713, -0.461537519999987 ], [ 100.19982321, -0.461472379999982 ], [ 100.20017785, -0.461443429999981 ], [ 100.20041958, -0.46149754999994 ], [ 100.20066277, -0.461551989999985 ], [ 100.2012273, -0.461559229999986 ], [ 100.20146614, -0.461617129999974 ], [ 100.20154575, -0.461732929999932 ], [ 100.2014589, -0.46199348999995 ], [ 100.20126349, -0.46228298999995 ], [ 100.20106807, -0.462500119999963 ], [ 100.20056868, -0.46271000999997 ], [ 100.20027194, -0.462811339999979 ], [ 100.20014166, -0.462905429999989 ], [ 100.2000331, -0.463151499999931 ], [ 100.20002586, -0.463390339999943 ], [ 100.20004677, -0.46343812999994 ], [ 100.20012719, -0.463621949999949 ], [ 100.20027918, -0.463802889999956 ], [ 100.2005542, -0.463788409999955 ], [ 100.20077857, -0.463744989999951 ], [ 100.20098122, -0.463744989999951 ], [ 100.20129968, -0.463911449999956 ], [ 100.20139232, -0.463957769999983 ], [ 100.20164708, -0.464085149999968 ], [ 100.20180631, -0.464222669999975 ], [ 100.20187868, -0.464403609999976 ], [ 100.20182078, -0.464917479999936 ], [ 100.20172669, -0.465185269999954 ], [ 100.20175463, -0.465313759999958 ], [ 100.20176288, -0.465351729999955 ], [ 100.20181354, -0.465525429999968 ], [ 100.20184973, -0.465612279999967 ], [ 100.2018741, -0.465622839999977 ], [ 100.20206686, -0.465706369999962 ], [ 100.20231294, -0.465735319999965 ], [ 100.2024794, -0.465778749999968 ], [ 100.20253007, -0.465894549999976 ], [ 100.20252283, -0.46611891999994 ], [ 100.20233465, -0.466473559999945 ], [ 100.20208134, -0.466784769999954 ], [ 100.20190763, -0.467059799999957 ], [ 100.20187252, -0.46720527999998 ], [ 100.20185697, -0.467269689999968 ], [ 100.20198725, -0.467450629999979 ], [ 100.20204409, -0.467534319999975 ], [ 100.2022478, -0.467834229999938 ], [ 100.20241426, -0.468174389999954 ], [ 100.20237808, -0.469013949999985 ], [ 100.20222609, -0.469325169999939 ], [ 100.20210305, -0.469477159999947 ], [ 100.20187868, -0.469455449999947 ], [ 100.2016326, -0.469274509999937 ], [ 100.20146089, -0.469102799999982 ], [ 100.20145166, -0.469093569999927 ], [ 100.20123454, -0.468970529999982 ], [ 100.20122014, -0.468970869999969 ], [ 100.20093056, -0.46897776999992 ], [ 100.20073514, -0.469079089999988 ], [ 100.20061934, -0.469346879999936 ], [ 100.20056144, -0.469607439999958 ], [ 100.20063382, -0.469846279999953 ], [ 100.20076409, -0.470085119999969 ], [ 100.2009378, -0.470381859999982 ], [ 100.20109702, -0.471069429999955 ], [ 100.20096675, -0.471518159999965 ], [ 100.20076409, -0.471749759999973 ], [ 100.20061333, -0.471827079999967 ], [ 100.20053249, -0.471868529999941 ], [ 100.200508389, -0.471880890999956 ], [ 100.20049133, -0.471889639999977 ], [ 100.20048183, -0.471894509999976 ], [ 100.19981235, -0.471908989999985 ], [ 100.19946856, -0.472006699999954 ], [ 100.19887508, -0.472245539999961 ], [ 100.19852044, -0.472430099999952 ], [ 100.1981658, -0.472643609999976 ], [ 100.19807533, -0.472730459999978 ], [ 100.19798486, -0.473081479999966 ], [ 100.19796404, -0.473414529999962 ], [ 100.19795591, -0.473544689999935 ], [ 100.19802105, -0.473855899999929 ], [ 100.19811513, -0.474004269999965 ], [ 100.19838293, -0.474149029999975 ], [ 100.19860268, -0.474187479999951 ], [ 100.19867243, -0.474199689999977 ], [ 100.19899088, -0.474304629999953 ], [ 100.19908135, -0.474333579999954 ], [ 100.19925506, -0.474547089999931 ], [ 100.19936724, -0.474865549999953 ], [ 100.19939257, -0.475068199999959 ], [ 100.19935638, -0.475234659999961 ], [ 100.19924058, -0.475444559999968 ], [ 100.1991284, -0.475676159999981 ], [ 100.19904336, -0.47577205999994 ], [ 100.19889499, -0.475860719999961 ], [ 100.19870681, -0.475915 ], [ 100.19864348, -0.475951189999929 ], [ 100.19863805, -0.476007279999977 ], [ 100.19865433, -0.476108599999976 ], [ 100.19865072, -0.476193639999962 ], [ 100.19861996, -0.476244309999971 ], [ 100.19852768, -0.476285919999963 ], [ 100.19847071, -0.476298689999969 ], [ 100.19840645, -0.476347439999929 ], [ 100.19818208, -0.476380009999953 ], [ 100.19794686, -0.476356489999949 ], [ 100.19770621, -0.476304019999926 ], [ 100.19749813, -0.476213549999962 ], [ 100.19732805, -0.476193639999962 ], [ 100.19721767, -0.476242499999962 ], [ 100.19705483, -0.47634201999995 ], [ 100.19665133, -0.476626089999972 ], [ 100.19625507, -0.47682331999994 ], [ 100.19603433, -0.476888449999933 ], [ 100.19599633, -0.476875789999956 ], [ 100.19594024, -0.476749129999978 ], [ 100.19587148, -0.476461439999981 ], [ 100.19583891, -0.47636191999993 ], [ 100.195821496, -0.476347728999944 ], [ 100.19579006, -0.476322109999965 ], [ 100.19578939, -0.476322019999951 ], [ 100.19576833, -0.476319149999942 ], [ 100.19514063, -0.476862819999955 ], [ 100.19494199, -0.477059579999948 ], [ 100.19481986, -0.47730885999994 ], [ 100.194661182, -0.478304022999964 ], [ 100.19469444, -0.478396408999977 ], [ 100.194747451, -0.478456045999966 ], [ 100.194769945, -0.478482000999983 ], [ 100.195075564, -0.478583872999939 ], [ 100.195424627, -0.478788495999936 ], [ 100.195677396, -0.479089412999945 ], [ 100.195809799, -0.479498658999947 ], [ 100.195990349, -0.479980124999944 ], [ 100.196026459, -0.480533810999941 ], [ 100.195990349, -0.48093102099995 ], [ 100.196009433, -0.481155263999945 ], [ 100.195801042, -0.480907798999965 ], [ 100.195575746, -0.480748766999963 ], [ 100.195284186, -0.480682502999976 ], [ 100.195019132, -0.480762018999943 ], [ 100.19476733, -0.480947556999984 ], [ 100.194619447, -0.481130236999951 ], [ 100.194542034, -0.481225864999942 ], [ 100.194290232, -0.481451160999943 ], [ 100.194064936, -0.481649951999944 ], [ 100.193654101, -0.481888500999964 ], [ 100.193349289, -0.482127049999971 ], [ 100.193203509, -0.482458367999932 ], [ 100.193230014, -0.48294871799994 ], [ 100.193296278, -0.483213772999927 ], [ 100.193349289, -0.483584848999963 ], [ 100.193495069, -0.483995683999981 ], [ 100.193532332, -0.484046360999973 ], [ 100.193826387, -0.484446275999967 ], [ 100.194078189, -0.484870362999972 ], [ 100.194290232, -0.485307702999941 ], [ 100.19432999, -0.48567877899996 ], [ 100.194274485, -0.485965557999982 ], [ 100.194250474, -0.486089613999978 ], [ 100.194025178, -0.486460689999947 ], [ 100.193521574, -0.486818512999944 ], [ 100.192898696, -0.487110072999948 ], [ 100.192529157, -0.48730804099995 ], [ 100.19252762, -0.487308863999949 ], [ 100.192196302, -0.487719697999974 ], [ 100.192063775, -0.488104026999963 ], [ 100.19200176, -0.488424438999978 ], [ 100.191984258, -0.488514861999933 ], [ 100.191957753, -0.488925695999975 ], [ 100.191867402, -0.489116436999958 ], [ 100.191838479, -0.489177497999957 ], [ 100.191692699, -0.489323277999974 ], [ 100.191281864, -0.489548573999974 ], [ 100.190937293, -0.489734111999953 ], [ 100.190592723, -0.489919649999935 ], [ 100.190274657, -0.49005217699994 ], [ 100.190174625, -0.490075994999933 ], [ 100.19016283, -0.490091629999949 ], [ 100.18998189, -0.490214669999945 ], [ 100.18979371, -0.490290669999988 ], [ 100.18949335, -0.490225529999983 ], [ 100.18925089, -0.490182099999978 ], [ 100.18910614, -0.490200199999947 ], [ 100.18875512, -0.490316 ], [ 100.18858142, -0.490366659999949 ], [ 100.18802774, -0.490558459999936 ], [ 100.18788661, -0.49059825999996 ], [ 100.18763329, -0.490576549999958 ], [ 100.18736188, -0.490583789999966 ], [ 100.18686611, -0.490619979999964 ], [ 100.18649699, -0.490612739999964 ], [ 100.185822072, -0.490710423999932 ], [ 100.185743995, -0.490706633999941 ], [ 100.185570726, -0.490709842999942 ], [ 100.185278734, -0.490701820999963 ], [ 100.184869625, -0.490724281999977 ], [ 100.184364255, -0.490733907999923 ], [ 100.18430437, -0.490737690999945 ], [ 100.184211842, -0.490743533999939 ], [ 100.184097933, -0.490754764999968 ], [ 100.183952914, -0.490767947999933 ], [ 100.183788294, -0.490817333999929 ], [ 100.183556667, -0.490865 ], [ 100.183531667, -0.490855 ], [ 100.183473841, -0.490708238999956 ], [ 100.183486676, -0.490624812999961 ], [ 100.183589354, -0.490515716999933 ], [ 100.183858885, -0.490226933999973 ], [ 100.184087791, -0.489967900999945 ], [ 100.184183009, -0.489809320999945 ], [ 100.18422, -0.489678332999973 ], [ 100.184269598, -0.48959802899998 ], [ 100.184333161, -0.489505282999981 ], [ 100.184259192, -0.489329606999947 ], [ 100.184269285, -0.489198393999969 ], [ 100.184400498, -0.488824942999938 ], [ 100.184461057, -0.488663450999989 ], [ 100.184430778, -0.488481771999939 ], [ 100.184370218, -0.488269813999983 ], [ 100.184289472, -0.488158787999973 ], [ 100.184087607, -0.487926642999985 ], [ 100.183936208, -0.487734870999931 ], [ 100.183916021, -0.487644030999947 ], [ 100.183986674, -0.487522911999983 ], [ 100.18403714, -0.487442165999942 ], [ 100.183976581, -0.487331139999981 ], [ 100.183744436, -0.487260486999956 ], [ 100.183300332, -0.487240300999938 ], [ 100.182765389, -0.487260486999956 ], [ 100.182361658, -0.487270580999972 ], [ 100.181816622, -0.487421979999968 ], [ 100.181261492, -0.487644030999947 ], [ 100.180686176, -0.487765150999968 ], [ 100.180020021, -0.487845896999946 ], [ 100.17964657, -0.487896362999949 ], [ 100.179353865, -0.487845896999946 ], [ 100.179243015, -0.487817289999952 ], [ 100.179203095, -0.487759805999938 ], [ 100.178996727, -0.487666001999976 ], [ 100.178777852, -0.487653494999962 ], [ 100.178590245, -0.487634733999933 ], [ 100.178265059, -0.487609719999969 ], [ 100.17793362, -0.487478394999931 ], [ 100.177614688, -0.487209490999925 ], [ 100.176357719, -0.486740472999937 ], [ 100.17523833, -0.486221426999981 ], [ 100.174093926, -0.485739901999987 ], [ 100.173187158, -0.485333418999966 ], [ 100.172749408, -0.484976965999979 ], [ 100.172740509, -0.484940735999949 ], [ 100.172736469, -0.48492428699996 ], [ 100.172734522, -0.484916360999936 ], [ 100.172713975, -0.484948115999939 ], [ 100.172668365, -0.485015329999962 ], [ 100.172637159, -0.485116149999957 ], [ 100.172619294, -0.485182251999961 ], [ 100.172380307, -0.48553863499996 ], [ 100.172058642, -0.485778683999973 ], [ 100.171674565, -0.485946718 ], [ 100.171477725, -0.486162760999945 ], [ 100.171362502, -0.486349998999975 ], [ 100.171319293, -0.486623653999972 ], [ 100.171285687, -0.486916512999923 ], [ 100.171276085, -0.487103750999957 ], [ 100.171405711, -0.487372604999962 ], [ 100.171626555, -0.487583847999927 ], [ 100.171722575, -0.487727876999946 ], [ 100.171842599, -0.48789591099996 ], [ 100.171885808, -0.488015934999961 ], [ 100.171857002, -0.48817916799994 ], [ 100.171780186, -0.488313594999972 ], [ 100.171664963, -0.488390409999966 ], [ 100.171559342, -0.488510434999968 ], [ 100.171391308, -0.488558443999983 ], [ 100.171160861, -0.488596851999947 ], [ 100.17080559, -0.488721676999946 ], [ 100.170474323, -0.488774487999932 ], [ 100.17021027, -0.488923317999939 ], [ 100.169994226, -0.489124957999934 ], [ 100.169859799, -0.489355404999971 ], [ 100.16971577, -0.489744282999943 ], [ 100.169610149, -0.490406816999959 ], [ 100.169437314, -0.490853306999962 ], [ 100.169307688, -0.491198976999955 ], [ 100.169115649, -0.491578252999947 ], [ 100.168880402, -0.492154368999941 ], [ 100.168822056, -0.492450261999976 ], [ 100.168815589, -0.492466431999965 ], [ 100.168797585, -0.492516841999928 ], [ 100.168777181, -0.492560050999946 ], [ 100.168766379, -0.492580454999945 ], [ 100.168757401, -0.49259629799997 ], [ 100.168754376, -0.492599658999961 ], [ 100.168745974, -0.49260926099993 ], [ 100.168733972, -0.492632065999945 ], [ 100.168708767, -0.492654869999971 ], [ 100.168700365, -0.492664471999952 ], [ 100.168689563, -0.492674073999982 ], [ 100.168681161, -0.492682475999976 ], [ 100.168653556, -0.492700478999956 ], [ 100.168640353, -0.492724483999951 ], [ 100.16863436, -0.492758046999945 ], [ 100.168375471, -0.492716624999963 ], [ 100.168184456, -0.492637422999961 ], [ 100.167831437, -0.492893361999957 ], [ 100.16733088, -0.493689119999944 ], [ 100.1670837, -0.49427131999995 ], [ 100.165097626, -0.495678512999982 ], [ 100.164263364, -0.496371590999959 ], [ 100.16373078, -0.49654540999996 ], [ 100.16009499, -0.495877789999957 ], [ 100.158256681, -0.495781190999936 ], [ 100.157804254, -0.495662468999969 ], [ 100.157521889, -0.495495616999958 ], [ 100.157310115, -0.49531592999995 ], [ 100.156969992, -0.495065650999953 ], [ 100.156687627, -0.49468702499997 ], [ 100.156612531, -0.494559939999933 ], [ 100.156530203, -0.494483576999937 ], [ 100.156377266, -0.494341722999937 ], [ 100.156299375, -0.494292354999976 ], [ 100.1561614, -0.494221762999925 ], [ 100.156081183, -0.494221762999925 ], [ 100.155989754, -0.494257315999964 ], [ 100.15588871, -0.494408882999955 ], [ 100.155846847, -0.494471677 ], [ 100.155845742, -0.494487697999941 ], [ 100.155845343, -0.494505665999954 ], [ 100.15589047, -0.494740327999979 ], [ 100.155996492, -0.495575248999959 ], [ 100.15618203, -0.496317401999941 ], [ 100.156367568, -0.497059553999976 ], [ 100.156394074, -0.497669178999953 ], [ 100.156420579, -0.498318562999947 ], [ 100.156341063, -0.498967945999945 ], [ 100.156076008, -0.499418538999974 ], [ 100.15574469, -0.499763108999966 ], [ 100.155426625, -0.499935394999966 ], [ 100.154976033, -0.499975152999984 ], [ 100.154538693, -0.499935394999966 ], [ 100.154074847, -0.499935394999966 ], [ 100.153425464, -0.499895636999956 ], [ 100.152603795, -0.499895636999956 ], [ 100.152113445, -0.499802867999968 ], [ 100.151464061, -0.499749856999934 ], [ 100.151013469, -0.499749856999934 ], [ 100.15048336, -0.499789614999944 ], [ 100.1503202, -0.499831354 ], [ 100.150297822, -0.499822746999936 ], [ 100.150099031, -0.499835998999971 ], [ 100.150019515, -0.499915515999927 ], [ 100.149953251, -0.500048042999939 ], [ 100.149945188, -0.500209291999969 ], [ 100.149610327, -0.500576559999959 ], [ 100.149309411, -0.500781182999962 ], [ 100.149128861, -0.500853402999953 ], [ 100.148936275, -0.500877475999973 ], [ 100.148563138, -0.500925622999946 ], [ 100.148346479, -0.501033951999949 ], [ 100.148129819, -0.501250611999983 ], [ 100.147816866, -0.501479308999936 ], [ 100.147503913, -0.501671894999963 ], [ 100.14711874, -0.501996884999925 ], [ 100.146781714, -0.502430203999949 ], [ 100.146713716, -0.502566199999938 ], [ 100.14664931, -0.502695010999969 ], [ 100.146709494, -0.502995926999972 ], [ 100.146962263, -0.50341720999995 ], [ 100.147395583, -0.503802382999948 ], [ 100.148226112, -0.504452361999938 ], [ 100.148539065, -0.504861607999939 ], [ 100.148617057, -0.505182241999938 ], [ 100.148615596, -0.505182421999971 ], [ 100.14704134, -0.505377089999977 ], [ 100.145265327, -0.505975977999927 ], [ 100.14233628, -0.506963679999959 ], [ 100.14215064, -0.507064849999944 ], [ 100.14120691, -0.508033689999932 ], [ 100.140801978, -0.508626958 ], [ 100.14057045, -0.508966169999954 ], [ 100.14024786, -0.509438799999946 ], [ 100.13879846, -0.51156234999997 ], [ 100.13799663, -0.512728639999987 ], [ 100.137072685, -0.514072555999982 ], [ 100.137056097, -0.514117794999955 ], [ 100.13700795, -0.514250198999947 ], [ 100.136935731, -0.514364546999965 ], [ 100.136785272, -0.51464138999996 ], [ 100.136670924, -0.51493628799995 ], [ 100.136466301, -0.515219148999965 ], [ 100.13596678, -0.515477936999961 ], [ 100.135575589, -0.515652468999978 ], [ 100.135021903, -0.515766816999928 ], [ 100.134498308, -0.515845054999949 ], [ 100.134101099, -0.515893201999973 ], [ 100.133691852, -0.516055696999954 ], [ 100.133360844, -0.516164026999953 ], [ 100.132975671, -0.516302447999971 ], [ 100.132578462, -0.516495034999936 ], [ 100.132319674, -0.51668160299994 ], [ 100.132274009, -0.516734292999958 ], [ 100.132163197, -0.516862151999938 ], [ 100.131840363, -0.51725726299998 ], [ 100.1320501, -0.51740002999998 ], [ 100.13332129, -0.51883011999996 ], [ 100.133894363, -0.519528799999934 ], [ 100.13528637, -0.521225909999946 ], [ 100.13588432, -0.521954919999931 ], [ 100.136546452, -0.523481500999938 ], [ 100.136557853, -0.52350778699997 ], [ 100.136589677, -0.523545504999967 ], [ 100.136631805, -0.523611705999949 ], [ 100.13668597, -0.523677907999974 ], [ 100.136725089, -0.523732072999973 ], [ 100.136767217, -0.523777209999935 ], [ 100.136833419, -0.523840402999956 ], [ 100.136878556, -0.523882530999971 ], [ 100.136950776, -0.523942713999934 ], [ 100.136968601, -0.523958213999955 ], [ 100.138494477, -0.525131333999987 ], [ 100.140600892, -0.526226668999927 ], [ 100.142141583, -0.527201637999954 ], [ 100.143128589, -0.527707177999962 ], [ 100.144079485, -0.528188643999952 ], [ 100.144243534, -0.528272620999923 ], [ 100.145090564, -0.528706219999956 ], [ 100.145704433, -0.529139539999966 ], [ 100.146391151630752, -0.529907266080912 ], [ 100.146498852, -0.530030251999966 ], [ 100.146763659, -0.53027098499997 ], [ 100.146908098, -0.530463570999927 ], [ 100.146923517, -0.530497965999928 ], [ 100.146827529, -0.530491566999956 ], [ 100.146695126, -0.530684153999979 ], [ 100.146622906, -0.531069326999962 ], [ 100.146550686, -0.531273949999961 ], [ 100.146370137, -0.531478572999968 ], [ 100.146307958, -0.531526402999925 ], [ 100.14621366, -0.531598939999987 ], [ 100.145876634, -0.53176745299994 ], [ 100.145539607, -0.53188781899997 ], [ 100.145334707, -0.531969778999956 ], [ 100.145222967, -0.532085510999933 ], [ 100.14492205, -0.532434573999985 ], [ 100.144741501, -0.532687342999972 ], [ 100.144633171, -0.532904002999943 ], [ 100.144554108, -0.53302259799995 ], [ 100.144536878, -0.533048442999935 ], [ 100.144452621, -0.533228992999968 ], [ 100.144320218, -0.533457688999936 ], [ 100.144235961, -0.533590091999939 ], [ 100.144127631, -0.533746568999959 ], [ 100.144041185, -0.533876237999958 ], [ 100.144056036, -0.534069301999981 ], [ 100.144001871, -0.53438827299994 ], [ 100.143923633, -0.534592895999937 ], [ 100.14379123, -0.534827610999969 ], [ 100.143676881, -0.535032233999977 ], [ 100.143628735, -0.535333149999935 ], [ 100.143598643, -0.535646102999979 ], [ 100.143622717, -0.535892854999928 ], [ 100.143688918, -0.536163678999966 ], [ 100.14386345, -0.536332192999973 ], [ 100.144050018, -0.536518760999977 ], [ 100.144224549, -0.536645145999965 ], [ 100.144320842, -0.536681255999958 ], [ 100.144465282, -0.536747456999942 ], [ 100.144597686, -0.536795603999962 ], [ 100.144850455, -0.536861804999942 ], [ 100.144994895, -0.536915969999943 ], [ 100.145175445, -0.537054391999966 ], [ 100.145801351, -0.537656224999984 ], [ 100.146060139, -0.537830755999951 ], [ 100.146343, -0.538083525999979 ], [ 100.146409202, -0.538185836999964 ], [ 100.146469385, -0.538300185999961 ], [ 100.146541605, -0.538456661999937 ], [ 100.14659577, -0.538637211999972 ], [ 100.146661972, -0.538908036999945 ], [ 100.146680027, -0.539082567999971 ], [ 100.146842521, -0.539401538999929 ], [ 100.146872613, -0.53963625399997 ], [ 100.146872613, -0.53982884099998 ], [ 100.146872613, -0.539991334999971 ], [ 100.14677632, -0.540214013999964 ], [ 100.146782338, -0.540761680999939 ], [ 100.14674021, -0.541110744 ], [ 100.146752247, -0.541363513999953 ], [ 100.14674021, -0.541544063999945 ], [ 100.146655953, -0.541850997999975 ], [ 100.146529568, -0.542151914999976 ], [ 100.146427257, -0.542374592999988 ], [ 100.146445312, -0.542717637999943 ], [ 100.146421239, -0.543343543999933 ], [ 100.14619856, -0.543602331999976 ], [ 100.145969864, -0.543782880999974 ], [ 100.145837461, -0.543999540999955 ], [ 100.145717094, -0.544252310999979 ], [ 100.145596728, -0.544318512999956 ], [ 100.145530526, -0.544306475999979 ], [ 100.145519408, -0.54429713699995 ], [ 100.145380068, -0.544180090999925 ], [ 100.145217573, -0.544023614999964 ], [ 100.145037023, -0.543806954999986 ], [ 100.144922675, -0.543632422999962 ], [ 100.144790272, -0.543487982999983 ], [ 100.144519447, -0.543349561999948 ], [ 100.144308806, -0.543271323999942 ], [ 100.144056036, -0.543277341999956 ], [ 100.14379123, -0.543391689999973 ], [ 100.14346624, -0.543566221999929 ], [ 100.143183379, -0.54374075299996 ], [ 100.142930609, -0.543909265999957 ], [ 100.142701912, -0.544017595999946 ], [ 100.142467198, -0.544156017999974 ], [ 100.142298685, -0.544216200999935 ], [ 100.142148226, -0.544216200999935 ], [ 100.141979713, -0.544198145999931 ], [ 100.1418112, -0.544119907999976 ], [ 100.141726944, -0.544017595999946 ], [ 100.141600559, -0.543903247999946 ], [ 100.14148621, -0.54374075299996 ], [ 100.141383899, -0.543632422999962 ], [ 100.141305661, -0.543530111999937 ], [ 100.141215386, -0.54341576299993 ], [ 100.141113074, -0.54333752499997 ], [ 100.140968634, -0.543349561999948 ], [ 100.140764011, -0.543451872999923 ], [ 100.14055337, -0.543608349999939 ], [ 100.14037282, -0.54374075299996 ], [ 100.140162179, -0.543945375999954 ], [ 100.1399395, -0.544101852999971 ], [ 100.139698767, -0.544234255999929 ], [ 100.139385814, -0.54437267699996 ], [ 100.138958513, -0.544583318999977 ], [ 100.138513157, -0.544818033999952 ], [ 100.138218259, -0.544968491999964 ], [ 100.137959471, -0.545082839999961 ], [ 100.137676609, -0.545137004999962 ], [ 100.13731551, -0.54510691299993 ], [ 100.13702663, -0.545064784999969 ], [ 100.136629421, -0.544980527999943 ], [ 100.136153973, -0.544848124999936 ], [ 100.135774818, -0.544667574999951 ], [ 100.135461865, -0.544300457999951 ], [ 100.135347517, -0.543933339999972 ], [ 100.135245205, -0.54346992799998 ], [ 100.135185022, -0.542934296999937 ], [ 100.135124839, -0.542500977999963 ], [ 100.135022527, -0.542163950999969 ], [ 100.134860032, -0.541983401999978 ], [ 100.134414676, -0.541724613999979 ], [ 100.134225471, -0.541666693999966 ], [ 100.13418898, -0.542246519999936 ], [ 100.13417402, -0.542360899999957 ], [ 100.13413832, -0.542633729999983 ], [ 100.13413293, -0.543581879999986 ], [ 100.133759165, -0.544917933999958 ], [ 100.1331207, -0.547200179999944 ], [ 100.1330811, -0.547506499999943 ], [ 100.133021140198352, -0.550257295524313 ], [ 100.13301986, -0.550340169999976 ], [ 100.13302183, -0.550360479999944 ], [ 100.13302718, -0.550374009999927 ], [ 100.13310463, -0.550570009999951 ], [ 100.13300934, -0.550554039999953 ], [ 100.13290379, -0.550559649999976 ], [ 100.13274451, -0.550544489999941 ], [ 100.13226501, -0.550504069999943 ], [ 100.13222772, -0.550500929999941 ], [ 100.13202062, -0.550421199999963 ], [ 100.1318123, -0.550412849999937 ], [ 100.13161648, -0.550412889999968 ], [ 100.13133317, -0.55041713999998 ], [ 100.13112902, -0.550417179999955 ], [ 100.1309082, -0.550421409999956 ], [ 100.1306374, -0.550480179999963 ], [ 100.13052076, -0.550631199999938 ], [ 100.13047495, -0.550702509999957 ], [ 100.13038747, -0.550799 ], [ 100.130304102, -0.550886604999961 ], [ 100.13029166, -0.550899679999929 ], [ 100.13002087, -0.551029749999952 ], [ 100.12987088, -0.550992029999983 ], [ 100.12978752, -0.550866219999933 ], [ 100.1296875, -0.550723629999935 ], [ 100.12951471, -0.550249469999931 ], [ 100.12946889, -0.550131299999983 ], [ 100.12932489, -0.549989699999972 ], [ 100.12922487, -0.549855509999929 ], [ 100.12912069, -0.549742279999981 ], [ 100.12905402, -0.549679379999935 ], [ 100.12891652, -0.549645849999937 ], [ 100.12872904, -0.549662659999976 ], [ 100.12862072, -0.549708819999981 ], [ 100.12842489, -0.549683689999942 ], [ 100.12826516, -0.549589039999949 ], [ 100.12822984, -0.549492689999975 ], [ 100.12817901, -0.549348199999945 ], [ 100.1280227, -0.549261879999962 ], [ 100.12783733, -0.54915951999993 ], [ 100.12771858, -0.549115269999965 ], [ 100.12751119, -0.549115309999933 ], [ 100.12745934, -0.549122779999949 ], [ 100.12715567, -0.549160119999955 ], [ 100.12707421, -0.549249609999944 ], [ 100.12691867, -0.549309289999945 ], [ 100.12666685, -0.549346619999943 ], [ 100.12652612, -0.54936901999997 ], [ 100.12622924, -0.549371249999984 ], [ 100.12598543, -0.54946605999994 ], [ 100.12581509, -0.549577929999939 ], [ 100.125449667, -0.549622552999954 ], [ 100.12544822, -0.549622729999957 ], [ 100.12541993, -0.549626179999958 ], [ 100.1253249, -0.549689229999955 ], [ 100.12523345, -0.54973462999993 ], [ 100.12513761, -0.549684319999924 ], [ 100.12501261, -0.549646589999958 ], [ 100.12499595, -0.549646599999968 ], [ 100.12493345, -0.549663379999974 ], [ 100.124805817, -0.54972122999994 ], [ 100.12476681, -0.549738909999974 ], [ 100.124650616, -0.549852270999969 ], [ 100.12463351, -0.549868959999972 ], [ 100.12454187, -0.549969639999981 ], [ 100.12449605, -0.550053539999971 ], [ 100.12433357, -0.550074539999977 ], [ 100.12424191, -0.55009132999994 ], [ 100.12413358, -0.550087159999977 ], [ 100.12407942, -0.550091359999963 ], [ 100.12402943, -0.550103959999941 ], [ 100.12387527, -0.550108179999946 ], [ 100.12370029, -0.550120799999944 ], [ 100.12356697, -0.550158569999963 ], [ 100.12349615, -0.550208909999981 ], [ 100.12329617, -0.550255089999947 ], [ 100.12305869, -0.55029287999997 ], [ 100.12281704, -0.550284539999955 ], [ 100.122684102, -0.550272114999927 ], [ 100.122671932, -0.550270976999971 ], [ 100.12245873, -0.550251049999931 ], [ 100.122164011062111, -0.550238516583724 ], [ 100.12212976, -0.550237059999971 ], [ 100.12210829, -0.550236149999933 ], [ 100.12201484, -0.550250559999933 ], [ 100.121911, -0.550370049999969 ], [ 100.121915828, -0.550418535999946 ], [ 100.12191956, -0.550456009999945 ], [ 100.12189215, -0.550523789999949 ], [ 100.1218505, -0.550620269999977 ], [ 100.12185885, -0.550695759999946 ], [ 100.1217672, -0.55076707999996 ], [ 100.12165472, -0.550863569999936 ], [ 100.12160474, -0.550926489999935 ], [ 100.12147698, -0.550973119999986 ], [ 100.12137699, -0.551002499999923 ], [ 100.1212895, -0.551044459999963 ], [ 100.121149836, -0.551070051999947 ], [ 100.12110619, -0.551078049999944 ], [ 100.120932406, -0.551043098999976 ], [ 100.12091869, -0.551040339999931 ], [ 100.1208312, -0.55107390999996 ], [ 100.12076494, -0.551143313999955 ], [ 100.12072707, -0.551182979999961 ], [ 100.12055627, -0.551334 ], [ 100.12047713, -0.551455649999982 ], [ 100.12038133, -0.551560529999968 ], [ 100.12030218, -0.551636039999957 ], [ 100.12027303, -0.551728319999938 ], [ 100.12018556, -0.551841579999981 ], [ 100.12010641, -0.55190450999994 ], [ 100.11982312, -0.552068139999971 ], [ 100.11961483, -0.552223369999989 ], [ 100.11954818, -0.552294689999946 ], [ 100.11949404, -0.552378579999929 ], [ 100.11945239, -0.552491839999958 ], [ 100.11941075, -0.552609279999957 ], [ 100.11933994, -0.552693179999952 ], [ 100.119281909, -0.552755049999972 ], [ 100.11927631, -0.552761019999934 ], [ 100.11926912, -0.552768689999936 ], [ 100.11915664, -0.552852599999935 ], [ 100.11891501, -0.552932339999934 ], [ 100.11867338, -0.553066599999966 ], [ 100.1185984, -0.553154699999943 ], [ 100.11856926, -0.553246969999973 ], [ 100.1185276, -0.553305699999957 ], [ 100.118479411, -0.553341571999976 ], [ 100.118414661, -0.553360929999937 ], [ 100.118083941, -0.553427073999965 ], [ 100.117612665, -0.553538691999963 ], [ 100.116988432, -0.553666845999947 ], [ 100.11654196, -0.553914884999924 ], [ 100.116211241, -0.554448170999941 ], [ 100.116037613, -0.554956651999932 ], [ 100.115901191, -0.555436195999966 ], [ 100.116037613, -0.555791718999961 ], [ 100.115938397, -0.55582065699997 ], [ 100.115777171, -0.555886800999933 ], [ 100.115359638, -0.555841326999936 ], [ 100.115016516, -0.555961212999932 ], [ 100.114981377, -0.556105902999941 ], [ 100.114973448, -0.556174888999975 ], [ 100.114940037, -0.556465560999923 ], [ 100.115016516, -0.556821083999985 ], [ 100.115091274, -0.556958795999955 ], [ 100.115084807, -0.556962157999975 ], [ 100.11507986, -0.556964729999955 ], [ 100.1149487, -0.557032909999976 ], [ 100.11480427, -0.55708326999997 ], [ 100.11449318, -0.55710569999997 ], [ 100.1142161, -0.557165979999981 ], [ 100.11400434, -0.557212049999972 ], [ 100.11344887, -0.557491779999967 ], [ 100.11311639, -0.557735239999941 ], [ 100.113085932, -0.557761609999955 ], [ 100.1126546, -0.558135049999987 ], [ 100.11216583, -0.558632869999939 ], [ 100.11199921, -0.558789489999932 ], [ 100.11186591, -0.558974059999976 ], [ 100.11166597, -0.559197799999947 ], [ 100.11151045, -0.559343229999969 ], [ 100.111414252, -0.559414462999943 ], [ 100.1113216, -0.559483069999947 ], [ 100.11128828, -0.559561369999932 ], [ 100.11119386, -0.559678829999945 ], [ 100.111151396, -0.559695938999941 ], [ 100.11108905, -0.55980478199996 ], [ 100.110988325, -0.559833246999979 ], [ 100.11088541, -0.559944920999949 ], [ 100.110721185, -0.560074110999954 ], [ 100.110535064, -0.560174835999937 ], [ 100.110392735, -0.560293077999983 ], [ 100.110307421, -0.560291875999957 ], [ 100.11028293, -0.560316539999977 ], [ 100.10992738, -0.560277459999954 ], [ 100.10977185, -0.560311039999927 ], [ 100.109708916, -0.560276273999931 ], [ 100.1094885, -0.560154509999962 ], [ 100.109419392, -0.560159465999963 ], [ 100.109407151, -0.560155739999971 ], [ 100.109346967, -0.56013768499998 ], [ 100.109271738, -0.560119629999976 ], [ 100.109178454, -0.56009555699996 ], [ 100.109079152, -0.560068473999946 ], [ 100.108961794, -0.560032363999938 ], [ 100.108841428, -0.559990235999975 ], [ 100.108754162, -0.559960143999946 ], [ 100.108606713, -0.55991199799997 ], [ 100.108486347, -0.559872878999955 ], [ 100.108390053, -0.559848804999948 ], [ 100.108254641, -0.559809685999937 ], [ 100.108152329, -0.559776584999953 ], [ 100.108037981, -0.559770566999937 ], [ 100.107773175, -0.559812694999952 ], [ 100.107655817, -0.559872878999955 ], [ 100.107523414, -0.559966162999956 ], [ 100.107436148, -0.560089537999947 ], [ 100.107397029, -0.560230968999978 ], [ 100.107276663, -0.560447628999957 ], [ 100.107183379, -0.560513829999942 ], [ 100.107066021, -0.560610123999945 ], [ 100.106870426, -0.560646233999937 ], [ 100.106683858, -0.560637205999963 ], [ 100.106571014, -0.560632299999958 ], [ 100.106545436, -0.560631187999948 ], [ 100.106443125, -0.560589059999922 ], [ 100.106280821, -0.560548104999955 ], [ 100.106121144, -0.560507811999977 ], [ 100.105970686, -0.560528875999981 ], [ 100.105829255, -0.560561976999958 ], [ 100.105741989, -0.560637205999963 ], [ 100.105675788, -0.560706416999951 ], [ 100.105621623, -0.56081173799994 ], [ 100.105531348, -0.560998305999927 ], [ 100.105501256, -0.561166818999941 ], [ 100.105480192, -0.561302230999962 ], [ 100.105483201, -0.561479771999932 ], [ 100.10555843, -0.561666339999937 ], [ 100.105624632, -0.561804761999949 ], [ 100.105676038, -0.56198182299994 ], [ 100.105538879, -0.562276256999952 ], [ 100.105210645, -0.562363627999964 ], [ 100.105042986, -0.562663525999945 ], [ 100.104922555, -0.562765065999941 ], [ 100.104862407, -0.562794646999986 ], [ 100.10484225, -0.562791766999971 ], [ 100.104736929, -0.562779730999978 ], [ 100.104634617, -0.562752647999959 ], [ 100.104585389, -0.56274408699994 ], [ 100.10453319, -0.562814179999985 ], [ 100.10434574, -0.563053289999978 ], [ 100.1042916, -0.563162349999973 ], [ 100.10419997, -0.563321749999943 ], [ 100.10395837, -0.563632179999962 ], [ 100.10387506, -0.563686719999965 ], [ 100.10348761, -0.56384617999993 ], [ 100.10317097, -0.563917539999977 ], [ 100.10312515, -0.563946909999975 ], [ 100.10307933, -0.56401822 ], [ 100.10259185, -0.56399314999994 ], [ 100.10235277, -0.564072979999942 ], [ 100.10205476, -0.564174269999967 ], [ 100.10168709, -0.564386369999966 ], [ 100.10156336, -0.564437242999932 ], [ 100.10150604, -0.56446080999996 ], [ 100.10130418, -0.564578779999985 ], [ 100.10127975, -0.564658179999983 ], [ 100.10125791, -0.564706979999925 ], [ 100.10126087, -0.564765489999964 ], [ 100.10126537, -0.564883249999984 ], [ 100.10129799, -0.56497545999997 ], [ 100.1013571, -0.565059469999941 ], [ 100.1014395, -0.565104379999989 ], [ 100.101447166, -0.565112860999933 ], [ 100.10153544, -0.565210509999932 ], [ 100.10158741, -0.565319669999957 ], [ 100.10163896, -0.565413929999976 ], [ 100.10173168, -0.565516809999963 ], [ 100.10181215, -0.56561715 ], [ 100.10187848, -0.565699859999935 ], [ 100.10192949, -0.565763459999983 ], [ 100.10198476, -0.565840379999948 ], [ 100.10201273, -0.56587929999995 ], [ 100.1020717, -0.565969019999958 ], [ 100.10201465, -0.566021679999957 ], [ 100.10192026, -0.566103159999959 ], [ 100.100906141, -0.566054866999935 ], [ 100.10089403, -0.56605428999996 ], [ 100.100379557, -0.565956110999943 ], [ 100.099887437, -0.565862197999942 ], [ 100.099873995, -0.565863130999958 ], [ 100.099691206, -0.565789373999971 ], [ 100.099637679, -0.565755594999928 ], [ 100.099115829, -0.565624965999983 ], [ 100.099049797, -0.565620248999956 ], [ 100.099021318, -0.56561821499997 ], [ 100.098993185, -0.565616204999969 ], [ 100.09898829, -0.565614899999957 ], [ 100.098982496, -0.565615135999969 ], [ 100.09892596, -0.565601489999946 ], [ 100.098303024, -0.565631630999983 ], [ 100.09826591, -0.565621039999945 ], [ 100.098054279, -0.565543946999983 ], [ 100.09762146, -0.565386279999936 ], [ 100.09729871, -0.565055969999953 ], [ 100.097183016, -0.564979716999971 ], [ 100.09682392, -0.564743039999948 ], [ 100.09681582, -0.564737709999978 ] ] ] ] } },
{ "type": "Feature", "properties": { "fid": null, "kk": null, "gid": 79078, "bstt": null, "luas": 5.2811072403335091, "bsbtt": null, "idsls": "13060500030003", "kdkab": "06", "kdkec": "050", "kdsls": "0003", "nmkab": "PADANG PARIAMAN", "nmkec": "2 X 11 ANAM LINGKUANG", "nmsls": "KORONG GANTIANG", "bstt_k": null, "kddesa": "003", "kdprov": "13", "khusus": null, "muatan": null, "nmdesa": "SUNGAI ASAM", "nmprov": "SUMATERA BARAT", "posisi": "", "rw_dki": "", "segmen": "", "sumber": "", "dom_sls": "", "periode": "2024_1", "tingkat": null, "nm_gedung": "", "wil_campur": null, "iddesa": "1306050003", "idkec": "1306050", "idkab": "1306" }, "geometry": { "type": "MultiPolygon", "coordinates": [ [ [ [ 100.27051005, -0.623840667999959 ], [ 100.270463176, -0.624025928999973 ], [ 100.270264147, -0.62481256799993 ], [ 100.270111922, -0.625257534999947 ], [ 100.27000068, -0.625714210999946 ], [ 100.269778197, -0.62617674199993 ], [ 100.269538149, -0.626645126999964 ], [ 100.269362505, -0.626984706999962 ], [ 100.269140021, -0.627435527999978 ], [ 100.268929248, -0.627845365999984 ], [ 100.268806819, -0.628063988999946 ], [ 100.26875818, -0.627930239999962 ], [ 100.26846714, -0.627736209999971 ], [ 100.26739956, -0.627020329999939 ], [ 100.26566775, -0.625859029999959 ], [ 100.26566418, -0.625843699999961 ], [ 100.2656355, -0.625720749999973 ], [ 100.26557018, -0.625318759999979 ], [ 100.265455727, -0.625033465999944 ], [ 100.265410501, -0.625021563999962 ], [ 100.265371983, -0.625019229999968 ], [ 100.264819147, -0.625197064999955 ], [ 100.264128278, -0.625390274999974 ], [ 100.26325591, -0.625653741999951 ], [ 100.262412815, -0.625923062999959 ], [ 100.261710237, -0.626151400999958 ], [ 100.261306254, -0.626268497999948 ], [ 100.260931546, -0.626379738999955 ], [ 100.260761682, -0.626435129999944 ], [ 100.260724545, -0.626430844999968 ], [ 100.260684064, -0.626414284999957 ], [ 100.260452783, -0.626213434999961 ], [ 100.259785025, -0.625460265999952 ], [ 100.259295974, -0.624786167999961 ], [ 100.259319147, -0.624773095999961 ], [ 100.259439499, -0.624625567999954 ], [ 100.259464734, -0.624359629999957 ], [ 100.259449205, -0.62420821899997 ], [ 100.259404558, -0.624068455999971 ], [ 100.259369617, -0.623940338999952 ], [ 100.259352147, -0.623843281999944 ], [ 100.259386186385498, -0.623752363150193 ], [ 100.259428418570408, -0.623655637823477 ], [ 100.25949653499768, -0.623518042640403 ], [ 100.25953195553987, -0.623327316644061 ], [ 100.2595809993675, -0.623211518717711 ], [ 100.259635492509318, -0.623026242035551 ], [ 100.259666826065839, -0.622913168766291 ], [ 100.259699521950921, -0.622824617410847 ], [ 100.259734942493097, -0.622740153041039 ], [ 100.25977581234946, -0.622642065385777 ], [ 100.259823848, -0.622546587999978 ], [ 100.259832609561244, -0.622541039036261 ], [ 100.259876624661757, -0.622428179804166 ], [ 100.259969263002844, -0.62221838120819 ], [ 100.259879349318851, -0.622030379868939 ], [ 100.259803058920312, -0.621913219614044 ], [ 100.259819406862874, -0.621749740188608 ], [ 100.259955639717404, -0.62152631830718 ], [ 100.260189960227194, -0.621430955309009 ], [ 100.260386135537715, -0.621406433395194 ], [ 100.260535991677699, -0.621463651194096 ], [ 100.260677673846402, -0.62157263747772 ], [ 100.260824805329293, -0.621638029247894 ], [ 100.261040053239498, -0.621673449790072 ], [ 100.261497795630675, -0.622022205897667 ], [ 100.261911943508451, -0.622469049660525 ], [ 100.262519542039669, -0.622937690680106 ], [ 100.263042676201053, -0.623362737186239 ], [ 100.263364866901995, -0.623592970710393 ], [ 100.263640057268148, -0.623815030263277 ], [ 100.26392191726103, -0.624047504530927 ], [ 100.264020632, -0.624012161999924 ], [ 100.264234159, -0.623851045999967 ], [ 100.264354511, -0.623740399999976 ], [ 100.264492333, -0.62360451899998 ], [ 100.264575803, -0.623522989999971 ], [ 100.26460492, -0.623462814999926 ], [ 100.264606194, -0.62335074499993 ], [ 100.264452437, -0.622959373999948 ], [ 100.264487252, -0.622750481999957 ], [ 100.264633622, -0.62243432199995 ], [ 100.26470388, -0.622153289999976 ], [ 100.264744864, -0.62194837199996 ], [ 100.264785848, -0.621708323999939 ], [ 100.264832686, -0.621433146999955 ], [ 100.264832686, -0.621245792999966 ], [ 100.264820977, -0.62109356799994 ], [ 100.264679966265064, -0.62104142969041 ], [ 100.264662896, -0.621035018999986 ], [ 100.264422849, -0.621087712999957 ], [ 100.264270623, -0.621146260999989 ], [ 100.264042285, -0.621239937999983 ], [ 100.26387835, -0.621304340999933 ], [ 100.263848793, -0.621316735999926 ], [ 100.263696851, -0.62138045399996 ], [ 100.263532916, -0.621462420999944 ], [ 100.263363126, -0.621538533999971 ], [ 100.263228465, -0.621550243999941 ], [ 100.263123078, -0.621474130999964 ], [ 100.263023546, -0.621351179999982 ], [ 100.262935724, -0.621228227999958 ], [ 100.262812773, -0.62109356799994 ], [ 100.262719096, -0.620917922999984 ], [ 100.262631273, -0.62075398799994 ], [ 100.262713241, -0.620490520999961 ], [ 100.262830337, -0.620279746999933 ], [ 100.263035256, -0.62012752199997 ], [ 100.26323432, -0.620086537999958 ], [ 100.263351416, -0.620010425999973 ], [ 100.263568045, -0.619922602999964 ], [ 100.263714415, -0.619770377999951 ], [ 100.26389006, -0.619659135999939 ], [ 100.264118398, -0.619483491999973 ], [ 100.264463833, -0.619243443999947 ], [ 100.26446456, -0.619243195999963 ], [ 100.2644792, -0.619199749999949 ], [ 100.26521643, -0.618839319999953 ], [ 100.26560003, -0.618629429999941 ], [ 100.26577373, -0.618397829999943 ], [ 100.26579524, -0.618257039999945 ], [ 100.26585334, -0.617876719999978 ], [ 100.26599085, -0.617239809999942 ], [ 100.266075399, -0.617058346999952 ], [ 100.26608583, -0.617035959999957 ], [ 100.2662876, -0.616602899999982 ], [ 100.26663748, -0.616422959999966 ], [ 100.26669015, -0.616282919999952 ], [ 100.2670112, -0.615429219999954 ], [ 100.26696069, -0.615247669999973 ], [ 100.266940629874341, -0.615165704737352 ], [ 100.26692482, -0.61514228999994 ], [ 100.26687384, -0.614992539999955 ], [ 100.26684127, -0.614867689999928 ], [ 100.26678518, -0.614788079999924 ], [ 100.26653548, -0.614628849999976 ], [ 100.26607228, -0.614308589999956 ], [ 100.26543356, -0.613874329999931 ], [ 100.26520015, -0.613716919999944 ], [ 100.26501378, -0.613595689999962 ], [ 100.265004651, -0.613587621999965 ], [ 100.264987839, -0.613578904999943 ], [ 100.264946855, -0.613546702999941 ], [ 100.264940968330492, -0.613539638956308 ], [ 100.264992168349323, -0.613464057976119 ], [ 100.26508480669041, -0.613293766907957 ], [ 100.265215590230767, -0.613066258040893 ], [ 100.265343649114001, -0.61287008273037 ], [ 100.265223764202034, -0.61275428480402 ], [ 100.265136575175134, -0.612699791662208 ], [ 100.265008516291886, -0.612694342348027 ], [ 100.264834138238086, -0.612682081391119 ], [ 100.264721064968825, -0.612654834820214 ], [ 100.264631151284831, -0.612607153321128 ], [ 100.264548049243572, -0.612549935522226 ], [ 100.264535362491927, -0.612501495197793 ], [ 100.264562061780467, -0.61236850678617 ], [ 100.264595989532708, -0.61229939469824 ], [ 100.264642405, -0.612220585999974 ], [ 100.264700953, -0.61215032799994 ], [ 100.264759501, -0.612126908999933 ], [ 100.264829759, -0.612100561999967 ], [ 100.264946855, -0.612080069999931 ], [ 100.265049315, -0.612068360999951 ], [ 100.265104935, -0.61206250599998 ], [ 100.265175193, -0.612053723999971 ], [ 100.265219104, -0.612053723999971 ], [ 100.26529229, -0.612047868999988 ], [ 100.265339128, -0.61203615899996 ], [ 100.265394749, -0.612030303999978 ], [ 100.265441588, -0.612027376999953 ], [ 100.265482571, -0.612027376999953 ], [ 100.26552941, -0.612027376999953 ], [ 100.265576249, -0.61203615899996 ], [ 100.265634797, -0.61203615899996 ], [ 100.265693345, -0.612071287999926 ], [ 100.265725546, -0.612097634999946 ], [ 100.265759792, -0.612123318999977 ], [ 100.265760074, -0.612122808999973 ], [ 100.265769458, -0.612123980999972 ], [ 100.265816296, -0.612141545999978 ], [ 100.265874844, -0.61216203799996 ], [ 100.26592461, -0.612182529999928 ], [ 100.266029997, -0.612217658999956 ], [ 100.266123674, -0.612255714999955 ], [ 100.266223206, -0.612282061999968 ], [ 100.266305174, -0.612317190999932 ], [ 100.266349085, -0.61232304499993 ], [ 100.266401778, -0.612334754999952 ], [ 100.266457399, -0.612334754999952 ], [ 100.266530584, -0.612328899999967 ], [ 100.266594987, -0.612308407999933 ], [ 100.266644753, -0.612276206999987 ], [ 100.266685737, -0.61220302199996 ], [ 100.266729648, -0.612112271999941 ], [ 100.266738431, -0.612012739999962 ], [ 100.266726721, -0.611939554999935 ], [ 100.266694519, -0.611889788999978 ], [ 100.266606697, -0.611799038999955 ], [ 100.266454472, -0.61171999899994 ], [ 100.266340303, -0.611722925999975 ], [ 100.26619686, -0.611728780999951 ], [ 100.266079763, -0.611752199999952 ], [ 100.266035106133117, -0.61176595519645 ], [ 100.265974376, -0.611784401999962 ], [ 100.265927538, -0.611799038999955 ], [ 100.265672853, -0.61171999899994 ], [ 100.265570394, -0.611673159999955 ], [ 100.265415241, -0.611611684999952 ], [ 100.265315709, -0.611573627999977 ], [ 100.265239596, -0.611570700999953 ], [ 100.265102008, -0.61159997499993 ], [ 100.265002476, -0.611614611999925 ], [ 100.264908799, -0.611635103999956 ], [ 100.264832686, -0.611652667999978 ], [ 100.264733154, -0.611670232999935 ], [ 100.26463655, -0.611684869999977 ], [ 100.264504816, -0.611717070999929 ], [ 100.264346736, -0.611717070999929 ], [ 100.264243213, -0.611707868999936 ], [ 100.26396209, -0.611606259999979 ], [ 100.263597761, -0.611397890999973 ], [ 100.263547533871886, -0.611353200975195 ], [ 100.26357294755789, -0.611278297479555 ], [ 100.26556746, -0.608421709999961 ], [ 100.26579247, -0.608069429999951 ], [ 100.265929961, -0.607854161999964 ], [ 100.265930005, -0.607854135999961 ], [ 100.265930068, -0.607854103999959 ], [ 100.265930134, -0.607854092999954 ], [ 100.265930211, -0.607854078999943 ], [ 100.265930259, -0.607854072999944 ], [ 100.265930308, -0.607854072999944 ], [ 100.265990897, -0.607884367999928 ], [ 100.266178252, -0.607983899999974 ], [ 100.266348041, -0.608071721999979 ], [ 100.266570525, -0.608168325999946 ], [ 100.266675911, -0.608223946999943 ], [ 100.266756727, -0.608247036999957 ], [ 100.26697116, -0.608347621999943 ], [ 100.267025317, -0.608375431999951 ], [ 100.267133631, -0.608406169999975 ], [ 100.267200961, -0.608436907999928 ], [ 100.267266828, -0.60846910899994 ], [ 100.267323913, -0.608493991999978 ], [ 100.267388316, -0.608534975999926 ], [ 100.267462965, -0.608555467999961 ], [ 100.267518586, -0.608584741999953 ], [ 100.267553714, -0.608597914999963 ], [ 100.267604944, -0.608621334999958 ], [ 100.267640073, -0.608638898999975 ], [ 100.26769423, -0.608663781999949 ], [ 100.267726432, -0.608672563999956 ], [ 100.267739605, -0.608662317999978 ], [ 100.267752778, -0.608640362999958 ], [ 100.267757379, -0.608631161999946 ], [ 100.267765952, -0.608614015999939 ], [ 100.267782052, -0.608590596999934 ], [ 100.26779669, -0.608556931999943 ], [ 100.26781279, -0.608518874999966 ], [ 100.267839137, -0.608472036999959 ], [ 100.267856701, -0.608438370999982 ], [ 100.267870113, -0.608411547999933 ], [ 100.267877193, -0.608397387999963 ], [ 100.267902076, -0.608349084999933 ], [ 100.267918177, -0.608313955999969 ], [ 100.267940133, -0.608280290999973 ], [ 100.267918177, -0.608267117999959 ], [ 100.267890367, -0.608255407999936 ], [ 100.267861093, -0.608242234999977 ], [ 100.267830355, -0.608229061999962 ], [ 100.267799617, -0.608210032999982 ], [ 100.267764488, -0.608193932999939 ], [ 100.267761713, -0.608192717999946 ], [ 100.267685868, -0.608150761999981 ], [ 100.267519006, -0.608042447999938 ], [ 100.267147225, -0.60785509299996 ], [ 100.266785575595861, -0.607718562203696 ], [ 100.266661274, -0.607667738999972 ], [ 100.266175161, -0.607470255999945 ], [ 100.266130975, -0.607463873999963 ], [ 100.265812004, -0.607316424999965 ], [ 100.26568261, -0.607310406999953 ], [ 100.265529142, -0.607611322999955 ], [ 100.265372666, -0.607867101999945 ], [ 100.265336556, -0.607846037999944 ], [ 100.264737732, -0.607569194999947 ], [ 100.263993633, -0.607109258999967 ], [ 100.26478781, -0.606219579999963 ], [ 100.26480766, -0.606202319999967 ], [ 100.26482854, -0.606178199999937 ], [ 100.26484792, -0.605974629999933 ], [ 100.26475566, -0.605667089999948 ], [ 100.26437416, -0.605404089999989 ], [ 100.26413894, -0.605165249999979 ], [ 100.264123156, -0.60510716399995 ], [ 100.264073405, -0.605091334999947 ], [ 100.263950454, -0.605067914999951 ], [ 100.263895622878465, -0.605048739412371 ], [ 100.263876271451537, -0.605042236556694 ], [ 100.263798229, -0.605015221999971 ], [ 100.263692842, -0.604939108999929 ], [ 100.263546472, -0.604816157999958 ], [ 100.263405956, -0.604722480999956 ], [ 100.263236166, -0.604605384999953 ], [ 100.263130779, -0.604529271999982 ], [ 100.263031247, -0.604388755999939 ], [ 100.263031247, -0.60431264399995 ], [ 100.263037102, -0.604224820999955 ], [ 100.263052206, -0.604149299999968 ], [ 100.263060521, -0.604107724999958 ], [ 100.263013683, -0.603984773999976 ], [ 100.26292586, -0.603932079999937 ], [ 100.262855603, -0.603879386999958 ], [ 100.262797054, -0.603832547999956 ], [ 100.262738506, -0.603768144999956 ], [ 100.262668248, -0.603662757999934 ], [ 100.262615555, -0.603557371999964 ], [ 100.262592136, -0.603498822999943 ], [ 100.262545297, -0.603405145999945 ], [ 100.262510168, -0.603311468999953 ], [ 100.262475039, -0.603235355999981 ], [ 100.262428201, -0.603118259999983 ], [ 100.262381362, -0.603001163999986 ], [ 100.262311104, -0.602848937999971 ], [ 100.262047637, -0.60261474499993 ], [ 100.261836864, -0.60243324599998 ], [ 100.261608526, -0.602304439999961 ], [ 100.261427026, -0.602181488999982 ], [ 100.261157704, -0.602040972999937 ], [ 100.261011334, -0.60200584399996 ], [ 100.260864963, -0.601994133999935 ], [ 100.260712738, -0.60200584399996 ], [ 100.260614552, -0.602024025999931 ], [ 100.26001079, -0.602072979999956 ], [ 100.25914376, -0.601958899999941 ], [ 100.25857334, -0.602141429999956 ], [ 100.256528087, -0.601954340999962 ], [ 100.256499812, -0.601951754999965 ], [ 100.256484349, -0.601952590999931 ], [ 100.256458019, -0.601954095999935 ], [ 100.256424918, -0.601963122999971 ], [ 100.256386551, -0.601962370999959 ], [ 100.256371117, -0.60196114599995 ], [ 100.256339157, -0.60195860899995 ], [ 100.256301542, -0.601948076999979 ], [ 100.256243616, -0.601915728999935 ], [ 100.256193965, -0.601888645999966 ], [ 100.256136038, -0.601850279999959 ], [ 100.25608957, -0.601819069999983 ], [ 100.255812253, -0.60170724799997 ], [ 100.255052619282566, -0.601501791602008 ], [ 100.25475253, -0.601332539999932 ], [ 100.254102645, -0.601039797999937 ], [ 100.252106151, -0.600376739999951 ], [ 100.251946607, -0.600315263999961 ], [ 100.251770962, -0.600249397999969 ], [ 100.251750711692168, -0.600241337152177 ], [ 100.251641431962028, -0.600456534159204 ], [ 100.251571280224979, -0.600441188466725 ], [ 100.251308211211068, -0.600340345344723 ], [ 100.251051718922497, -0.600211003079547 ], [ 100.251001116193294, -0.600000807127462 ], [ 100.250965924, -0.599993248999969 ], [ 100.250809308, -0.599968365999928 ], [ 100.250396543, -0.599882007999954 ], [ 100.249729093, -0.599659523999948 ], [ 100.248532284186098, -0.599346832216291 ], [ 100.247178874851869, -0.598995499133528 ], [ 100.246886766121932, -0.598919439969523 ], [ 100.246684586, -0.598863268999943 ], [ 100.246642062, -0.598855723999973 ], [ 100.24683208, -0.598169849999983 ], [ 100.24722387, -0.596952099999958 ], [ 100.24740334, -0.596394309999944 ], [ 100.24753122, -0.595999549999935 ], [ 100.24764008, -0.595663509999951 ], [ 100.248096997, -0.594217088999935 ], [ 100.248071786, -0.594116241999925 ], [ 100.248001528, -0.594022564999936 ], [ 100.247815954, -0.59383699099993 ], [ 100.247462884, -0.593742264999952 ], [ 100.246596371, -0.593578329999956 ], [ 100.245565922, -0.593461233999958 ], [ 100.244769666, -0.593437813999978 ], [ 100.24399683, -0.593227040999975 ], [ 100.24399683, -0.593196851999952 ], [ 100.24399683, -0.592454203999975 ], [ 100.24399683, -0.591892141999951 ], [ 100.243926572, -0.591259820999933 ], [ 100.243879734, -0.590393306999945 ], [ 100.243903153, -0.589667308999946 ], [ 100.244067088, -0.589081826999973 ], [ 100.244301281, -0.588613441999942 ], [ 100.244582312, -0.588004539999933 ], [ 100.244957021, -0.587559573999957 ], [ 100.24460225384972, -0.586805278420344 ], [ 100.243440161895037, -0.584498268283737 ], [ 100.243863781622352, -0.584154792829155 ], [ 100.244825512895176, -0.583668202601831 ], [ 100.245284891, -0.583297263999958 ], [ 100.245753276, -0.582992812999983 ], [ 100.246151404, -0.58240733099996 ], [ 100.246572951, -0.581751590999941 ], [ 100.246690048, -0.580767980999952 ], [ 100.246502694, -0.57994830599995 ], [ 100.246198243, -0.579245727999929 ], [ 100.246057727, -0.578543148999936 ], [ 100.246268501, -0.577770312999981 ], [ 100.246360234, -0.577294968999984 ], [ 100.246358229, -0.57728344399994 ], [ 100.24634652, -0.577261488999965 ], [ 100.24633481, -0.577239532999955 ], [ 100.246334044, -0.577238689999954 ], [ 100.245349128, -0.576772275999938 ], [ 100.245537091, -0.57647255199993 ], [ 100.246391895, -0.575769973 ], [ 100.247012506, -0.575336715999928 ], [ 100.247890729, -0.574575589999949 ], [ 100.248710404, -0.573849591999934 ], [ 100.249752562, -0.573053335999932 ], [ 100.249669701934266, -0.572731139331831 ], [ 100.249874031769323, -0.572334045501439 ], [ 100.250062940484753, -0.571855990793005 ], [ 100.250294865, -0.571648910999962 ], [ 100.250706772229179, -0.571389501924292 ], [ 100.251867211481098, -0.571543713120561 ], [ 100.252379963708691, -0.571667082077576 ], [ 100.252539457, -0.571741855999967 ], [ 100.253640163, -0.571706726999937 ], [ 100.254120259, -0.571542791999953 ], [ 100.254799418, -0.57120321299993 ], [ 100.255595674, -0.570676278999942 ], [ 100.256075769, -0.570266440999954 ], [ 100.256333381, -0.569973699999934 ], [ 100.256462551765239, -0.569804384044779 ], [ 100.256637832, -0.569575571999966 ], [ 100.256874114, -0.569235326999951 ], [ 100.25985481, -0.571107499999933 ], [ 100.262152610953564, -0.57360544890797 ], [ 100.26227767, -0.573741039999966 ], [ 100.26230739, -0.573773349999955 ], [ 100.26231632, -0.573739309999954 ], [ 100.26246996, -0.573056469999933 ], [ 100.26251626, -0.572850689999944 ], [ 100.26251867, -0.572839959999958 ], [ 100.26305878, -0.570439489999957 ], [ 100.26312242, -0.56965755999994 ], [ 100.263123541, -0.569643781999962 ], [ 100.26334751, -0.566892189999982 ], [ 100.263403439560207, -0.566416297788751 ], [ 100.263111102580851, -0.566145057292437 ], [ 100.262719310752843, -0.565909982195632 ], [ 100.262267243258989, -0.565563397117009 ], [ 100.261965864929749, -0.565156536372539 ], [ 100.261941754663411, -0.564589945113572 ], [ 100.262092443828024, -0.56416801545264 ], [ 100.26239382215725, -0.563628548243305 ], [ 100.263020689082069, -0.563143329133233 ], [ 100.263234422474909, -0.56310446851635 ], [ 100.263484811709077, -0.563058943201046 ], [ 100.263830301611549, -0.562929347642473 ], [ 100.26425496, -0.559921339999958 ], [ 100.26484957, -0.558672669999971 ], [ 100.26520261, -0.55793128999994 ], [ 100.265568226014238, -0.557164226198693 ], [ 100.26558455895406, -0.557126779946419 ], [ 100.266037791, -0.556742749999958 ], [ 100.26670837, -0.556170739999977 ], [ 100.2671504, -0.55579367999997 ], [ 100.26718461, -0.555762499999957 ], [ 100.26796355, -0.555052589999953 ], [ 100.268474, -0.55465848999996 ], [ 100.26853181, -0.55461385999997 ], [ 100.26858504, -0.554572759999933 ], [ 100.2689115, -0.554320719999965 ], [ 100.26903219, -0.554227529999937 ], [ 100.26903356, -0.554226479999961 ], [ 100.26907016, -0.554198219999938 ], [ 100.26907845, -0.554191819999974 ], [ 100.26936339, -0.553971829999963 ], [ 100.27018683, -0.55329248999994 ], [ 100.27046989, -0.553143239999938 ], [ 100.27091248, -0.552885919999933 ], [ 100.27129332, -0.552659469999977 ], [ 100.27198295, -0.552186 ], [ 100.27224028, -0.551825739999975 ], [ 100.27225197, -0.551819699999961 ], [ 100.275714179046133, -0.554614674818241 ], [ 100.275721574095158, -0.554620643525687 ], [ 100.2757221883233, -0.554621041245113 ], [ 100.276475924, -0.555229495999931 ], [ 100.276661428, -0.555079790999969 ], [ 100.276955097, -0.554835066999943 ], [ 100.277119729, -0.554643737999923 ], [ 100.277271013, -0.554581443999955 ], [ 100.277524636, -0.554576994999943 ], [ 100.27767147, -0.554639287999983 ], [ 100.27777381, -0.554697131999945 ], [ 100.277853901, -0.554759425999978 ], [ 100.277916194, -0.554817268999965 ], [ 100.277996286, -0.554884011999948 ], [ 100.278098625, -0.554955204999947 ], [ 100.278205414, -0.555008598999967 ], [ 100.278312202, -0.555035295999979 ], [ 100.278405642, -0.555048644999945 ], [ 100.278450138, -0.555053093999958 ], [ 100.27852133, -0.555017497999926 ], [ 100.278605871, -0.554897360999973 ], [ 100.278628119, -0.554723828999955 ], [ 100.278672614, -0.554523600999968 ], [ 100.278770504, -0.554323371999941 ], [ 100.278908439, -0.554180986999939 ], [ 100.279033026, -0.554114243999956 ], [ 100.279135365, -0.554078647999977 ], [ 100.279268851, -0.553980757999961 ], [ 100.279433483, -0.553882868999953 ], [ 100.279575868, -0.553873969999938 ], [ 100.279776097, -0.553776079999988 ], [ 100.279918482, -0.553647043999949 ], [ 100.280051967, -0.553451264999977 ], [ 100.280207701, -0.553215439999983 ], [ 100.280318939, -0.553108650999948 ], [ 100.280443526, -0.553019659999966 ], [ 100.280643755, -0.552877275999946 ], [ 100.280772791, -0.552774935999936 ], [ 100.280959671, -0.552685945999947 ], [ 100.281222193, -0.552672596999974 ], [ 100.281324532, -0.552788284999966 ], [ 100.281364578, -0.552912871999989 ], [ 100.281328982, -0.55306860499997 ], [ 100.281306734, -0.553175393999943 ], [ 100.281355679, -0.553295530999949 ], [ 100.281493614, -0.553451264999977 ], [ 100.281640449, -0.55356250299997 ], [ 100.281778384, -0.553651492999962 ], [ 100.282112099, -0.553771629999979 ], [ 100.282330125, -0.553820574999974 ], [ 100.282454712, -0.553842822999967 ], [ 100.282793509415242, -0.554021632688144 ], [ 100.282935261, -0.554096445999965 ], [ 100.283028701, -0.554247729999939 ], [ 100.283113242, -0.55439456399995 ], [ 100.283184435, -0.554545847999974 ], [ 100.283264526, -0.554710480999971 ], [ 100.283353517, -0.554901809999939 ], [ 100.283442507, -0.555115387999942 ], [ 100.283469204, -0.555293368999971 ], [ 100.283482553, -0.555449101999959 ], [ 100.283504801, -0.555644880999977 ], [ 100.283491452, -0.555800614999956 ], [ 100.283446957, -0.555965246999964 ], [ 100.283424709, -0.55612098099994 ], [ 100.283351667, -0.556486189999933 ], [ 100.282927397, -0.556744192999933 ], [ 100.281880786, -0.55726269699994 ], [ 100.281199048, -0.557646774999967 ], [ 100.280824573, -0.557915628999988 ], [ 100.280680544, -0.55821328899998 ], [ 100.280757359, -0.558597365999956 ], [ 100.280853379, -0.558818210999959 ], [ 100.280978204, -0.559135074999981 ], [ 100.281141437, -0.559346316999945 ], [ 100.281295068, -0.559480743999931 ], [ 100.28155432, -0.559624772999942 ], [ 100.281611951007562, -0.559651763250504 ], [ 100.281640612871399, -0.559664738553727 ], [ 100.281643138, -0.559684784999947 ], [ 100.281683946, -0.559701588999931 ], [ 100.281731956, -0.55972319299997 ], [ 100.281784767, -0.559727993999958 ], [ 100.28185198, -0.559737595999941 ], [ 100.281910203, -0.559745358999972 ], [ 100.28302049, -0.560172779999968 ], [ 100.283468471362326, -0.560344893922858 ], [ 100.2839184, -0.560607079999958 ], [ 100.283937191269999, -0.560618002749182 ], [ 100.283938282969615, -0.560619107086267 ], [ 100.28420154, -0.560771659999942 ], [ 100.28446839, -0.560972769999983 ], [ 100.28551019, -0.561582609999961 ], [ 100.28561577, -0.56165802999993 ], [ 100.28563228, -0.561669819999963 ], [ 100.28652481, -0.562497829999939 ], [ 100.286621358, -0.562598060999957 ], [ 100.2866653, -0.562643679999956 ], [ 100.28699887, -0.562989989999952 ], [ 100.2876394, -0.563616039999943 ], [ 100.28811708, -0.564310849999971 ], [ 100.28863637, -0.564999469999979 ], [ 100.28878294, -0.56519382999995 ], [ 100.28879954, -0.565205599999965 ], [ 100.28992648, -0.56600443999998 ], [ 100.29156218, -0.566771629999958 ], [ 100.29300969, -0.567365109999977 ], [ 100.29418218, -0.567871739999935 ], [ 100.294965665783593, -0.568449041940684 ], [ 100.2952823, -0.568682349999964 ], [ 100.29537243, -0.568744699999972 ], [ 100.296372933, -0.569436848999941 ], [ 100.29646724, -0.569502089999963 ], [ 100.29938821, -0.571522799999979 ], [ 100.30181061, -0.573198609999963 ], [ 100.30714667, -0.578884579999964 ], [ 100.3088745, -0.580725709999976 ], [ 100.31622789, -0.591987399999942 ], [ 100.31767288, -0.594439489999958 ], [ 100.31825334, -0.594478189999967 ], [ 100.32052055, -0.594508419999962 ], [ 100.321400637997328, -0.595732019721327 ], [ 100.32192383, -0.596473029999974 ], [ 100.32336011, -0.601845779999966 ], [ 100.322537313, -0.604870781999973 ], [ 100.32207604, -0.605293615999923 ], [ 100.321546427, -0.606256547999974 ], [ 100.321450134, -0.60755650699998 ], [ 100.321546427, -0.608663878999948 ], [ 100.321623643, -0.609667689999989 ], [ 100.32164272, -0.609915690999968 ], [ 100.321678197, -0.61055426699994 ], [ 100.321450134, -0.610782329999955 ], [ 100.320766504, -0.611252324999963 ], [ 100.320147224, -0.612438403999935 ], [ 100.318870873, -0.614077753999942 ], [ 100.312980923, -0.616536778999943 ], [ 100.312290054, -0.616642164999969 ], [ 100.311517218, -0.61671242299997 ], [ 100.310521898, -0.616759261999957 ], [ 100.309901287, -0.61671242299997 ], [ 100.30946803, -0.616630455999937 ], [ 100.308824, -0.616489939999957 ], [ 100.308273647, -0.616220617999947 ], [ 100.307641326, -0.616021553999939 ], [ 100.307055844, -0.615810780999936 ], [ 100.306306427, -0.615494619999938 ], [ 100.30555701, -0.615084782999936 ], [ 100.304503142, -0.614487590999943 ], [ 100.303074565, -0.61399578599998 ], [ 100.301681118, -0.613855269999937 ], [ 100.300393057, -0.613691334999945 ], [ 100.298812256, -0.613539109999981 ], [ 100.297453937, -0.613398593999942 ], [ 100.296142457, -0.613199529999982 ], [ 100.294561655, -0.612906788999965 ], [ 100.292956027, -0.612420096999926 ], [ 100.292901422, -0.612274484999945 ], [ 100.292820813, -0.612008474999929 ], [ 100.292595108, -0.611798891999972 ], [ 100.292256551, -0.611669917999963 ], [ 100.291676166, -0.611492577999977 ], [ 100.291119965, -0.611291055999971 ], [ 100.290926161524226, -0.611202097124417 ], [ 100.29062825, -0.611065351 ], [ 100.290184901, -0.610920254999944 ], [ 100.289757673, -0.610767097999947 ], [ 100.289451359, -0.610573635999977 ], [ 100.289265959, -0.610517209999965 ], [ 100.289088619, -0.610565574999963 ], [ 100.288951584, -0.610638122999942 ], [ 100.288613026, -0.610565574999963 ], [ 100.28810519, -0.610460783999941 ], [ 100.287710206, -0.610476904999928 ], [ 100.287484501, -0.610613940999952 ], [ 100.287321022, -0.610678471999962 ], [ 100.28719629, -0.610627799999988 ], [ 100.28704584, -0.610590883999982 ], [ 100.286855752, -0.610444661999967 ], [ 100.286742899, -0.610098042999936 ], [ 100.286702595, -0.609622450999953 ], [ 100.286759021, -0.609259709999952 ], [ 100.286815447, -0.608888908999981 ], [ 100.286702595, -0.608751873999954 ], [ 100.286509133, -0.608711569999972 ], [ 100.286154454, -0.608929213999953 ], [ 100.285009807, -0.608832482999965 ], [ 100.284745294, -0.60888169499998 ], [ 100.284725556, -0.608877208999966 ], [ 100.284581309, -0.60884173799997 ], [ 100.284534961, -0.609125481999973 ], [ 100.284526492, -0.609237279999939 ], [ 100.284473798, -0.609532948999975 ], [ 100.284438669, -0.609846181999958 ], [ 100.284377194, -0.610191615999956 ], [ 100.284301081, -0.610762460999977 ], [ 100.284224968, -0.611216209999958 ], [ 100.284175202, -0.611523587999956 ], [ 100.284163493, -0.611567498999937 ], [ 100.284119582, -0.611570425999959 ], [ 100.28400834, -0.611541151999973 ], [ 100.283791712, -0.611526515 ], [ 100.283449205, -0.611520659999936 ], [ 100.283048149, -0.611582135999934 ], [ 100.282588546, -0.611751925999954 ], [ 100.282149434, -0.612606729999932 ], [ 100.282114305, -0.612946308999943 ], [ 100.282020628, -0.613262469999944 ], [ 100.281727887, -0.613426404999928 ], [ 100.28159122, -0.613438118999967 ], [ 100.28131805, -0.613461533999951 ], [ 100.280861374, -0.613438113999968 ], [ 100.280439826, -0.613332727999935 ], [ 100.279936312, -0.613227340999981 ], [ 100.279631861, -0.61315708299998 ], [ 100.279517367, -0.613123939999986 ], [ 100.279491345, -0.61311024399993 ], [ 100.279448898, -0.613089751999962 ], [ 100.279425479, -0.613070723999961 ], [ 100.279400596, -0.613054623999972 ], [ 100.279375713, -0.613037058999964 ], [ 100.279334729, -0.613019494999947 ], [ 100.279289354, -0.613013639999961 ], [ 100.279238124, -0.613004857999954 ], [ 100.279201532, -0.613004857999954 ], [ 100.279159084, -0.613010711999947 ], [ 100.279123955, -0.613015103999943 ], [ 100.279103463, -0.613019831999968 ], [ 100.279085899, -0.613023885999955 ], [ 100.279041988, -0.613037058999964 ], [ 100.279035142, -0.613041308999925 ], [ 100.279005395, -0.613050231999981 ], [ 100.278992792, -0.613057528999951 ], [ 100.278894154, -0.613114634999933 ], [ 100.278777057, -0.613266860999949 ], [ 100.278689235, -0.613413230999931 ], [ 100.278630687, -0.613553746999977 ], [ 100.278396494, -0.613840632999941 ], [ 100.278033495, -0.614268034999952 ], [ 100.277729044, -0.614607614999956 ], [ 100.277301642, -0.615046725999945 ], [ 100.275931614, -0.616686075999955 ], [ 100.27558618, -0.617095913999949 ], [ 100.275494756702201, -0.617217514524551 ], [ 100.275094375, -0.617745798999982 ], [ 100.274549876, -0.618395683999957 ], [ 100.272260641, -0.620561967999958 ], [ 100.271903497, -0.620930821999934 ], [ 100.271864081, -0.62098388199997 ], [ 100.271751272, -0.621135740999928 ], [ 100.271558063, -0.621358223999955 ], [ 100.271326751163372, -0.621708912526644 ], [ 100.271259467, -0.621814899999955 ], [ 100.270937452, -0.62258773599996 ], [ 100.270750097, -0.623208346999947 ], [ 100.27051005, -0.623840667999959 ] ] ] ] } },
{ "type": "Feature", "properties": { "fid": null, "kk": null, "gid": 79304, "bstt": null, "luas": 0.59450307042033601, "bsbtt": null, "idsls": "13060710040003", "kdkab": "06", "kdkec": "071", "kdsls": "0003", "nmkab": "PADANG PARIAMAN", "nmkec": "V KOTO TIMUR", "nmsls": "KORONG KOLAM JANIAH", "bstt_k": null, "kddesa": "004", "kdprov": "13", "khusus": null, "muatan": null, "nmdesa": "KUDU GANTIANG BARAT", "nmprov": "SUMATERA BARAT", "posisi": "", "rw_dki": "", "segmen": "", "sumber": "", "dom_sls": "", "periode": "2024_1", "tingkat": null, "nm_gedung": "", "wil_campur": null, "iddesa": "1306071004", "idkec": "1306071", "idkab": "1306" }, "geometry": { "type": "MultiPolygon", "coordinates": [ [ [ [ 100.15290175, -0.56630449999995 ], [ 100.15290671, -0.566321859999965 ], [ 100.15300983, -0.566380450999937 ], [ 100.15308887, -0.566488764999979 ], [ 100.15316791, -0.566597078999967 ], [ 100.153232313, -0.56676979599997 ], [ 100.153285299877936, -0.567028247199965 ], [ 100.153317208, -0.567144504999935 ], [ 100.153451869, -0.567551414999973 ], [ 100.153510417, -0.567832445999954 ], [ 100.15356311, -0.568230573999924 ], [ 100.153551401, -0.56848233099993 ], [ 100.153522127, -0.568780926999979 ], [ 100.153498707, -0.569114651999947 ], [ 100.153488955, -0.56936333399995 ], [ 100.153484229, -0.569376837999931 ], [ 100.153475631, -0.569394032999985 ], [ 100.15346381, -0.569404779999961 ], [ 100.153456287, -0.569409078999974 ], [ 100.15344339, -0.569413377999978 ], [ 100.153440994, -0.569414304999956 ], [ 100.15301874, -0.569424011999962 ], [ 100.152994786, -0.569424562999928 ], [ 100.152468259, -0.569436666999936 ], [ 100.151859357, -0.569448376999959 ], [ 100.151238746, -0.569542053999953 ], [ 100.150735232, -0.569811375999966 ], [ 100.150618135, -0.570057277999985 ], [ 100.15047762, -0.570385147999964 ], [ 100.150407362, -0.570736437999925 ], [ 100.150358601, -0.570874593999973 ], [ 100.150395538, -0.571029727999927 ], [ 100.150481514, -0.571330644999938 ], [ 100.150533099, -0.57161436599995 ], [ 100.150464318, -0.572095831999948 ], [ 100.150257976, -0.572336564999951 ], [ 100.150051633, -0.572517114999926 ], [ 100.149853888, -0.572499919999931 ], [ 100.149664741, -0.572405345999923 ], [ 100.149626282, -0.572354066999936 ], [ 100.149617454, -0.572350535999933 ], [ 100.149609931, -0.572348386999983 ], [ 100.149597035, -0.572349461999976 ], [ 100.149583063, -0.572352685999942 ], [ 100.149573267, -0.572357583999981 ], [ 100.149341784, -0.572691947999942 ], [ 100.149049043, -0.573019817999989 ], [ 100.148709464, -0.57333597799994 ], [ 100.148475271, -0.573581880999939 ], [ 100.148346465, -0.573827782999955 ], [ 100.148229368, -0.574050265999982 ], [ 100.147960046, -0.57424932999993 ], [ 100.147550209, -0.574553780999966 ], [ 100.14751508, -0.574905069999947 ], [ 100.14751508, -0.575110828999935 ], [ 100.14743759, -0.575065689999975 ], [ 100.14712649, -0.575043379999961 ], [ 100.14698761, -0.575009859999966 ], [ 100.1466613, -0.574875709999959 ], [ 100.14641816, -0.574818179999964 ], [ 100.14635428, -0.574803069999977 ], [ 100.14620427, -0.574724809999973 ], [ 100.14605984, -0.574719239999978 ], [ 100.14588383, -0.574683039999966 ], [ 100.1456675, -0.574642879999941 ], [ 100.145591265, -0.574501205999975 ], [ 100.14554868, -0.574422065999952 ], [ 100.14554314, -0.574411769999931 ], [ 100.14550978, -0.574255189999972 ], [ 100.14537641, -0.573992379999942 ], [ 100.145355038, -0.573852777999954 ], [ 100.145320942, -0.573772864999973 ], [ 100.145201468, -0.573336243999961 ], [ 100.14517628, -0.57330455999995 ], [ 100.1450707, -0.573136809999943 ], [ 100.14497621, -0.572901959999973 ], [ 100.1449307, -0.572745539999978 ], [ 100.14490951, -0.572672679999931 ], [ 100.14489634, -0.572635779999933 ], [ 100.144839581, -0.572476713999949 ], [ 100.144806895, -0.572442267999978 ], [ 100.144546342, -0.572273508999963 ], [ 100.144543333, -0.572271559999934 ], [ 100.144499063, -0.572248139999941 ], [ 100.144303217, -0.572162881999931 ], [ 100.143821484, -0.571926331999973 ], [ 100.143454521, -0.571712642999961 ], [ 100.142040833, -0.570889429999971 ], [ 100.142035, -0.57088329999994 ], [ 100.142032175, -0.570881516999984 ], [ 100.14197593, -0.570846021999953 ], [ 100.141791107, -0.570729383999947 ], [ 100.14178267, -0.570724059999972 ], [ 100.14158266, -0.57058883999998 ], [ 100.1415547, -0.570576129999953 ], [ 100.141503143, -0.570552705999946 ], [ 100.141450704, -0.570520134999928 ], [ 100.14123157, -0.570359436999982 ], [ 100.141228265, -0.570357783999953 ], [ 100.141204881, -0.570346092999951 ], [ 100.141155943, -0.570340296999984 ], [ 100.141107473810308, -0.570321052046424 ], [ 100.141039934, -0.570294234999952 ], [ 100.140973957, -0.570248337999946 ], [ 100.140910425, -0.570185802999957 ], [ 100.140806271, -0.570150515999959 ], [ 100.140799087, -0.570151798999973 ], [ 100.140672572, -0.570139936999964 ], [ 100.140657187, -0.570136650999937 ], [ 100.140387879, -0.570078762999974 ], [ 100.14019514, -0.570016599999981 ], [ 100.140104221, -0.570002352999955 ], [ 100.139735011, -0.569944498999972 ], [ 100.1393405, -0.56988267999998 ], [ 100.13902104, -0.569827599999946 ], [ 100.13901489, -0.569826539999961 ], [ 100.13858838, -0.569859349999948 ], [ 100.13849504, -0.569866529999957 ], [ 100.138473249, -0.569868206999959 ], [ 100.13842865, -0.569871639999982 ], [ 100.13811298, -0.570006919999974 ], [ 100.137604, -0.570388089999941 ], [ 100.1375123, -0.570442029999929 ], [ 100.13731229, -0.570706399999955 ], [ 100.13688726, -0.571268229999935 ], [ 100.13685169, -0.571324529999972 ], [ 100.13682736, -0.571353539999965 ], [ 100.13677975, -0.571410339999942 ], [ 100.13676135, -0.571432289999968 ], [ 100.13670225, -0.57150276999994 ], [ 100.13639894, -0.571864559999944 ], [ 100.13629834, -0.57196661999996 ], [ 100.13624277, -0.572022979999934 ], [ 100.13614924, -0.572117869999949 ], [ 100.13595744, -0.572197489999958 ], [ 100.13582355, -0.572226439999964 ], [ 100.1357326, -0.572202789999951 ], [ 100.13564261, -0.572179389999981 ], [ 100.13547252, -0.572128729999981 ], [ 100.13529808, -0.572083109999938 ], [ 100.1352373, -0.572067209999952 ], [ 100.135210271, -0.572063270999935 ], [ 100.135210313, -0.572063103999935 ], [ 100.13525542, -0.571887689999928 ], [ 100.135127531, -0.571577103999973 ], [ 100.135066618, -0.571429172999959 ], [ 100.13503986, -0.571364189999943 ], [ 100.13503333, -0.571214106999954 ], [ 100.13503397, -0.571210619999936 ], [ 100.135073243, -0.571121738999983 ], [ 100.135077377, -0.571012187999941 ], [ 100.135100114, -0.570906771999946 ], [ 100.135087712, -0.570778617999969 ], [ 100.135047779, -0.570710343999965 ], [ 100.135025702, -0.570617391999983 ], [ 100.134983188, -0.570573931999943 ], [ 100.134968058, -0.570440784999966 ], [ 100.134967911, -0.570440297999935 ], [ 100.134953358, -0.570392088999942 ], [ 100.134926487, -0.570305274999958 ], [ 100.13486241, -0.570228795999981 ], [ 100.134763194, -0.570195723999979 ], [ 100.134688782, -0.570206058999933 ], [ 100.134610936, -0.570196526999953 ], [ 100.134610236, -0.570189522999955 ], [ 100.134597834, -0.570084105999971 ], [ 100.134570963, -0.569918746999985 ], [ 100.13451102, -0.569796793999958 ], [ 100.134463479, -0.569714113999969 ], [ 100.134421199, -0.569701492999976 ], [ 100.134224217, -0.569549279999934 ], [ 100.13422164, -0.569542552999966 ], [ 100.134188568, -0.569484676999932 ], [ 100.134161697, -0.56944747099994 ], [ 100.13413896, -0.569399929999971 ], [ 100.134103821, -0.569348254999967 ], [ 100.134114156, -0.569302780999979 ], [ 100.134122424, -0.569271775999934 ], [ 100.134190635, -0.569224234999983 ], [ 100.134331191, -0.569145688999931 ], [ 100.134287784, -0.569067142999932 ], [ 100.134231975, -0.568974127999979 ], [ 100.134116223, -0.568874912999947 ], [ 100.134060414, -0.568829438999958 ], [ 100.133995425, -0.568817969999943 ], [ 100.13388773, -0.56852280999994 ], [ 100.133790683, -0.568256831999982 ], [ 100.133799973, -0.568219673999982 ], [ 100.133835112, -0.568128725999945 ], [ 100.133814442, -0.568008839999955 ], [ 100.133833045, -0.567868283999931 ], [ 100.133823174, -0.567860222999964 ], [ 100.133709025, -0.567767001999926 ], [ 100.133510593, -0.567725661999929 ], [ 100.133248712, -0.567642806999971 ], [ 100.133223133, -0.567645499999969 ], [ 100.133188141, -0.567649182999966 ], [ 100.133117863, -0.56764091499997 ], [ 100.133012446, -0.567622311999974 ], [ 100.132909097, -0.567585105999975 ], [ 100.132814015, -0.567516894999923 ], [ 100.132760273, -0.567444549999949 ], [ 100.132710665, -0.567386673999981 ], [ 100.132665191, -0.567283323999966 ], [ 100.13264183, -0.567206054999932 ], [ 100.13247527, -0.56711415999996 ], [ 100.132374287, -0.567058446999964 ], [ 100.132318768, -0.567027816999942 ], [ 100.132290459, -0.567012197999935 ], [ 100.132231121, -0.566884392999962 ], [ 100.132119503, -0.56669216299997 ], [ 100.132088498, -0.566572276999981 ], [ 100.132105034, -0.566371777999967 ], [ 100.132150508, -0.566249824999937 ], [ 100.132263447, -0.566040081999975 ], [ 100.13231823, -0.565970889999958 ], [ 100.132345896, -0.565896183999949 ], [ 100.132348826, -0.565888272999928 ], [ 100.13235089, -0.56588269999998 ], [ 100.13241393, -0.565895909999947 ], [ 100.13260243, -0.565821559999969 ], [ 100.13269892, -0.565671399999927 ], [ 100.1327331, -0.565606809999966 ], [ 100.13278204, -0.565514309999976 ], [ 100.132745827, -0.565357188999936 ], [ 100.13261765, -0.56513881399996 ], [ 100.132516367, -0.565000324999971 ], [ 100.132351947, -0.564737251999936 ], [ 100.132291064, -0.564706810999961 ], [ 100.13218358, -0.564504244999961 ], [ 100.13201822, -0.564359554999951 ], [ 100.131898335, -0.56425207099994 ], [ 100.131835993, -0.564130668999962 ], [ 100.131819789, -0.564099113999926 ], [ 100.131701292, -0.564020820999938 ], [ 100.13168357, -0.56400911199996 ], [ 100.131588285, -0.563946155999931 ], [ 100.131555213, -0.563871743999925 ], [ 100.131468862, -0.56375085199994 ], [ 100.131431193, -0.563698115999957 ], [ 100.131403279, -0.563668871999934 ], [ 100.131257565, -0.563516219999938 ], [ 100.131242723, -0.563443657999927 ], [ 100.131220359, -0.563334323999933 ], [ 100.131261699, -0.563251643999934 ], [ 100.131282369, -0.56314829499997 ], [ 100.131258344, -0.56305486399998 ], [ 100.131245163, -0.563003604999958 ], [ 100.131246643, -0.562974011999923 ], [ 100.131253431, -0.562838244999966 ], [ 100.131567615, -0.562689420999963 ], [ 100.131797384, -0.562614819999969 ], [ 100.131885933, -0.562586070999943 ], [ 100.13218358, -0.562557132999933 ], [ 100.13230667, -0.562586094999979 ], [ 100.13232779, -0.562562439999966 ], [ 100.13239314, -0.562550559999984 ], [ 100.13240741, -0.562547969999972 ], [ 100.132433609, -0.562553582999962 ], [ 100.1324834, -0.562564249999988 ], [ 100.132491596, -0.56256530099996 ], [ 100.13255397, -0.562573299999948 ], [ 100.132592334, -0.562569701999966 ], [ 100.13261187, -0.562567869999966 ], [ 100.13264625, -0.562528059999986 ], [ 100.13275119, -0.562464729999933 ], [ 100.132847426, -0.562441498999933 ], [ 100.132862589, -0.562434146999982 ], [ 100.133069289, -0.562539563999973 ], [ 100.133263587, -0.562698721999934 ], [ 100.133488889, -0.562919890999989 ], [ 100.133714192, -0.563153461999952 ], [ 100.133932841, -0.563330642999974 ], [ 100.133990465, -0.563273018999956 ], [ 100.133997371, -0.563258878999938 ], [ 100.134117257, -0.563184466999926 ], [ 100.13428055, -0.563070781999962 ], [ 100.134400436, -0.562944694999942 ], [ 100.134447058, -0.562902871999933 ], [ 100.134540991, -0.562818607999936 ], [ 100.134680347, -0.562712507999955 ], [ 100.13470079, -0.562682229999955 ], [ 100.134709514, -0.562660760999963 ], [ 100.134882376, -0.562466290999962 ], [ 100.135063981, -0.562100408999934 ], [ 100.135192518, -0.561909983999955 ], [ 100.135324609, -0.561800712999967 ], [ 100.135440136, -0.561634218999936 ], [ 100.13553315, -0.561241488999944 ], [ 100.13557449, -0.561007917999979 ], [ 100.13561583, -0.560894232999951 ], [ 100.135762587, -0.560772279999984 ], [ 100.135805907, -0.560735061999941 ], [ 100.135839474, -0.560706222999958 ], [ 100.135953411, -0.560647205999942 ], [ 100.136041709, -0.560557730999968 ], [ 100.136054034, -0.560507704999974 ], [ 100.136109843, -0.560441560999957 ], [ 100.136146533, -0.560419674999947 ], [ 100.13615056, -0.560408319999975 ], [ 100.136249186, -0.560291465999976 ], [ 100.136257227, -0.560281938999939 ], [ 100.13635259, -0.560168949999936 ], [ 100.13623694, -0.560081667999966 ], [ 100.13597215, -0.559881829999933 ], [ 100.13580702, -0.559790709999961 ], [ 100.13560362, -0.559678469999945 ], [ 100.13471192, -0.558769189999962 ], [ 100.13418878, -0.55818292999993 ], [ 100.134027102, -0.557947452999949 ], [ 100.13373695, -0.55752485999995 ], [ 100.133610606, -0.557420647999945 ], [ 100.133021231, -0.556934515999958 ], [ 100.132796445, -0.556847050999983 ], [ 100.132479054, -0.556639525999969 ], [ 100.132472648, -0.556632120999951 ], [ 100.132227226, -0.556348421999931 ], [ 100.132214853, -0.556334118999936 ], [ 100.131991439, -0.556184322999965 ], [ 100.131955042, -0.556159918999925 ], [ 100.131861017, -0.55613800099997 ], [ 100.131860733, -0.556138380999931 ], [ 100.131860724, -0.556137931999957 ], [ 100.131860351, -0.556120058999971 ], [ 100.131909419, -0.555984829999948 ], [ 100.131921418, -0.555756840999947 ], [ 100.131905554, -0.55550747199994 ], [ 100.131867717, -0.554912728999965 ], [ 100.131923526, -0.554755636999968 ], [ 100.131985186, -0.554673423999934 ], [ 100.131986569, -0.554657970999936 ], [ 100.132025245, -0.55457094999998 ], [ 100.132027909, -0.554564955999983 ], [ 100.132026024, -0.554560431999972 ], [ 100.132029976, -0.554507079999951 ], [ 100.132071612, -0.554469826999934 ], [ 100.132108522, -0.554436801999946 ], [ 100.132356562, -0.554349987999965 ], [ 100.132596334, -0.554093680999934 ], [ 100.132759627, -0.553775362999949 ], [ 100.132941523, -0.553541791999975 ], [ 100.133125485, -0.553202804999966 ], [ 100.133176521, -0.553064634999943 ], [ 100.133210232, -0.552973367999928 ], [ 100.13330118, -0.552901022999955 ], [ 100.133340594, -0.552865036999953 ], [ 100.13335975, -0.552858019999978 ], [ 100.13349863, -0.552841209999947 ], [ 100.133514355, -0.552831238999953 ], [ 100.1336486, -0.552746119999939 ], [ 100.1336708, -0.552617489999933 ], [ 100.13365966, -0.552455309999967 ], [ 100.133644747, -0.552318316999954 ], [ 100.1336207, -0.55209740999994 ], [ 100.133604226, -0.551732105999974 ], [ 100.13359014, -0.551419759999938 ], [ 100.13358835, -0.551379979999979 ], [ 100.13362739, -0.551271149999942 ], [ 100.13359274, -0.551124339999946 ], [ 100.1335427, -0.550906249999974 ], [ 100.13349824, -0.550766449999971 ], [ 100.13347045, -0.550688169999954 ], [ 100.13337599, -0.550609889999986 ], [ 100.13324266, -0.550593139999939 ], [ 100.13310463, -0.550570009999951 ], [ 100.13302718, -0.550374009999927 ], [ 100.13302183, -0.550360479999944 ], [ 100.13301986, -0.550340169999976 ], [ 100.133021140198352, -0.550257295524313 ], [ 100.1330811, -0.547506499999943 ], [ 100.1331207, -0.547200179999944 ], [ 100.133759165, -0.544917933999958 ], [ 100.13413293, -0.543581879999986 ], [ 100.13413832, -0.542633729999983 ], [ 100.13417402, -0.542360899999957 ], [ 100.13418898, -0.542246519999936 ], [ 100.134225471, -0.541666693999966 ], [ 100.134414676, -0.541724613999979 ], [ 100.134860032, -0.541983401999978 ], [ 100.135022527, -0.542163950999969 ], [ 100.135124839, -0.542500977999963 ], [ 100.135185022, -0.542934296999937 ], [ 100.135245205, -0.54346992799998 ], [ 100.135347517, -0.543933339999972 ], [ 100.135461865, -0.544300457999951 ], [ 100.135774818, -0.544667574999951 ], [ 100.136153973, -0.544848124999936 ], [ 100.136629421, -0.544980527999943 ], [ 100.13702663, -0.545064784999969 ], [ 100.13731551, -0.54510691299993 ], [ 100.137676609, -0.545137004999962 ], [ 100.137959471, -0.545082839999961 ], [ 100.138218259, -0.544968491999964 ], [ 100.138513157, -0.544818033999952 ], [ 100.138958513, -0.544583318999977 ], [ 100.139385814, -0.54437267699996 ], [ 100.139698767, -0.544234255999929 ], [ 100.1399395, -0.544101852999971 ], [ 100.140162179, -0.543945375999954 ], [ 100.14037282, -0.54374075299996 ], [ 100.14055337, -0.543608349999939 ], [ 100.140764011, -0.543451872999923 ], [ 100.140968634, -0.543349561999948 ], [ 100.141113074, -0.54333752499997 ], [ 100.141215386, -0.54341576299993 ], [ 100.141305661, -0.543530111999937 ], [ 100.141383899, -0.543632422999962 ], [ 100.14148621, -0.54374075299996 ], [ 100.141600559, -0.543903247999946 ], [ 100.141726944, -0.544017595999946 ], [ 100.1418112, -0.544119907999976 ], [ 100.141979713, -0.544198145999931 ], [ 100.142148226, -0.544216200999935 ], [ 100.142298685, -0.544216200999935 ], [ 100.142467198, -0.544156017999974 ], [ 100.142701912, -0.544017595999946 ], [ 100.142930609, -0.543909265999957 ], [ 100.143183379, -0.54374075299996 ], [ 100.14346624, -0.543566221999929 ], [ 100.14379123, -0.543391689999973 ], [ 100.144056036, -0.543277341999956 ], [ 100.144308806, -0.543271323999942 ], [ 100.144519447, -0.543349561999948 ], [ 100.144790272, -0.543487982999983 ], [ 100.144922675, -0.543632422999962 ], [ 100.145037023, -0.543806954999986 ], [ 100.145217573, -0.544023614999964 ], [ 100.145380068, -0.544180090999925 ], [ 100.145519408, -0.54429713699995 ], [ 100.145530526, -0.544306475999979 ], [ 100.145596728, -0.544318512999956 ], [ 100.145717094, -0.544252310999979 ], [ 100.145837461, -0.543999540999955 ], [ 100.145969864, -0.543782880999974 ], [ 100.14619856, -0.543602331999976 ], [ 100.146421239, -0.543343543999933 ], [ 100.146445312, -0.542717637999943 ], [ 100.146427257, -0.542374592999988 ], [ 100.146529568, -0.542151914999976 ], [ 100.146655953, -0.541850997999975 ], [ 100.14674021, -0.541544063999945 ], [ 100.146752247, -0.541363513999953 ], [ 100.14674021, -0.541110744 ], [ 100.146782338, -0.540761680999939 ], [ 100.14677632, -0.540214013999964 ], [ 100.146872613, -0.539991334999971 ], [ 100.146872613, -0.53982884099998 ], [ 100.146872613, -0.53963625399997 ], [ 100.146842521, -0.539401538999929 ], [ 100.146680027, -0.539082567999971 ], [ 100.146661972, -0.538908036999945 ], [ 100.14659577, -0.538637211999972 ], [ 100.146541605, -0.538456661999937 ], [ 100.146469385, -0.538300185999961 ], [ 100.146409202, -0.538185836999964 ], [ 100.146343, -0.538083525999979 ], [ 100.146060139, -0.537830755999951 ], [ 100.145801351, -0.537656224999984 ], [ 100.145175445, -0.537054391999966 ], [ 100.144994895, -0.536915969999943 ], [ 100.144850455, -0.536861804999942 ], [ 100.144597686, -0.536795603999962 ], [ 100.144465282, -0.536747456999942 ], [ 100.144320842, -0.536681255999958 ], [ 100.144224549, -0.536645145999965 ], [ 100.144050018, -0.536518760999977 ], [ 100.14386345, -0.536332192999973 ], [ 100.143688918, -0.536163678999966 ], [ 100.143622717, -0.535892854999928 ], [ 100.143598643, -0.535646102999979 ], [ 100.143628735, -0.535333149999935 ], [ 100.143676881, -0.535032233999977 ], [ 100.14379123, -0.534827610999969 ], [ 100.143923633, -0.534592895999937 ], [ 100.144001871, -0.53438827299994 ], [ 100.144056036, -0.534069301999981 ], [ 100.144041185, -0.533876237999958 ], [ 100.144127631, -0.533746568999959 ], [ 100.144235961, -0.533590091999939 ], [ 100.144320218, -0.533457688999936 ], [ 100.144452621, -0.533228992999968 ], [ 100.144536878, -0.533048442999935 ], [ 100.144554108, -0.53302259799995 ], [ 100.144633171, -0.532904002999943 ], [ 100.144741501, -0.532687342999972 ], [ 100.14492205, -0.532434573999985 ], [ 100.145222967, -0.532085510999933 ], [ 100.145334707, -0.531969778999956 ], [ 100.145539607, -0.53188781899997 ], [ 100.145876634, -0.53176745299994 ], [ 100.14621366, -0.531598939999987 ], [ 100.146307958, -0.531526402999925 ], [ 100.146370137, -0.531478572999968 ], [ 100.146550686, -0.531273949999961 ], [ 100.146622906, -0.531069326999962 ], [ 100.146695126, -0.530684153999979 ], [ 100.146827529, -0.530491566999956 ], [ 100.146923517, -0.530497965999928 ], [ 100.146908098, -0.530463570999927 ], [ 100.146763659, -0.53027098499997 ], [ 100.146498852, -0.530030251999966 ], [ 100.146391151630752, -0.529907266080912 ], [ 100.145704433, -0.529139539999966 ], [ 100.145090564, -0.528706219999956 ], [ 100.144243534, -0.528272620999923 ], [ 100.144079485, -0.528188643999952 ], [ 100.143128589, -0.527707177999962 ], [ 100.142141583, -0.527201637999954 ], [ 100.140600892, -0.526226668999927 ], [ 100.138494477, -0.525131333999987 ], [ 100.136968601, -0.523958213999955 ], [ 100.136950776, -0.523942713999934 ], [ 100.136878556, -0.523882530999971 ], [ 100.136833419, -0.523840402999956 ], [ 100.136767217, -0.523777209999935 ], [ 100.136725089, -0.523732072999973 ], [ 100.13668597, -0.523677907999974 ], [ 100.136631805, -0.523611705999949 ], [ 100.136589677, -0.523545504999967 ], [ 100.136557853, -0.52350778699997 ], [ 100.136546452, -0.523481500999938 ], [ 100.13588432, -0.521954919999931 ], [ 100.13528637, -0.521225909999946 ], [ 100.133894363, -0.519528799999934 ], [ 100.13332129, -0.51883011999996 ], [ 100.1320501, -0.51740002999998 ], [ 100.131840363, -0.51725726299998 ], [ 100.132163197, -0.516862151999938 ], [ 100.132274009, -0.516734292999958 ], [ 100.132319674, -0.51668160299994 ], [ 100.132578462, -0.516495034999936 ], [ 100.132975671, -0.516302447999971 ], [ 100.133360844, -0.516164026999953 ], [ 100.133691852, -0.516055696999954 ], [ 100.134101099, -0.515893201999973 ], [ 100.134498308, -0.515845054999949 ], [ 100.135021903, -0.515766816999928 ], [ 100.135575589, -0.515652468999978 ], [ 100.13596678, -0.515477936999961 ], [ 100.136466301, -0.515219148999965 ], [ 100.136670924, -0.51493628799995 ], [ 100.136785272, -0.51464138999996 ], [ 100.136935731, -0.514364546999965 ], [ 100.13700795, -0.514250198999947 ], [ 100.137056097, -0.514117794999955 ], [ 100.137072685, -0.514072555999982 ], [ 100.13799663, -0.512728639999987 ], [ 100.13879846, -0.51156234999997 ], [ 100.14024786, -0.509438799999946 ], [ 100.14057045, -0.508966169999954 ], [ 100.140801978, -0.508626958 ], [ 100.14120691, -0.508033689999932 ], [ 100.14215064, -0.507064849999944 ], [ 100.14233628, -0.506963679999959 ], [ 100.145265327, -0.505975977999927 ], [ 100.14704134, -0.505377089999977 ], [ 100.148615596, -0.505182421999971 ], [ 100.148617057, -0.505182241999938 ], [ 100.148539065, -0.504861607999939 ], [ 100.148226112, -0.504452361999938 ], [ 100.147395583, -0.503802382999948 ], [ 100.146962263, -0.50341720999995 ], [ 100.146709494, -0.502995926999972 ], [ 100.14664931, -0.502695010999969 ], [ 100.146713716, -0.502566199999938 ], [ 100.146781714, -0.502430203999949 ], [ 100.14711874, -0.501996884999925 ], [ 100.147503913, -0.501671894999963 ], [ 100.147816866, -0.501479308999936 ], [ 100.148129819, -0.501250611999983 ], [ 100.148346479, -0.501033951999949 ], [ 100.148563138, -0.500925622999946 ], [ 100.148936275, -0.500877475999973 ], [ 100.149128861, -0.500853402999953 ], [ 100.149309411, -0.500781182999962 ], [ 100.149610327, -0.500576559999959 ], [ 100.149945188, -0.500209291999969 ], [ 100.149953251, -0.500048042999939 ], [ 100.150019515, -0.499915515999927 ], [ 100.150099031, -0.499835998999971 ], [ 100.150297822, -0.499822746999936 ], [ 100.1503202, -0.499831354 ], [ 100.15048336, -0.499789614999944 ], [ 100.151013469, -0.499749856999934 ], [ 100.151464061, -0.499749856999934 ], [ 100.152113445, -0.499802867999968 ], [ 100.152603795, -0.499895636999956 ], [ 100.153425464, -0.499895636999956 ], [ 100.154074847, -0.499935394999966 ], [ 100.154538693, -0.499935394999966 ], [ 100.154976033, -0.499975152999984 ], [ 100.155426625, -0.499935394999966 ], [ 100.15574469, -0.499763108999966 ], [ 100.156076008, -0.499418538999974 ], [ 100.156341063, -0.498967945999945 ], [ 100.156420579, -0.498318562999947 ], [ 100.156394074, -0.497669178999953 ], [ 100.156367568, -0.497059553999976 ], [ 100.15618203, -0.496317401999941 ], [ 100.155996492, -0.495575248999959 ], [ 100.15589047, -0.494740327999979 ], [ 100.155845343, -0.494505665999954 ], [ 100.155845742, -0.494487697999941 ], [ 100.155846847, -0.494471677 ], [ 100.15588871, -0.494408882999955 ], [ 100.155989754, -0.494257315999964 ], [ 100.156081183, -0.494221762999925 ], [ 100.1561614, -0.494221762999925 ], [ 100.156299375, -0.494292354999976 ], [ 100.156377266, -0.494341722999937 ], [ 100.156530203, -0.494483576999937 ], [ 100.156612531, -0.494559939999933 ], [ 100.156687627, -0.49468702499997 ], [ 100.156969992, -0.495065650999953 ], [ 100.157310115, -0.49531592999995 ], [ 100.157521889, -0.495495616999958 ], [ 100.157804254, -0.495662468999969 ], [ 100.158256681, -0.495781190999936 ], [ 100.16009499, -0.495877789999957 ], [ 100.16373078, -0.49654540999996 ], [ 100.164263364, -0.496371590999959 ], [ 100.165097626, -0.495678512999982 ], [ 100.1670837, -0.49427131999995 ], [ 100.16733088, -0.493689119999944 ], [ 100.167831437, -0.492893361999957 ], [ 100.168184456, -0.492637422999961 ], [ 100.168375471, -0.492716624999963 ], [ 100.16863436, -0.492758046999945 ], [ 100.168640353, -0.492724483999951 ], [ 100.168653556, -0.492700478999956 ], [ 100.168681161, -0.492682475999976 ], [ 100.168689563, -0.492674073999982 ], [ 100.168700365, -0.492664471999952 ], [ 100.168708767, -0.492654869999971 ], [ 100.168733972, -0.492632065999945 ], [ 100.168745974, -0.49260926099993 ], [ 100.168754376, -0.492599658999961 ], [ 100.168757401, -0.49259629799997 ], [ 100.168766379, -0.492580454999945 ], [ 100.168777181, -0.492560050999946 ], [ 100.168797585, -0.492516841999928 ], [ 100.168815589, -0.492466431999965 ], [ 100.168822056, -0.492450261999976 ], [ 100.168880402, -0.492154368999941 ], [ 100.169115649, -0.491578252999947 ], [ 100.169307688, -0.491198976999955 ], [ 100.169437314, -0.490853306999962 ], [ 100.169610149, -0.490406816999959 ], [ 100.16971577, -0.489744282999943 ], [ 100.169859799, -0.489355404999971 ], [ 100.169994226, -0.489124957999934 ], [ 100.17021027, -0.488923317999939 ], [ 100.170474323, -0.488774487999932 ], [ 100.17080559, -0.488721676999946 ], [ 100.171160861, -0.488596851999947 ], [ 100.171391308, -0.488558443999983 ], [ 100.171559342, -0.488510434999968 ], [ 100.171664963, -0.488390409999966 ], [ 100.171780186, -0.488313594999972 ], [ 100.171857002, -0.48817916799994 ], [ 100.171885808, -0.488015934999961 ], [ 100.171842599, -0.48789591099996 ], [ 100.171722575, -0.487727876999946 ], [ 100.171626555, -0.487583847999927 ], [ 100.171405711, -0.487372604999962 ], [ 100.171276085, -0.487103750999957 ], [ 100.171285687, -0.486916512999923 ], [ 100.171319293, -0.486623653999972 ], [ 100.171362502, -0.486349998999975 ], [ 100.171477725, -0.486162760999945 ], [ 100.171674565, -0.485946718 ], [ 100.172058642, -0.485778683999973 ], [ 100.172380307, -0.48553863499996 ], [ 100.172619294, -0.485182251999961 ], [ 100.172637159, -0.485116149999957 ], [ 100.172668365, -0.485015329999962 ], [ 100.172713975, -0.484948115999939 ], [ 100.172734522, -0.484916360999936 ], [ 100.172736469, -0.48492428699996 ], [ 100.172740509, -0.484940735999949 ], [ 100.172749408, -0.484976965999979 ], [ 100.173187158, -0.485333418999966 ], [ 100.174093926, -0.485739901999987 ], [ 100.17523833, -0.486221426999981 ], [ 100.176357719, -0.486740472999937 ], [ 100.177614688, -0.487209490999925 ], [ 100.17793362, -0.487478394999931 ], [ 100.178265059, -0.487609719999969 ], [ 100.178590245, -0.487634733999933 ], [ 100.178777852, -0.487653494999962 ], [ 100.178996727, -0.487666001999976 ], [ 100.179203095, -0.487759805999938 ], [ 100.179243015, -0.487817289999952 ], [ 100.179353865, -0.487845896999946 ], [ 100.17964657, -0.487896362999949 ], [ 100.180020021, -0.487845896999946 ], [ 100.180686176, -0.487765150999968 ], [ 100.181261492, -0.487644030999947 ], [ 100.181816622, -0.487421979999968 ], [ 100.182361658, -0.487270580999972 ], [ 100.182765389, -0.487260486999956 ], [ 100.183300332, -0.487240300999938 ], [ 100.183744436, -0.487260486999956 ], [ 100.183976581, -0.487331139999981 ], [ 100.18403714, -0.487442165999942 ], [ 100.183986674, -0.487522911999983 ], [ 100.183916021, -0.487644030999947 ], [ 100.183936208, -0.487734870999931 ], [ 100.184087607, -0.487926642999985 ], [ 100.184289472, -0.488158787999973 ], [ 100.184370218, -0.488269813999983 ], [ 100.184430778, -0.488481771999939 ], [ 100.184461057, -0.488663450999989 ], [ 100.184400498, -0.488824942999938 ], [ 100.184269285, -0.489198393999969 ], [ 100.184259192, -0.489329606999947 ], [ 100.184333161, -0.489505282999981 ], [ 100.184269598, -0.48959802899998 ], [ 100.18422, -0.489678332999973 ], [ 100.184183009, -0.489809320999945 ], [ 100.184087791, -0.489967900999945 ], [ 100.183858885, -0.490226933999973 ], [ 100.183589354, -0.490515716999933 ], [ 100.183486676, -0.490624812999961 ], [ 100.183473841, -0.490708238999956 ], [ 100.183531667, -0.490855 ], [ 100.183556667, -0.490865 ], [ 100.183788294, -0.490817333999929 ], [ 100.183952914, -0.490767947999933 ], [ 100.184097933, -0.490754764999968 ], [ 100.184211842, -0.490743533999939 ], [ 100.18430437, -0.490737690999945 ], [ 100.184364255, -0.490733907999923 ], [ 100.184869625, -0.490724281999977 ], [ 100.185278734, -0.490701820999963 ], [ 100.185570726, -0.490709842999942 ], [ 100.185743995, -0.490706633999941 ], [ 100.185822072, -0.490710423999932 ], [ 100.18649699, -0.490612739999964 ], [ 100.18686611, -0.490619979999964 ], [ 100.18736188, -0.490583789999966 ], [ 100.18763329, -0.490576549999958 ], [ 100.18788661, -0.49059825999996 ], [ 100.18802774, -0.490558459999936 ], [ 100.18858142, -0.490366659999949 ], [ 100.18875512, -0.490316 ], [ 100.18910614, -0.490200199999947 ], [ 100.18925089, -0.490182099999978 ], [ 100.18949335, -0.490225529999983 ], [ 100.18979371, -0.490290669999988 ], [ 100.18998189, -0.490214669999945 ], [ 100.19016283, -0.490091629999949 ], [ 100.190174625, -0.490075994999933 ], [ 100.190274657, -0.49005217699994 ], [ 100.190592723, -0.489919649999935 ], [ 100.190937293, -0.489734111999953 ], [ 100.191281864, -0.489548573999974 ], [ 100.191692699, -0.489323277999974 ], [ 100.191838479, -0.489177497999957 ], [ 100.191867402, -0.489116436999958 ], [ 100.191957753, -0.488925695999975 ], [ 100.191984258, -0.488514861999933 ], [ 100.19200176, -0.488424438999978 ], [ 100.192063775, -0.488104026999963 ], [ 100.192196302, -0.487719697999974 ], [ 100.19252762, -0.487308863999949 ], [ 100.192529157, -0.48730804099995 ], [ 100.192898696, -0.487110072999948 ], [ 100.193521574, -0.486818512999944 ], [ 100.194025178, -0.486460689999947 ], [ 100.194250474, -0.486089613999978 ], [ 100.194274485, -0.485965557999982 ], [ 100.19432999, -0.48567877899996 ], [ 100.194290232, -0.485307702999941 ], [ 100.194078189, -0.484870362999972 ], [ 100.193826387, -0.484446275999967 ], [ 100.193532332, -0.484046360999973 ], [ 100.193495069, -0.483995683999981 ], [ 100.193349289, -0.483584848999963 ], [ 100.193296278, -0.483213772999927 ], [ 100.193230014, -0.48294871799994 ], [ 100.193203509, -0.482458367999932 ], [ 100.193349289, -0.482127049999971 ], [ 100.193654101, -0.481888500999964 ], [ 100.194064936, -0.481649951999944 ], [ 100.194290232, -0.481451160999943 ], [ 100.194542034, -0.481225864999942 ], [ 100.194619447, -0.481130236999951 ], [ 100.19476733, -0.480947556999984 ], [ 100.195019132, -0.480762018999943 ], [ 100.195284186, -0.480682502999976 ], [ 100.195575746, -0.480748766999963 ], [ 100.195801042, -0.480907798999965 ], [ 100.196009433, -0.481155263999945 ], [ 100.195990349, -0.48093102099995 ], [ 100.196026459, -0.480533810999941 ], [ 100.195990349, -0.479980124999944 ], [ 100.195809799, -0.479498658999947 ], [ 100.195677396, -0.479089412999945 ], [ 100.195424627, -0.478788495999936 ], [ 100.195075564, -0.478583872999939 ], [ 100.194769945, -0.478482000999983 ], [ 100.194747451, -0.478456045999966 ], [ 100.19469444, -0.478396408999977 ], [ 100.194661182, -0.478304022999964 ], [ 100.19481986, -0.47730885999994 ], [ 100.19494199, -0.477059579999948 ], [ 100.19514063, -0.476862819999955 ], [ 100.19576833, -0.476319149999942 ], [ 100.19578939, -0.476322019999951 ], [ 100.19579006, -0.476322109999965 ], [ 100.195821496, -0.476347728999944 ], [ 100.19583891, -0.47636191999993 ], [ 100.19587148, -0.476461439999981 ], [ 100.19594024, -0.476749129999978 ], [ 100.19599633, -0.476875789999956 ], [ 100.19603433, -0.476888449999933 ], [ 100.19625507, -0.47682331999994 ], [ 100.19665133, -0.476626089999972 ], [ 100.19705483, -0.47634201999995 ], [ 100.19721767, -0.476242499999962 ], [ 100.19732805, -0.476193639999962 ], [ 100.19749813, -0.476213549999962 ], [ 100.19770621, -0.476304019999926 ], [ 100.19794686, -0.476356489999949 ], [ 100.19818208, -0.476380009999953 ], [ 100.19840645, -0.476347439999929 ], [ 100.19847071, -0.476298689999969 ], [ 100.19852768, -0.476285919999963 ], [ 100.19861996, -0.476244309999971 ], [ 100.19865072, -0.476193639999962 ], [ 100.19865433, -0.476108599999976 ], [ 100.19863805, -0.476007279999977 ], [ 100.19864348, -0.475951189999929 ], [ 100.19870681, -0.475915 ], [ 100.19889499, -0.475860719999961 ], [ 100.19904336, -0.47577205999994 ], [ 100.1991284, -0.475676159999981 ], [ 100.19924058, -0.475444559999968 ], [ 100.19935638, -0.475234659999961 ], [ 100.19939257, -0.475068199999959 ], [ 100.19936724, -0.474865549999953 ], [ 100.19925506, -0.474547089999931 ], [ 100.19908135, -0.474333579999954 ], [ 100.19899088, -0.474304629999953 ], [ 100.19867243, -0.474199689999977 ], [ 100.19860268, -0.474187479999951 ], [ 100.19838293, -0.474149029999975 ], [ 100.19811513, -0.474004269999965 ], [ 100.19802105, -0.473855899999929 ], [ 100.19795591, -0.473544689999935 ], [ 100.19796404, -0.473414529999962 ], [ 100.19798486, -0.473081479999966 ], [ 100.19807533, -0.472730459999978 ], [ 100.1981658, -0.472643609999976 ], [ 100.19852044, -0.472430099999952 ], [ 100.19887508, -0.472245539999961 ], [ 100.19946856, -0.472006699999954 ], [ 100.19981235, -0.471908989999985 ], [ 100.20048183, -0.471894509999976 ], [ 100.20049133, -0.471889639999977 ], [ 100.200508389, -0.471880890999956 ], [ 100.20053249, -0.471868529999941 ], [ 100.20061333, -0.471827079999967 ], [ 100.20076409, -0.471749759999973 ], [ 100.20096675, -0.471518159999965 ], [ 100.20109702, -0.471069429999955 ], [ 100.2009378, -0.470381859999982 ], [ 100.20076409, -0.470085119999969 ], [ 100.20063382, -0.469846279999953 ], [ 100.20056144, -0.469607439999958 ], [ 100.20061934, -0.469346879999936 ], [ 100.20073514, -0.469079089999988 ], [ 100.20093056, -0.46897776999992 ], [ 100.20122014, -0.468970869999969 ], [ 100.20123454, -0.468970529999982 ], [ 100.20145166, -0.469093569999927 ], [ 100.20146089, -0.469102799999982 ], [ 100.2016326, -0.469274509999937 ], [ 100.20187868, -0.469455449999947 ], [ 100.20210305, -0.469477159999947 ], [ 100.20222609, -0.469325169999939 ], [ 100.20237808, -0.469013949999985 ], [ 100.20241426, -0.468174389999954 ], [ 100.2022478, -0.467834229999938 ], [ 100.20204409, -0.467534319999975 ], [ 100.20198725, -0.467450629999979 ], [ 100.20185697, -0.467269689999968 ], [ 100.20187252, -0.46720527999998 ], [ 100.20190763, -0.467059799999957 ], [ 100.20208134, -0.466784769999954 ], [ 100.20233465, -0.466473559999945 ], [ 100.20252283, -0.46611891999994 ], [ 100.20253007, -0.465894549999976 ], [ 100.2024794, -0.465778749999968 ], [ 100.20231294, -0.465735319999965 ], [ 100.20206686, -0.465706369999962 ], [ 100.2018741, -0.465622839999977 ], [ 100.20184973, -0.465612279999967 ], [ 100.20181354, -0.465525429999968 ], [ 100.20176288, -0.465351729999955 ], [ 100.20175463, -0.465313759999958 ], [ 100.20172669, -0.465185269999954 ], [ 100.20182078, -0.464917479999936 ], [ 100.20187868, -0.464403609999976 ], [ 100.20180631, -0.464222669999975 ], [ 100.20164708, -0.464085149999968 ], [ 100.20139232, -0.463957769999983 ], [ 100.20129968, -0.463911449999956 ], [ 100.20098122, -0.463744989999951 ], [ 100.20077857, -0.463744989999951 ], [ 100.2005542, -0.463788409999955 ], [ 100.20027918, -0.463802889999956 ], [ 100.20012719, -0.463621949999949 ], [ 100.20004677, -0.46343812999994 ], [ 100.20002586, -0.463390339999943 ], [ 100.2000331, -0.463151499999931 ], [ 100.20014166, -0.462905429999989 ], [ 100.20027194, -0.462811339999979 ], [ 100.20056868, -0.46271000999997 ], [ 100.20106807, -0.462500119999963 ], [ 100.20126349, -0.46228298999995 ], [ 100.2014589, -0.46199348999995 ], [ 100.20154575, -0.461732929999932 ], [ 100.20146614, -0.461617129999974 ], [ 100.2012273, -0.461559229999986 ], [ 100.20066277, -0.461551989999985 ], [ 100.20041958, -0.46149754999994 ], [ 100.20017785, -0.461443429999981 ], [ 100.19982321, -0.461472379999982 ], [ 100.19957713, -0.461537519999987 ], [ 100.19943238, -0.461450669999982 ], [ 100.19940343, -0.461276969999975 ], [ 100.19939407, -0.461136579999962 ], [ 100.19938895, -0.461059839999966 ], [ 100.19930934, -0.460842709999952 ], [ 100.19921525, -0.460748619999947 ], [ 100.19914287, -0.460676249999959 ], [ 100.19900536, -0.460640059999956 ], [ 100.19889679, -0.460654529999952 ], [ 100.19880271, -0.460719669999942 ], [ 100.19876745, -0.460728869999972 ], [ 100.19863624, -0.460763099999948 ], [ 100.19836845, -0.460784809999951 ], [ 100.19810066, -0.460734149999963 ], [ 100.19779668, -0.460422929999942 ], [ 100.19757232, -0.46009 ], [ 100.19751441, -0.45974982999997 ], [ 100.1975081, -0.459623469999939 ], [ 100.19749994, -0.459460329999951 ], [ 100.19742033, -0.459170829999952 ], [ 100.19732624, -0.459011599999947 ], [ 100.1970874, -0.458808949999938 ], [ 100.19694988, -0.458700379999928 ], [ 100.19677618, -0.458504969999983 ], [ 100.19672552, -0.458324029999974 ], [ 100.19671104, -0.458143089999962 ], [ 100.1966459, -0.458005569999968 ], [ 100.19654458, -0.45794766999996 ], [ 100.19647944, -0.457918719999961 ], [ 100.19600176, -0.457614739999947 ], [ 100.19587148, -0.457520659999944 ], [ 100.19580032, -0.457520659999944 ], [ 100.19564712, -0.457520659999944 ], [ 100.19535761, -0.457542369999947 ], [ 100.1951622, -0.45745551999994 ], [ 100.19500297, -0.457325239999931 ], [ 100.19494507, -0.457194959999923 ], [ 100.19485822, -0.457122589999936 ], [ 100.19471347, -0.457086399999985 ], [ 100.19451805, -0.457042969999979 ], [ 100.19450358, -0.456977839999977 ], [ 100.19451081, -0.456811369999965 ], [ 100.19461938, -0.456601479999971 ], [ 100.19463975, -0.456546199999942 ], [ 100.1947207, -0.456326449999957 ], [ 100.19474965, -0.456044189999945 ], [ 100.19463385, -0.455747449999939 ], [ 100.19449634, -0.455653359999936 ], [ 100.1943154, -0.455617169999933 ], [ 100.19406208, -0.455580979999982 ], [ 100.19374363, -0.45556650999993 ], [ 100.19354507, -0.455588089999939 ], [ 100.1934107, -0.455602689999982 ], [ 100.193184347, -0.455531959999978 ], [ 100.1931791, -0.455530319999979 ], [ 100.19309948, -0.455363849999965 ], [ 100.19310551, -0.455195159999961 ], [ 100.19310672, -0.45516119999997 ], [ 100.19310672, -0.455016449999962 ], [ 100.19302711, -0.454625619999947 ], [ 100.19291854, -0.454357829999946 ], [ 100.19270865, -0.454234789999939 ], [ 100.19239744, -0.454104509999979 ], [ 100.1923323, -0.454097269999977 ], [ 100.19225992, -0.454140699999929 ], [ 100.19218755, -0.454299929999941 ], [ 100.19213688, -0.45452428999994 ], [ 100.19210953, -0.454558269999956 ], [ 100.19189804, -0.454821029999953 ], [ 100.19164095, -0.454949579999951 ], [ 100.19162301, -0.454958549999962 ], [ 100.19147102, -0.454878929999951 ], [ 100.19141312, -0.454784849999957 ], [ 100.1912539, -0.454531529999938 ], [ 100.19107296, -0.454220309999935 ], [ 100.19089925, -0.454097269999977 ], [ 100.1908671, -0.454082349999962 ], [ 100.1906966, -0.454003189999977 ], [ 100.19041434, -0.453887379999979 ], [ 100.19026958, -0.453822249999983 ], [ 100.19002351, -0.453872909999981 ], [ 100.18996198, -0.453876839999972 ], [ 100.18968334, -0.453894619999981 ], [ 100.18957478, -0.453829479999974 ], [ 100.18958201, -0.453663019999969 ], [ 100.18966325, -0.453509099999965 ], [ 100.18971953, -0.453402469999959 ], [ 100.19000179, -0.453018869999949 ], [ 100.19037091, -0.45232405999997 ], [ 100.19042881, -0.452077989999968 ], [ 100.19033472, -0.451730579999942 ], [ 100.19010312, -0.451506219999949 ], [ 100.19000903, -0.451426599999939 ], [ 100.18983533, -0.451390409999934 ], [ 100.18980638, -0.451390409999934 ], [ 100.18923956, -0.451520719999967 ], [ 100.18912707, -0.451358439999982 ], [ 100.18911045, -0.45121776999998 ], [ 100.18914288, -0.450737559999932 ], [ 100.18921114, -0.449727009999947 ], [ 100.18918876, -0.448141149999972 ], [ 100.18909926, -0.446980429999941 ], [ 100.18905844, -0.445470229999956 ], [ 100.18888768, -0.445126339999952 ], [ 100.18816508, -0.444267399999942 ], [ 100.18738754, -0.442843769999967 ], [ 100.18575972, -0.440209059999972 ], [ 100.18475283, -0.438656759999959 ], [ 100.18446636, -0.438248119999968 ], [ 100.18446893, -0.438016059999935 ], [ 100.18446965, -0.437951137999957 ], [ 100.18451584, -0.433786479999984 ], [ 100.18474164, -0.432799989999986 ], [ 100.1850493, -0.431298039999949 ], [ 100.18538494, -0.429907959999976 ], [ 100.18582126, -0.42829413999994 ], [ 100.1862352, -0.426652339999982 ], [ 100.1869624, -0.423754719999984 ], [ 100.18734279, -0.422112919999966 ], [ 100.18767106, -0.420490089999932 ], [ 100.18798364, -0.419463809999968 ], [ 100.18855491, -0.417411439999962 ], [ 100.18944931, -0.415352549999972 ], [ 100.18977529, -0.41547614999996 ], [ 100.190068881, -0.415515710999963 ], [ 100.190360771, -0.415482000999932 ], [ 100.190772551, -0.415323597999937 ], [ 100.19130798, -0.415162079999965 ], [ 100.191434946, -0.415167557999949 ], [ 100.191543491, -0.415172239999942 ], [ 100.1918004, -0.415245348999982 ], [ 100.192022979, -0.415376008999943 ], [ 100.192257071, -0.415543118999957 ], [ 100.19251722, -0.415777359999946 ], [ 100.192746981, -0.416022700999978 ], [ 100.19297856, -0.416238280999958 ], [ 100.193211811, -0.416400798999985 ], [ 100.193451339, -0.416492327999953 ], [ 100.19378659, -0.416555730999965 ], [ 100.194178441, -0.416640200999949 ], [ 100.194783579, -0.416772800999986 ], [ 100.19544864, -0.416310499999959 ], [ 100.195645342, -0.416185389999955 ], [ 100.195874021, -0.416145748999953 ], [ 100.196063702, -0.416176740999968 ], [ 100.196309189, -0.416348370999976 ], [ 100.19676131, -0.416755939999979 ], [ 100.19715941, -0.417148059999941 ], [ 100.197431849, -0.417362638999981 ], [ 100.19769864, -0.417469419999974 ], [ 100.197927131, -0.417514778999934 ], [ 100.1981591, -0.417523398999952 ], [ 100.19845626, -0.417551569999955 ], [ 100.198815052, -0.417568718999977 ], [ 100.19946274, -0.417557228999963 ], [ 100.20025503, -0.417511689999971 ], [ 100.200715109, -0.417469249999948 ], [ 100.201073861, -0.417451859999974 ], [ 100.20137593, -0.417369709999948 ], [ 100.201696069, -0.417178009999933 ], [ 100.20204928, -0.416991810999946 ], [ 100.20242144, -0.416841339999962 ], [ 100.202735791, -0.416782599999974 ], [ 100.203184021, -0.416698839999925 ], [ 100.203892221, -0.416578908999956 ], [ 100.204102229, -0.416228440999933 ], [ 100.204537332, -0.415863759999982 ], [ 100.20508994, -0.415528728999957 ], [ 100.205692841, -0.414958638999961 ], [ 100.2057718, -0.414892759999934 ], [ 100.20597392, -0.414724118999977 ], [ 100.206292089, -0.414603290999938 ], [ 100.206500761, -0.414578670999958 ], [ 100.206539862, -0.414574059999954 ], [ 100.206770471, -0.414574020999968 ], [ 100.20735342, -0.414646929999955 ], [ 100.207449849, -0.414605408999939 ], [ 100.207544889, -0.414564479999968 ], [ 100.20777945, -0.414463468999941 ], [ 100.208017262, -0.414383620999962 ], [ 100.208388951, -0.414362338999979 ], [ 100.208743821, -0.414440168999934 ], [ 100.209361801, -0.41467759999995 ], [ 100.209443952, -0.414695149999954 ], [ 100.20946895, -0.414700490999962 ], [ 100.209695169, -0.414748828999962 ], [ 100.2100632, -0.41474876999996 ], [ 100.210250911, -0.414704278999979 ], [ 100.21060958, -0.414704219999978 ], [ 100.211538759, -0.414657399999961 ], [ 100.21157456, -0.41464678999995 ], [ 100.21180863, -0.414633469999958 ], [ 100.21217598, -0.414481008999927 ], [ 100.212221259, -0.41445517899996 ], [ 100.21234126, -0.414419620999975 ], [ 100.212757919, -0.41429616899996 ], [ 100.213423771, -0.413963238999943 ], [ 100.214031731, -0.413818488999938 ], [ 100.214392331, -0.413803141999951 ], [ 100.21450732, -0.414018328999938 ], [ 100.21455372, -0.414105149999957 ], [ 100.21464976, -0.414362868999954 ], [ 100.2146801, -0.414437867999937 ], [ 100.214792771, -0.414716380999958 ], [ 100.214928742, -0.414993229999945 ], [ 100.215048181, -0.415321290999942 ], [ 100.215138041, -0.415657098999933 ], [ 100.215211141, -0.416018350999941 ], [ 100.215284551, -0.416416439999989 ], [ 100.215331501, -0.41703258099995 ], [ 100.21540585, -0.417298870999956 ], [ 100.215541481, -0.417596109999982 ], [ 100.215888541, -0.418118448999961 ], [ 100.216210542, -0.418692837999977 ], [ 100.21638744, -0.418991657999928 ], [ 100.216427432, -0.419068720999971 ], [ 100.21653783, -0.419281449999972 ], [ 100.21674969, -0.419765118999982 ], [ 100.216885389, -0.420069978999958 ], [ 100.21698341, -0.420308618999971 ], [ 100.21707464, -0.420530199999985 ], [ 100.217157182, -0.42073147099995 ], [ 100.21724855, -0.420984289999985 ], [ 100.21729216, -0.421227228999958 ], [ 100.217295481, -0.421491599999972 ], [ 100.217272969, -0.421832448999965 ], [ 100.217143341, -0.422574709999946 ], [ 100.217067839, -0.423018548999948 ], [ 100.217009281, -0.423329048999965 ], [ 100.217000111, -0.423610370999936 ], [ 100.2169909, -0.423852597999944 ], [ 100.217034021, -0.424459027999952 ], [ 100.217034851, -0.424462019999964 ], [ 100.217115331, -0.424751638999971 ], [ 100.217141782, -0.424987658999952 ], [ 100.217148282, -0.425273558999953 ], [ 100.21713541, -0.425536910999942 ], [ 100.21708468, -0.425926789999947 ], [ 100.217077111, -0.425953069999945 ], [ 100.2168917, -0.42635592099993 ], [ 100.216806651, -0.426520628999924 ], [ 100.216720861, -0.426648729999961 ], [ 100.216685052, -0.426780129999949 ], [ 100.216701609, -0.426965858999957 ], [ 100.21674023, -0.427085969999962 ], [ 100.216765711, -0.42716521999995 ], [ 100.216973479, -0.427589618999944 ], [ 100.21708211, -0.427808250999932 ], [ 100.217199141, -0.42800890899997 ], [ 100.21674936, -0.42850263899993 ], [ 100.216473101, -0.428768039999967 ], [ 100.215884789, -0.429314818999957 ], [ 100.21588452, -0.429315059999973 ], [ 100.215504261, -0.42965684899997 ], [ 100.2154101, -0.42974402199997 ], [ 100.215307531, -0.429838980999938 ], [ 100.215197101, -0.429927948999931 ], [ 100.2151111, -0.429997238999933 ], [ 100.2148682, -0.430137978999942 ], [ 100.214684711, -0.430201819999978 ], [ 100.21446659, -0.430263718999929 ], [ 100.21427611, -0.430356638999974 ], [ 100.21416021, -0.430426668999927 ], [ 100.21403447, -0.430534869999975 ], [ 100.214042685, -0.430570454999955 ], [ 100.214013325, -0.430585772999963 ], [ 100.213910159, -0.430639598999964 ], [ 100.213039692, -0.431446372999978 ], [ 100.212593843, -0.432125761999946 ], [ 100.212530151, -0.432911305999941 ], [ 100.212636305, -0.433781772999964 ], [ 100.212678767, -0.434482392999949 ], [ 100.212791566, -0.434923333999959 ], [ 100.212864095, -0.43520685699998 ], [ 100.212912307, -0.435395321999981 ], [ 100.213226974, -0.435769925999985 ], [ 100.213358156, -0.435926093999967 ], [ 100.213370467, -0.435942713999969 ], [ 100.213782774, -0.43649932899996 ], [ 100.213786771, -0.436502360999954 ], [ 100.214178771, -0.436799739999967 ], [ 100.21439847, -0.436966407999938 ], [ 100.21466245, -0.437395374999933 ], [ 100.214715677, -0.437481868999954 ], [ 100.214792552, -0.437606790999956 ], [ 100.214825248, -0.437659921999976 ], [ 100.215077859, -0.438070415999964 ], [ 100.215598693, -0.43840267199994 ], [ 100.216054315, -0.438693326999951 ], [ 100.216309252, -0.438855958999973 ], [ 100.216818793, -0.439492885999936 ], [ 100.217031739, -0.440096232999965 ], [ 100.217073564, -0.440214736999969 ], [ 100.217285873, -0.441170127999958 ], [ 100.217413259, -0.44148859099994 ], [ 100.217880339, -0.442019363999975 ], [ 100.218226653, -0.442075220999926 ], [ 100.218538497, -0.442125517999967 ], [ 100.218668494, -0.442241071999954 ], [ 100.218729575, -0.442295365999944 ], [ 100.218772037, -0.442868599999944 ], [ 100.218898155, -0.443048768999977 ], [ 100.219026176, -0.443231656999956 ], [ 100.219069269, -0.443293217999955 ], [ 100.219154193, -0.443972606999977 ], [ 100.218920653, -0.444843073999943 ], [ 100.218793267, -0.445840926999954 ], [ 100.218779963, -0.446073744999982 ], [ 100.218750806, -0.44658400799995 ], [ 100.218757536, -0.446785901999934 ], [ 100.218793267, -0.447857860999932 ], [ 100.21889869, -0.448424507999965 ], [ 100.218963115, -0.44877078999997 ], [ 100.219033244, -0.449025804999971 ], [ 100.219196655, -0.449620026999982 ], [ 100.219621273, -0.450256953999945 ], [ 100.21981706, -0.450427477999935 ], [ 100.220279431, -0.450830187999944 ], [ 100.220888796, -0.451458595999956 ], [ 100.22095882, -0.451530807999974 ], [ 100.222200828, -0.452231427999944 ], [ 100.222483693, -0.452249292999974 ], [ 100.222690843, -0.452262375999975 ], [ 100.223209296, -0.452295119999979 ], [ 100.223413298, -0.452291221999932 ], [ 100.224756166, -0.452265561999981 ], [ 100.224875922, -0.452263273999967 ], [ 100.225908674, -0.451995027999949 ], [ 100.226510701, -0.451838655999954 ], [ 100.228490483, -0.451514884999945 ], [ 100.228975307, -0.451588762999961 ], [ 100.229605106, -0.451684731999933 ], [ 100.230054527, -0.451760863999947 ], [ 100.230485778, -0.451833916999942 ], [ 100.230576419, -0.451849271999949 ], [ 100.230667858, -0.451859396999965 ], [ 100.231111566, -0.451908526999946 ], [ 100.23160217, -0.451962849999979 ], [ 100.231725801, -0.451976538999928 ], [ 100.232110352, -0.452019118999949 ], [ 100.23381944, -0.452008502999954 ], [ 100.234934063, -0.45192357999997 ], [ 100.235181823779556, -0.45188254951641 ], [ 100.235767376, -0.451785578999941 ], [ 100.23692277, -0.451723602999954 ], [ 100.237465006, -0.451900143999975 ], [ 100.237528601, -0.451920848999973 ], [ 100.237551981, -0.451937838999931 ], [ 100.23764959, -0.45204168 ], [ 100.237769411, -0.452241668999942 ], [ 100.23783116, -0.452404388999985 ], [ 100.237903091, -0.452662399999959 ], [ 100.23799695, -0.452939197999971 ], [ 100.2381805, -0.453318198999969 ], [ 100.238376809, -0.453502867999928 ], [ 100.238544721, -0.453635938999979 ], [ 100.23884437, -0.453832248999968 ], [ 100.239006171, -0.453972089999982 ], [ 100.239145979, -0.454139398999928 ], [ 100.23926958, -0.454355547999973 ], [ 100.23936932, -0.454472258999943 ], [ 100.23946774, -0.45454203899993 ], [ 100.23950023, -0.45456461699997 ], [ 100.239643061, -0.454642517999953 ], [ 100.23975249, -0.454668707999932 ], [ 100.239840311, -0.45468130999996 ], [ 100.23986191, -0.454684408999929 ], [ 100.23993745, -0.454721668999987 ], [ 100.239990619, -0.454762838999956 ], [ 100.24011066, -0.454991488999958 ], [ 100.240189789, -0.45510296999993 ], [ 100.240264901, -0.455182547999923 ], [ 100.240341429, -0.455251448999951 ], [ 100.24043589, -0.455321489999965 ], [ 100.240486541, -0.455385217999947 ], [ 100.24054183, -0.455468668999978 ], [ 100.24059197, -0.455588488999986 ], [ 100.240598429, -0.455718079999945 ], [ 100.240580281, -0.455821698999956 ], [ 100.24054062, -0.455931558999973 ], [ 100.24051496, -0.456005408999951 ], [ 100.24050805, -0.456082076999958 ], [ 100.24050806, -0.456140767999955 ], [ 100.240519801, -0.45624697799997 ], [ 100.240537651, -0.456321817999932 ], [ 100.24056529, -0.456356039999945 ], [ 100.24062938, -0.456402108999959 ], [ 100.24068633, -0.456475797999927 ], [ 100.240713269, -0.456552588999953 ], [ 100.240721651, -0.45657649799995 ], [ 100.240745251, -0.456655638999968 ], [ 100.240770881, -0.456701497999975 ], [ 100.24078715, -0.456719497999933 ], [ 100.240829221, -0.456739037999975 ], [ 100.240891791, -0.45677951799997 ], [ 100.240914731, -0.456790008999981 ], [ 100.24094423, -0.456794247999943 ], [ 100.24098282, -0.456791467999952 ], [ 100.241043299, -0.456777919999984 ], [ 100.24110235, -0.456754128999939 ], [ 100.241246291, -0.456700968999947 ], [ 100.241373492, -0.456670209999978 ], [ 100.241382112, -0.456669127999931 ], [ 100.241990301, -0.457212149999979 ], [ 100.242212912, -0.457410909999963 ], [ 100.242254209, -0.457476207999953 ], [ 100.24230417, -0.457516428999958 ], [ 100.24232923, -0.457523007999962 ], [ 100.24236063, -0.457531247999955 ], [ 100.24246105, -0.457527618999967 ], [ 100.24257336, -0.457514028999937 ], [ 100.24270978, -0.457509099999933 ], [ 100.242869549, -0.457515258999941 ], [ 100.242986479, -0.457593707999934 ], [ 100.243063041, -0.457691778999956 ], [ 100.243103151, -0.45780707799998 ], [ 100.24316522, -0.458023538999959 ], [ 100.243185851, -0.458052609999924 ], [ 100.243225829, -0.458084797999967 ], [ 100.24332758, -0.458132048999976 ], [ 100.24343633, -0.458182207999927 ], [ 100.24354686, -0.45823558899997 ], [ 100.243668121, -0.45828721799996 ], [ 100.243764731, -0.458342768999954 ], [ 100.24384119, -0.458454677999958 ], [ 100.243884421, -0.458572759999928 ], [ 100.243895809, -0.458687138999958 ], [ 100.243895821, -0.458794877999933 ], [ 100.243891121, -0.459014517999953 ], [ 100.24386681, -0.459156628999948 ], [ 100.243849681, -0.459248647999978 ], [ 100.24381165, -0.459325259999953 ], [ 100.24376755, -0.45939742999997 ], [ 100.24370945, -0.459467639999957 ], [ 100.24364732, -0.459521868999957 ], [ 100.243624311, -0.45954194899998 ], [ 100.243569551, -0.459574118999966 ], [ 100.243659961, -0.459697697999962 ], [ 100.24368629, -0.459757947999951 ], [ 100.24368492, -0.459777849999966 ], [ 100.24368179, -0.459823437999948 ], [ 100.24359719, -0.459996087999966 ], [ 100.243559611, -0.460242047999942 ], [ 100.243601971, -0.460478528999951 ], [ 100.243736, -0.460625128999942 ], [ 100.243866372, -0.460711027999939 ], [ 100.24394055, -0.460759889999969 ], [ 100.24454713, -0.46104593899998 ], [ 100.244625401, -0.461097337999949 ], [ 100.244784521, -0.461201816999961 ], [ 100.244808813, -0.461247665999967 ], [ 100.244816501, -0.461262177999974 ], [ 100.24482303, -0.461274497999969 ], [ 100.24485659, -0.461337829999934 ], [ 100.244860591, -0.461345389999969 ], [ 100.244882849, -0.461477208999963 ], [ 100.24487819, -0.461604319999938 ], [ 100.244809981, -0.461788958999942 ], [ 100.24478414, -0.461855338999964 ], [ 100.244725, -0.462007249999939 ], [ 100.244628191, -0.46225590899997 ], [ 100.244556789, -0.462747069999985 ], [ 100.244540187, -0.46288216199997 ], [ 100.244534431, -0.462928998999936 ], [ 100.244444921, -0.463657428999968 ], [ 100.2444377, -0.463716228999949 ], [ 100.244440832, -0.463766779999959 ], [ 100.244459131, -0.464061786999939 ], [ 100.244526371, -0.464421149999969 ], [ 100.24452487, -0.464537877999931 ], [ 100.24453149, -0.464760337999969 ], [ 100.24453255, -0.464795888999959 ], [ 100.24464234, -0.465194908999934 ], [ 100.24466539, -0.465278708999965 ], [ 100.24470241, -0.465362396999987 ], [ 100.24496815, -0.46596320899994 ], [ 100.2449805, -0.465992868999935 ], [ 100.245056011, -0.466174167999948 ], [ 100.245196451, -0.466511357999934 ], [ 100.245209571, -0.46665358799993 ], [ 100.245187641, -0.466752957999974 ], [ 100.245131681, -0.466846816999983 ], [ 100.245112361, -0.466862668999968 ], [ 100.245000021, -0.466954857999957 ], [ 100.244975211, -0.466964157999935 ], [ 100.244902521, -0.466991397999954 ], [ 100.244887439, -0.467002037999984 ], [ 100.244850799, -0.467032898999943 ], [ 100.244819251, -0.467065929999939 ], [ 100.244794569, -0.46709925799996 ], [ 100.244787121, -0.467117527999962 ], [ 100.244783359, -0.467139436999969 ], [ 100.24478144, -0.467175677999933 ], [ 100.24478144, -0.467178443999964 ], [ 100.24478146, -0.467308218999956 ], [ 100.244784511, -0.467374057999971 ], [ 100.244792301, -0.467442937999976 ], [ 100.244805061, -0.467533637999974 ], [ 100.244811119, -0.467587888999956 ], [ 100.244815851, -0.467630346999961 ], [ 100.24482631, -0.467797398999951 ], [ 100.24483045, -0.46787214699998 ], [ 100.244835961, -0.467930296999962 ], [ 100.244856611, -0.468009228999963 ], [ 100.244879132, -0.468066557999971 ], [ 100.244957881, -0.468207077999983 ], [ 100.244974911, -0.468239518999955 ], [ 100.245010091, -0.468279339999921 ], [ 100.245065662, -0.468392367999974 ], [ 100.24506802, -0.46840366899994 ], [ 100.245119811, -0.468451948999931 ], [ 100.245183869, -0.468518419999957 ], [ 100.245195539, -0.468534968999969 ], [ 100.245237391, -0.46859432799994 ], [ 100.245274461, -0.468694167999967 ], [ 100.24527454, -0.468694427999944 ], [ 100.24529584, -0.468771377999927 ], [ 100.245309241, -0.468834837999975 ], [ 100.245334629, -0.468905778999958 ], [ 100.24536363, -0.468968317999953 ], [ 100.245416141, -0.469049098999959 ], [ 100.245467821, -0.469121278999987 ], [ 100.245469061, -0.469123008999931 ], [ 100.24549383, -0.469153807999941 ], [ 100.245516311, -0.469181757999939 ], [ 100.24553413, -0.469212249999948 ], [ 100.24510837, -0.470168839999925 ], [ 100.24510837, -0.470290709999983 ], [ 100.24514094, -0.470366699999944 ], [ 100.24515904, -0.470489739999951 ], [ 100.24509028, -0.470826289999931 ], [ 100.24501067, -0.471094079999942 ], [ 100.24485144, -0.47138719999993 ], [ 100.24466688, -0.471691179999935 ], [ 100.24443528, -0.472038589999957 ], [ 100.24417834, -0.472617599999981 ], [ 100.24401911, -0.472932429999967 ], [ 100.24383817, -0.473250889999974 ], [ 100.24374409, -0.47365618999993 ], [ 100.24365, -0.474130249999976 ], [ 100.24357038, -0.474481279999961 ], [ 100.24339668, -0.474882959999952 ], [ 100.24319041, -0.475147129999928 ], [ 100.2428032, -0.475498159999972 ], [ 100.24239789, -0.475849179999953 ], [ 100.24219162, -0.476142299999943 ], [ 100.24199621, -0.476478849999985 ], [ 100.24182612, -0.47676111999994 ], [ 100.24157281, -0.47704337999995 ], [ 100.24125797, -0.47731479 ], [ 100.24098294, -0.477521059999959 ], [ 100.2407622, -0.477629629999973 ], [ 100.24050888, -0.477785239999954 ], [ 100.240223, -0.478038549999953 ], [ 100.2400493, -0.47821224999996 ], [ 100.23991178, -0.478487279999972 ], [ 100.23979998, -0.478764559999957 ], [ 100.23977065, -0.478870879999935 ], [ 100.23976703, -0.479077149999974 ], [ 100.23976341, -0.479239989999936 ], [ 100.23964761, -0.479420929999947 ], [ 100.23939429, -0.479695959999961 ], [ 100.23903241, -0.479956509999975 ], [ 100.23899622, -0.480108499999971 ], [ 100.23904689, -0.480231539999976 ], [ 100.23911203, -0.480369059999936 ], [ 100.23924954, -0.480607899999937 ], [ 100.23924954, -0.480861209999945 ], [ 100.23915545, -0.481085579999958 ], [ 100.23908308, -0.481266519999971 ], [ 100.23899622, -0.482069889999937 ], [ 100.23892385, -0.482963729999939 ], [ 100.23879719, -0.483358179999926 ], [ 100.23863435, -0.483600639999963 ], [ 100.2384136, -0.483738159999972 ], [ 100.23807705, -0.483948049999922 ], [ 100.23767537, -0.484125369999957 ], [ 100.2372773, -0.484342499999967 ], [ 100.2370276, -0.48457409999998 ], [ 100.23693278, -0.484674499999934 ], [ 100.23587401, -0.484851599999957 ], [ 100.23536853, -0.484883359999972 ], [ 100.2347929, -0.484919539999966 ], [ 100.23280424, -0.485378939999978 ], [ 100.232063624, -0.485547965999959 ], [ 100.23121313, -0.485742069999959 ], [ 100.23018974, -0.485975629999933 ], [ 100.229432724, -0.486334649999954 ], [ 100.22942372, -0.486338919999978 ], [ 100.22926237, -0.486415439999982 ], [ 100.228938515, -0.486569029999938 ], [ 100.228984113, -0.486699308999959 ], [ 100.229124628, -0.487120856999983 ], [ 100.229452498, -0.487659499999957 ], [ 100.229663272, -0.488174723999982 ], [ 100.229985727959956, -0.489469205318955 ], [ 100.230016332, -0.489607733999949 ], [ 100.2300614, -0.489790654999975 ], [ 100.229967723, -0.490024847999962 ], [ 100.229569595, -0.490867941999975 ], [ 100.228843597, -0.492015486999947 ], [ 100.227906826, -0.49328012899997 ], [ 100.227793382, -0.493483131999943 ], [ 100.227461859, -0.494076383999927 ], [ 100.226337733, -0.495317605999954 ], [ 100.224066063, -0.498830498999947 ], [ 100.223993367, -0.499108064999973 ], [ 100.223937257, -0.499322303999974 ], [ 100.223808451, -0.499720431999958 ], [ 100.223632806, -0.499954624999929 ], [ 100.223457161, -0.500060011999945 ], [ 100.22318784, -0.500188817999976 ], [ 100.222930227, -0.500294203999943 ], [ 100.222485261, -0.500411300999931 ], [ 100.222110553, -0.50046984899996 ], [ 100.221466522, -0.500575235999979 ], [ 100.220810782, -0.500832847999967 ], [ 100.220436074, -0.500938234999983 ], [ 100.21988572, -0.501008492999971 ], [ 100.219382206, -0.501113878999945 ], [ 100.218738175, -0.501184136999947 ], [ 100.218047307, -0.501184136999947 ], [ 100.215037928, -0.501605683999969 ], [ 100.214850574, -0.501734489999938 ], [ 100.214710058, -0.501875005999987 ], [ 100.214581252, -0.502109198999968 ], [ 100.214494059, -0.502294484999941 ], [ 100.214487575, -0.50230826299998 ], [ 100.214311931, -0.502530745999943 ], [ 100.214206544, -0.502811777999965 ], [ 100.214206544, -0.503104518999979 ], [ 100.214077738, -0.503315291999972 ], [ 100.213937222, -0.503455807999965 ], [ 100.213902093, -0.503619742999944 ], [ 100.213913803, -0.503971031999927 ], [ 100.213902093, -0.504334030999934 ], [ 100.213820126, -0.504603352999937 ], [ 100.2136679, -0.50474386899993 ], [ 100.213492256, -0.504884383999978 ], [ 100.213410288, -0.505060028999936 ], [ 100.213398578, -0.505317640999976 ], [ 100.213316611, -0.505598671999969 ], [ 100.213211224, -0.505797735999981 ], [ 100.21303558, -0.505821155999974 ], [ 100.212824806, -0.505750897999983 ], [ 100.212637452, -0.50566892999996 ], [ 100.212520355, -0.505704058999933 ], [ 100.212414968, -0.505821155999974 ], [ 100.212391549, -0.505961670999975 ], [ 100.212274453, -0.506113896999975 ], [ 100.212005131, -0.50628954099995 ], [ 100.211817777, -0.506593991999978 ], [ 100.211688971, -0.506839894999935 ], [ 100.211618713, -0.507214602999974 ], [ 100.211630422, -0.507753246999933 ], [ 100.211841196, -0.508139664999934 ], [ 100.212239324, -0.508479244999936 ], [ 100.212485226, -0.508631469999956 ], [ 100.212603884, -0.508710574999959 ], [ 100.212766258, -0.508818823999943 ], [ 100.213105837, -0.508900791999969 ], [ 100.213433707, -0.509064726999956 ], [ 100.21369132, -0.509287209999965 ], [ 100.214089447, -0.509591660999943 ], [ 100.21432364, -0.510001497999953 ], [ 100.214382188, -0.510481592999958 ], [ 100.21434706, -0.510797753999957 ], [ 100.214218253, -0.511558880999933 ], [ 100.214042609, -0.512062394999938 ], [ 100.213960641, -0.512647876999956 ], [ 100.213714739, -0.513467551999951 ], [ 100.213468836, -0.513889098999926 ], [ 100.213433707, -0.514416032999978 ], [ 100.213492256, -0.515036643999968 ], [ 100.213539094, -0.515364513999948 ], [ 100.213539094, -0.515786061999967 ], [ 100.213410288, -0.516195898999968 ], [ 100.213384289, -0.516689881999987 ], [ 100.212556948, -0.515906084999932 ], [ 100.212352029, -0.515759714999949 ], [ 100.212193952, -0.515682357999933 ], [ 100.212076853, -0.515625053999941 ], [ 100.21181924, -0.515525521999959 ], [ 100.21150308, -0.515478682999973 ], [ 100.211286452, -0.515402570999929 ], [ 100.210853195, -0.515168377999944 ], [ 100.210768822, -0.515113942999961 ], [ 100.210671695, -0.515051280999955 ], [ 100.210513615, -0.514963458999943 ], [ 100.21020331, -0.514934184999969 ], [ 100.209963262, -0.515010297999947 ], [ 100.209682231, -0.515092264999968 ], [ 100.209348506, -0.515191796999946 ], [ 100.209020636, -0.515320602999967 ], [ 100.208821572, -0.515619198999956 ], [ 100.208651782, -0.515812407999943 ], [ 100.208470283, -0.51607001999998 ], [ 100.208253654, -0.516421309999946 ], [ 100.208130438, -0.516719082999949 ], [ 100.208067555, -0.516711122999944 ], [ 100.207318137, -0.516617445999951 ], [ 100.2059364, -0.516617445999951 ], [ 100.20495279, -0.516687703999942 ], [ 100.203752962, -0.516770449999975 ], [ 100.203594471, -0.516781380999936 ], [ 100.202236153, -0.516921896999978 ], [ 100.200667061, -0.51743712099994 ], [ 100.199566354, -0.517905506999966 ], [ 100.198325132, -0.518350472999945 ], [ 100.194601466, -0.518783729999939 ], [ 100.193945726, -0.518772019999976 ], [ 100.193336824, -0.518772019999976 ], [ 100.192599117, -0.518830568999934 ], [ 100.192130731, -0.518853987999942 ], [ 100.191972635, -0.51885100499993 ], [ 100.19151012, -0.518842277999967 ], [ 100.190994896, -0.518830568999934 ], [ 100.190362575, -0.518783729999939 ], [ 100.188418774, -0.518455859999958 ], [ 100.187411745, -0.518362182999968 ], [ 100.184917591, -0.517811829999972 ], [ 100.184343819, -0.517612765999959 ], [ 100.183952764097768, -0.517535850312853 ], [ 100.183805175, -0.517507378999944 ], [ 100.183044048, -0.517390282999947 ], [ 100.182306341, -0.517249766999957 ], [ 100.181603762, -0.517144379999941 ], [ 100.180983151, -0.51706241299997 ], [ 100.180468253, -0.517026105999954 ], [ 100.179156447, -0.51693360599996 ], [ 100.177534662, -0.517290750999969 ], [ 100.177118969, -0.517507378999944 ], [ 100.176884777, -0.517917215999945 ], [ 100.175959177, -0.519187381999938 ], [ 100.175280555, -0.520118628999972 ], [ 100.174761898, -0.520803256999951 ], [ 100.174109591, -0.521664301999977 ], [ 100.173428346, -0.522371748999949 ], [ 100.172891788, -0.522928942999957 ], [ 100.171486631, -0.524193584999981 ], [ 100.170456183, -0.525364548999971 ], [ 100.169706766, -0.526441835999951 ], [ 100.169144703, -0.527612799999936 ], [ 100.167897939, -0.530622230999943 ], [ 100.167786384, -0.530891499999944 ], [ 100.167739546, -0.532062464999978 ], [ 100.167880061, -0.533233428999949 ], [ 100.16825477, -0.534825939999961 ], [ 100.170076456, -0.538914277999948 ], [ 100.171046683, -0.540737636999951 ], [ 100.171063969, -0.540764705999949 ], [ 100.17103669, -0.540760159999938 ], [ 100.16941286, -0.540522 ], [ 100.16933396, -0.540510429999926 ], [ 100.1679967, -0.540314289999973 ], [ 100.167749638, -0.54027805899995 ], [ 100.16766352, -0.540265429999974 ], [ 100.16578585, -0.53990380599993 ], [ 100.165462543, -0.539791350999967 ], [ 100.165017577, -0.53968596499994 ], [ 100.164677997, -0.539592287999935 ], [ 100.164350127, -0.539510319999973 ], [ 100.164145678, -0.539421428999967 ], [ 100.163881741, -0.539404932999961 ], [ 100.163717806, -0.539416642999929 ], [ 100.163248459726347, -0.539647200896392 ], [ 100.163108793673985, -0.539754386471452 ], [ 100.162767748662446, -0.540085687339817 ], [ 100.162472176319099, -0.540303306537665 ], [ 100.162300029789463, -0.540507933544596 ], [ 100.16226105321671, -0.540608623024198 ], [ 100.161939496491513, -0.541904594068098 ], [ 100.161660164386817, -0.542222902745547 ], [ 100.161296383041162, -0.542872512291362 ], [ 100.161023547031917, -0.543411688214388 ], [ 100.160473002941856, -0.544248060504625 ], [ 100.1606045488749, -0.544584233444584 ], [ 100.160429154297546, -0.545519671190557 ], [ 100.160234271433779, -0.546903339523142 ], [ 100.160383681629312, -0.547650390500829 ], [ 100.160370689438395, -0.548280511760269 ], [ 100.160598052779434, -0.548884648637877 ], [ 100.160870888788679, -0.54929390265174 ], [ 100.160987818506925, -0.549495281610943 ], [ 100.161182701370663, -0.549878551242973 ], [ 100.160721478593132, -0.550567137361537 ], [ 100.160398123, -0.551009188999963 ], [ 100.160134656, -0.550991624999941 ], [ 100.159882898, -0.550938930999967 ], [ 100.159777537740084, -0.55127520395868 ], [ 100.159594724566787, -0.551442020979312 ], [ 100.159393630076167, -0.551892198418553 ], [ 100.158797202098299, -0.552152707190499 ], [ 100.158321887847748, -0.552769701650371 ], [ 100.158321887847748, -0.553290719194263 ], [ 100.158404153775734, -0.553839158714149 ], [ 100.158207629614438, -0.554053964192771 ], [ 100.157933409854493, -0.554305332306053 ], [ 100.157718604375873, -0.554561270748666 ], [ 100.157282137924639, -0.55489490478993 ], [ 100.156914226413377, -0.555077717963226 ], [ 100.156562311054785, -0.555269671795186 ], [ 100.156237817672192, -0.555523325073134 ], [ 100.155917894618923, -0.555776978351081 ], [ 100.155600256730324, -0.555836392632402 ], [ 100.155138653467731, -0.555767837692416 ], [ 100.154900996342448, -0.555772408021749 ], [ 100.154606210100511, -0.555719849234426 ], [ 100.15415227, -0.555796132999947 ], [ 100.154115654, -0.555829086999955 ], [ 100.154032385, -0.555940112999965 ], [ 100.153971825, -0.556078895999982 ], [ 100.153931452, -0.556240387999934 ], [ 100.153880986, -0.556353936999934 ], [ 100.153797717, -0.556528045999938 ], [ 100.153757343, -0.556666827999949 ], [ 100.153694261, -0.556909066999936 ], [ 100.153676597, -0.557062988999972 ], [ 100.153674074, -0.557259807999975 ], [ 100.153699307, -0.557325413999944 ], [ 100.153706495, -0.557330282999947 ], [ 100.15371697, -0.557358216999951 ], [ 100.15374465, -0.557369288999951 ], [ 100.153842212, -0.55748655899993 ], [ 100.15439893, -0.558155739999965 ], [ 100.15468042, -0.558412019999939 ], [ 100.15476727, -0.558553149999972 ], [ 100.15481069, -0.558835419999987 ], [ 100.15476872, -0.559206229999976 ], [ 100.15477118, -0.559398189999969 ], [ 100.154771276, -0.559405651999949 ], [ 100.15477264, -0.559512019999948 ], [ 100.1547347, -0.559734689999975 ], [ 100.15469966, -0.559871479999968 ], [ 100.15462956, -0.559945259999959 ], [ 100.15451126, -0.560069779999942 ], [ 100.15436918, -0.560228269999925 ], [ 100.1543044, -0.560252339999982 ], [ 100.15379251, -0.560209679999964 ], [ 100.15370742, -0.560130199999944 ], [ 100.15363437, -0.55985425999995 ], [ 100.15352115, -0.559668989999975 ], [ 100.15299621, -0.559648399999969 ], [ 100.15281094, -0.560049829999976 ], [ 100.15310943, -0.561634949999931 ], [ 100.15310943, -0.561939529999962 ], [ 100.15310943, -0.56226614999997 ], [ 100.15309802, -0.562323469999972 ], [ 100.15309113, -0.562358119999939 ], [ 100.15296132, -0.563010359999961 ], [ 100.15300136, -0.563420779999948 ], [ 100.15297048, -0.564028059999947 ], [ 100.15291735, -0.564658044999943 ], [ 100.15289843, -0.564882379999976 ], [ 100.15285211, -0.565628619999933 ], [ 100.15290175, -0.56630449999995 ] ] ] ] } },
{ "type": "Feature", "properties": { "fid": null, "kk": null, "gid": 78820, "bstt": null, "luas": 1.521404744826939, "bsbtt": null, "idsls": "13060510040005", "kdkab": "06", "kdkec": "051", "kdsls": "0005", "nmkab": "PADANG PARIAMAN", "nmkec": "ANAM LINGKUANG", "nmsls": "KORONG KAMPUANG PANEH", "bstt_k": null, "kddesa": "004", "kdprov": "13", "khusus": null, "muatan": null, "nmdesa": "PAKANDANGAN", "nmprov": "SUMATERA BARAT", "posisi": "", "rw_dki": "", "segmen": "", "sumber": "", "dom_sls": "", "periode": "2024_1", "tingkat": null, "nm_gedung": "", "wil_campur": null, "iddesa": "1306051004", "idkec": "1306051", "idkab": "1306" }, "geometry": { "type": "MultiPolygon", "coordinates": [ [ [ [ 100.25874077, -0.646637629999931 ], [ 100.2577132, -0.647096084999938 ], [ 100.256851621, -0.647767957999982 ], [ 100.256235079, -0.648526778999953 ], [ 100.256170607, -0.648585011999959 ], [ 100.255808242, -0.648534683999971 ], [ 100.255175891, -0.648526778999953 ], [ 100.2544724, -0.648400308999957 ], [ 100.253974424, -0.648368690999982 ], [ 100.253595245, -0.648390482999958 ], [ 100.253435027, -0.648347925999937 ], [ 100.253128571, -0.648298832999959 ], [ 100.252863188, -0.648220578999941 ], [ 100.252699253, -0.648150320999948 ], [ 100.252558737, -0.648121046999958 ], [ 100.252429931, -0.648121046999958 ], [ 100.252301125, -0.648203014999988 ], [ 100.2521489, -0.648279126999972 ], [ 100.25199082, -0.648325965999958 ], [ 100.251914707, -0.648343530999966 ], [ 100.251834861686177, -0.648353699175431 ], [ 100.251709788, -0.648361094999936 ], [ 100.251592692, -0.648355239999947 ], [ 100.251504869, -0.648366949999969 ], [ 100.251358499, -0.64845477199998 ], [ 100.251182854, -0.648536739999937 ], [ 100.251013065, -0.648601142999958 ], [ 100.250819855, -0.648688964999962 ], [ 100.25066763, -0.648770931999934 ], [ 100.250462711, -0.648858754999932 ], [ 100.250199244, -0.648882173999936 ], [ 100.249912358, -0.648829480999957 ], [ 100.249654746, -0.648612851999935 ], [ 100.249578633, -0.648349384999958 ], [ 100.249543504, -0.648003950999966 ], [ 100.249151231, -0.646926663999985 ], [ 100.248794087, -0.64577911899995 ], [ 100.24865638, -0.645211897999958 ], [ 100.248547662, -0.645516309999956 ], [ 100.248431192, -0.646409241999947 ], [ 100.248136136, -0.646960530999942 ], [ 100.247763434, -0.648008756999966 ], [ 100.247445084, -0.648560044999956 ], [ 100.246738503, -0.649911090999987 ], [ 100.246497799, -0.650361439999933 ], [ 100.246373565, -0.650959316999949 ], [ 100.246210449, -0.651489441999968 ], [ 100.246238688, -0.651538860999958 ], [ 100.246238688, -0.651580680999924 ], [ 100.246238688, -0.651731233999963 ], [ 100.246230324, -0.651898514999971 ], [ 100.246225306, -0.651925279999943 ], [ 100.246205232, -0.652032338999966 ], [ 100.246155048, -0.652157799999951 ], [ 100.246104864, -0.652199619999983 ], [ 100.245929219, -0.65226653199995 ], [ 100.245795394, -0.65229162399993 ], [ 100.24566983, -0.652297602999966 ], [ 100.245590101, -0.652281204999958 ], [ 100.245447321, -0.65223426399996 ], [ 100.245454898, -0.652223079999947 ], [ 100.245529469, -0.652112998999943 ], [ 100.24559988, -0.651968263999951 ], [ 100.245713322, -0.651667057999939 ], [ 100.24578595111177, -0.651519205050693 ], [ 100.245876831505598, -0.651412219270625 ], [ 100.245916929324551, -0.651214088871066 ], [ 100.245872857, -0.651204840999982 ], [ 100.245817977, -0.651154533999953 ], [ 100.24573601, -0.651095985999969 ], [ 100.245613059, -0.651031582999965 ], [ 100.245472543, -0.650926195999948 ], [ 100.24540814, -0.650820808999922 ], [ 100.245437414, -0.650680293999932 ], [ 100.245472543, -0.650592470999936 ], [ 100.245536946, -0.650475374999938 ], [ 100.245560365, -0.650387552999979 ], [ 100.24556622, -0.65028802099994 ], [ 100.245490107, -0.650188488999958 ], [ 100.245373011, -0.650088956999982 ], [ 100.245279334, -0.650042117999928 ], [ 100.245086125, -0.649954295999982 ], [ 100.244892916, -0.649860618999978 ], [ 100.244676287, -0.649737666999952 ], [ 100.244399069, -0.649589157999977 ], [ 100.24407506, -0.649576079999977 ], [ 100.243876931, -0.649568083999963 ], [ 100.24363969, -0.649558509999966 ], [ 100.24350535, -0.649548069999986 ], [ 100.243450495526176, -0.649789435565526 ], [ 100.243371897157687, -0.649959136588409 ], [ 100.243262931237723, -0.650085965773933 ], [ 100.24301463184635, -0.649985931486759 ], [ 100.242821708578234, -0.649891256179256 ], [ 100.242936033477861, -0.649671538012786 ], [ 100.243027963997278, -0.649511002628205 ], [ 100.24218797, -0.64944577999995 ], [ 100.241983924, -0.649400409999946 ], [ 100.241856093, -0.649345625999957 ], [ 100.241671316, -0.649301116999931 ], [ 100.24137729, -0.649213448999944 ], [ 100.24124781, -0.649239074999967 ], [ 100.241095402, -0.649317301999934 ], [ 100.240975364, -0.649406318999982 ], [ 100.240879603, -0.649506125999958 ], [ 100.240787889, -0.649635604999969 ], [ 100.240692128, -0.649759689999945 ], [ 100.240565824, -0.649873920999945 ], [ 100.240545115, -0.649886471999931 ], [ 100.240180955, -0.649924235999949 ], [ 100.239895021, -0.649937723999938 ], [ 100.239811107, -0.649923991999972 ], [ 100.23982264, -0.649904529999965 ], [ 100.239394724, -0.649721773999944 ], [ 100.23918483, -0.649709689999963 ], [ 100.2385839, -0.649675089999967 ], [ 100.23823469, -0.649582809999968 ], [ 100.23799223, -0.649508619999955 ], [ 100.23791985, -0.64947061999993 ], [ 100.23788547, -0.649463389999934 ], [ 100.23760502, -0.649823459999938 ], [ 100.23738789, -0.650053249999925 ], [ 100.2372359, -0.650207049999953 ], [ 100.23721057, -0.650212479999937 ], [ 100.23718376, -0.650172259999984 ], [ 100.23718162, -0.650169049999932 ], [ 100.23701153, -0.649995349999938 ], [ 100.23685412, -0.64990849999993 ], [ 100.23681122, -0.649900429999953 ], [ 100.23671651, -0.649882609999964 ], [ 100.23646817, -0.650125979999927 ], [ 100.23638874, -0.650167449999978 ], [ 100.23598224, -0.650521499999978 ], [ 100.23607841, -0.650626409999983 ], [ 100.23623265, -0.650827859999942 ], [ 100.23629258, -0.650906149999965 ], [ 100.23622265, -0.650936749999972 ], [ 100.23601503, -0.651017609999945 ], [ 100.23563912, -0.65117058999994 ], [ 100.23532878, -0.651323579999936 ], [ 100.2351299, -0.651408809999973 ], [ 100.23508152, -0.651298399999974 ], [ 100.23492456, -0.651022039999934 ], [ 100.23471111, -0.651082259999958 ], [ 100.23434387, -0.650747129999961 ], [ 100.23401942, -0.650833159999939 ], [ 100.23400918, -0.650953789999967 ], [ 100.233830351797863, -0.651086075634543 ], [ 100.233468094168288, -0.65128703607139 ], [ 100.233216893622227, -0.651355785694522 ], [ 100.232746223125403, -0.651255305476099 ], [ 100.232482211, -0.651095514999964 ], [ 100.232452936, -0.651031111999944 ], [ 100.23233584, -0.650937434999952 ], [ 100.232054809, -0.650738370999944 ], [ 100.231826471, -0.650545161999958 ], [ 100.231621552, -0.650404645999977 ], [ 100.231375649, -0.650234855999945 ], [ 100.231135602, -0.650106049999984 ], [ 100.230620377, -0.649763542999947 ], [ 100.230623305, -0.649704994999982 ], [ 100.230632087, -0.649488366999956 ], [ 100.230687708, -0.649210262999936 ], [ 100.230690635, -0.648923375999978 ], [ 100.23068478, -0.648744803999934 ], [ 100.230567684, -0.648536957999967 ], [ 100.230415459, -0.648343748999945 ], [ 100.230151992, -0.647998314999943 ], [ 100.229979274, -0.647837306999975 ], [ 100.229809485, -0.647649952999936 ], [ 100.229689461, -0.647529928999976 ], [ 100.229338172, -0.647304517999947 ], [ 100.229086414, -0.647134728999953 ], [ 100.22889906, -0.647014704999942 ], [ 100.228615101, -0.646918099999939 ], [ 100.22832236, -0.64678929399998 ], [ 100.227900813, -0.64659315799997 ], [ 100.227732929911681, -0.646519100122717 ], [ 100.22758758, -0.646455568999954 ], [ 100.22733875, -0.646306270999966 ], [ 100.227218726, -0.646227230999962 ], [ 100.227113339, -0.646159900999978 ], [ 100.227005025, -0.646080860999979 ], [ 100.226940622, -0.64609842499993 ], [ 100.226887929, -0.646127698999987 ], [ 100.226735703, -0.646206738999985 ], [ 100.226498583, -0.646379456999969 ], [ 100.226302447, -0.646563882999938 ], [ 100.22611802, -0.646686834999977 ], [ 100.225854553, -0.646915172999968 ], [ 100.225599868, -0.647114236999923 ], [ 100.225336401, -0.647301590999975 ], [ 100.225067079, -0.647532855999948 ], [ 100.224756774, -0.647688008999981 ], [ 100.224695298, -0.647652879999955 ], [ 100.22455771, -0.647538710999932 ], [ 100.224425976, -0.647398194999939 ], [ 100.224305953, -0.647254751999988 ], [ 100.22421813, -0.647213768999967 ], [ 100.224112744, -0.647231332999983 ], [ 100.224007357, -0.647243042999947 ], [ 100.223922462, -0.64725767999994 ], [ 100.223869768, -0.647231332999983 ], [ 100.22383464, -0.647158147999957 ], [ 100.22374389, -0.647158147999957 ], [ 100.223629721, -0.647134728999953 ], [ 100.223442366, -0.647120090999981 ], [ 100.223249157, -0.647102526999968 ], [ 100.223070585, -0.647064470999965 ], [ 100.222824683, -0.647035196999989 ], [ 100.222660748, -0.647002994999985 ], [ 100.222578665, -0.64697851399996 ], [ 100.222493885, -0.646953228999965 ], [ 100.222370934, -0.646921027999954 ], [ 100.222212854, -0.646868333999982 ], [ 100.222037209, -0.646757092999971 ], [ 100.221700557, -0.646569737999926 ], [ 100.221498566, -0.646397020999932 ], [ 100.221103365, -0.646101352999949 ], [ 100.220954067, -0.646013529999951 ], [ 100.220769641, -0.645893505999934 ], [ 100.22045348, -0.64573542599994 ], [ 100.220160739, -0.645562708999932 ], [ 100.21997924, -0.645474886999978 ], [ 100.219827014, -0.645328515999947 ], [ 100.219680644, -0.645170435999949 ], [ 100.219370338, -0.64497722699998 ], [ 100.219226895, -0.644947952999938 ], [ 100.219054178, -0.644942097999952 ], [ 100.218858041, -0.644945024999972 ], [ 100.218711671, -0.644939170999977 ], [ 100.218533099, -0.644883549999971 ], [ 100.218420265, -0.644801653999934 ], [ 100.218412392, -0.64473342599996 ], [ 100.218406537, -0.644534361999948 ], [ 100.218394828, -0.644054265999955 ], [ 100.218429957, -0.643878621999941 ], [ 100.218459231, -0.643661992999971 ], [ 100.218476795, -0.643427799999932 ], [ 100.21849436, -0.643234590999965 ], [ 100.218664149, -0.643029672999943 ], [ 100.218869068, -0.642859882999977 ], [ 100.21913839, -0.642707656999961 ], [ 100.219331599, -0.642590560999966 ], [ 100.219436986, -0.642532012999944 ], [ 100.219518953, -0.642344657999951 ], [ 100.219548227, -0.642186577999958 ], [ 100.21961263, -0.64204020799997 ], [ 100.219753146, -0.641864562999967 ], [ 100.219870243, -0.641653789999963 ], [ 100.219846823, -0.641489854999979 ], [ 100.219677034, -0.641366902999951 ], [ 100.219495534, -0.641366902999951 ], [ 100.21930818, -0.641524982999963 ], [ 100.219120826, -0.641642079999937 ], [ 100.218951036, -0.641706482999952 ], [ 100.218763681, -0.641700627999966 ], [ 100.218558763, -0.641665498999944 ], [ 100.218394828, -0.641601095999937 ], [ 100.218248457, -0.641519128999969 ], [ 100.218072813, -0.641407886999968 ], [ 100.217903023, -0.641343483999949 ], [ 100.217756652, -0.641361047999964 ], [ 100.217633701, -0.641489854999979 ], [ 100.217469766, -0.641718192999981 ], [ 100.217405363, -0.641917255999947 ], [ 100.217323395, -0.642139739999953 ], [ 100.21718288, -0.642321238999966 ], [ 100.217030654, -0.642391496999956 ], [ 100.216872574, -0.642455899999954 ], [ 100.216655946, -0.642485173999946 ], [ 100.216480301, -0.642450044999981 ], [ 100.216363205, -0.642344657999951 ], [ 100.216240253, -0.642192432999945 ], [ 100.216099738, -0.641975804999967 ], [ 100.215988496, -0.641706482999952 ], [ 100.21596431, -0.641673924999968 ], [ 100.215962149, -0.641666962999972 ], [ 100.215951903, -0.641640615999972 ], [ 100.215925557, -0.641587922999973 ], [ 100.215909456, -0.641555720999987 ], [ 100.215891892, -0.641508882999977 ], [ 100.2158875, -0.641466434999931 ], [ 100.215878718, -0.641415205999982 ], [ 100.215872863, -0.641374221999973 ], [ 100.215869936, -0.641333237999956 ], [ 100.215869936, -0.641303963999981 ], [ 100.215870134, -0.641299607999948 ], [ 100.215929948, -0.641109290999965 ], [ 100.216070464, -0.64090437199997 ], [ 100.216287092, -0.640687743999939 ], [ 100.216573978, -0.640383292999966 ], [ 100.216802316, -0.640084696999961 ], [ 100.217124331, -0.639768536999954 ], [ 100.217238052, -0.639672505999952 ], [ 100.217318597, -0.639582563999964 ], [ 100.21777175, -0.639076539999965 ], [ 100.217869919, -0.638971887999955 ], [ 100.217906505, -0.638886521999945 ], [ 100.217959198, -0.638792844999958 ], [ 100.218041166, -0.638681602999951 ], [ 100.218111424, -0.638593780999948 ], [ 100.218222665, -0.638529377999932 ], [ 100.218304633, -0.638488393999979 ], [ 100.218371256, -0.638437446999944 ], [ 100.218427015, -0.638378005999929 ], [ 100.218474423, -0.638306893999924 ], [ 100.218486132, -0.638195652999976 ], [ 100.218456858, -0.638101975999972 ], [ 100.218380745, -0.637996588999953 ], [ 100.218292923, -0.637914620999943 ], [ 100.218187536, -0.63784436399993 ], [ 100.21807044, -0.637785814999973 ], [ 100.218023601, -0.637727266999953 ], [ 100.218023601, -0.637639444999933 ], [ 100.218088004, -0.637545767999939 ], [ 100.218140698, -0.637469654999966 ], [ 100.218141622, -0.637469076999938 ], [ 100.218146004, -0.637455932999958 ], [ 100.218146327, -0.637454253999985 ], [ 100.218149663, -0.63743690499997 ], [ 100.218149898, -0.637429863999955 ], [ 100.218123133, -0.637299864999933 ], [ 100.218134843, -0.63699541499995 ], [ 100.21822852, -0.636749511999938 ], [ 100.218275781, -0.636625450999932 ], [ 100.21809892, -0.635337443999963 ], [ 100.218076295, -0.635297515999981 ], [ 100.21788894, -0.634993065999946 ], [ 100.217643038, -0.634641775999968 ], [ 100.21758449, -0.634454421999985 ], [ 100.217479103, -0.634173390999936 ], [ 100.217443974, -0.633845520999961 ], [ 100.217455684, -0.633611327999974 ], [ 100.217467393, -0.633330295999942 ], [ 100.217502522, -0.633072683999964 ], [ 100.217525942, -0.632768233999967 ], [ 100.21756107, -0.632569169999954 ], [ 100.217596626, -0.632478305999936 ], [ 100.217521493, -0.631774787999971 ], [ 100.217545513, -0.631749992999969 ], [ 100.217589424, -0.631685589999965 ], [ 100.217624553, -0.631618259999927 ], [ 100.217691883, -0.631548001999934 ], [ 100.217767996, -0.631474816999973 ], [ 100.217835326, -0.631407485999945 ], [ 100.217896802, -0.631319663999937 ], [ 100.217931931, -0.631228913999965 ], [ 100.217964132, -0.631144018999984 ], [ 100.217981697, -0.63109425299996 ], [ 100.218005116, -0.63096544699994 ], [ 100.218040245, -0.630845423999974 ], [ 100.21805781, -0.630734181999971 ], [ 100.218078301, -0.630622939999966 ], [ 100.218183688, -0.630620012999944 ], [ 100.218268583, -0.630549754999951 ], [ 100.218332986, -0.630494133999944 ], [ 100.218347623, -0.63043558599998 ], [ 100.218309567, -0.630353618999946 ], [ 100.218344696, -0.630265795999947 ], [ 100.21836226, -0.63024823199993 ], [ 100.218391534, -0.630230666999983 ], [ 100.2184413, -0.630224811999943 ], [ 100.218485211, -0.630204320999955 ], [ 100.218479357, -0.630142844999965 ], [ 100.218432518, -0.630022820999962 ], [ 100.21837397, -0.629932070999928 ], [ 100.218321276, -0.629873522999964 ], [ 100.218262728, -0.629800337999939 ], [ 100.218253946, -0.629733006999973 ], [ 100.218292002, -0.629700805999959 ], [ 100.218371042, -0.629706660999945 ], [ 100.218403244, -0.629697878999936 ], [ 100.218403244, -0.629662749999974 ], [ 100.218368115, -0.629569071999926 ], [ 100.218327131, -0.629498814999974 ], [ 100.218286148, -0.629402209999972 ], [ 100.218289075, -0.629320242999936 ], [ 100.21829493, -0.629229492999979 ], [ 100.218297857, -0.629135815999972 ], [ 100.218292002, -0.629062629999966 ], [ 100.218248091, -0.62901871899993 ], [ 100.218169051, -0.629001154999978 ], [ 100.218101721, -0.629001154999978 ], [ 100.218040245, -0.629001154999978 ], [ 100.217984624, -0.62896602599995 ], [ 100.21795535, -0.628913332999959 ], [ 100.217914366, -0.628810872999962 ], [ 100.217867528, -0.628734759999939 ], [ 100.217823617, -0.62865864799994 ], [ 100.217776778, -0.62858838999995 ], [ 100.217674319, -0.628556187999944 ], [ 100.21762748, -0.628532768999955 ], [ 100.217495747, -0.628562042999933 ], [ 100.217413779, -0.628553260999987 ], [ 100.217407924, -0.628471293999953 ], [ 100.217407924, -0.628377615999968 ], [ 100.217399142, -0.628275156999967 ], [ 100.217399142, -0.628160987999942 ], [ 100.217416707, -0.628035108999945 ], [ 100.217440126, -0.627868246999989 ], [ 100.217486964, -0.627739440999965 ], [ 100.21748111, -0.627636980999972 ], [ 100.217475255, -0.627543303999982 ], [ 100.21753673, -0.627487683999963 ], [ 100.217612843, -0.627414497999962 ], [ 100.217650899, -0.627314965999978 ], [ 100.217683101, -0.627224216999935 ], [ 100.217712375, -0.627156885999969 ], [ 100.217645045, -0.627083700999946 ], [ 100.21753673, -0.627016369999981 ], [ 100.217492819, -0.626872926999965 ], [ 100.217504529, -0.62675875799994 ], [ 100.217516239, -0.626565548999967 ], [ 100.217571859, -0.626307936999979 ], [ 100.217586496, -0.626193767999951 ], [ 100.217624553, -0.62603861499998 ], [ 100.217653827, -0.625874679999928 ], [ 100.217668464, -0.625734164999926 ], [ 100.217683101, -0.625587793999964 ], [ 100.217709448, -0.625447277999971 ], [ 100.217715302, -0.625330181999972 ], [ 100.217708217, -0.625266413999953 ], [ 100.217740557, -0.625200327999948 ], [ 100.217845944, -0.624913441999979 ], [ 100.21798646, -0.624743651999946 ], [ 100.218103556, -0.624620700999976 ], [ 100.218249927, -0.624450910999943 ], [ 100.218349459, -0.624140605999972 ], [ 100.218454846, -0.623912266999985 ], [ 100.218536813, -0.623707348999982 ], [ 100.218607071, -0.62351999399994 ], [ 100.218665619, -0.623391187999969 ], [ 100.218767296, -0.623272564999982 ], [ 100.218771006, -0.623268236999936 ], [ 100.218934941, -0.623233107999971 ], [ 100.219098876, -0.623262381999949 ], [ 100.219315504, -0.623350204999963 ], [ 100.219397472, -0.623370696999929 ], [ 100.219562564310451, -0.623420241689933 ], [ 100.219831089462843, -0.623492967252039 ], [ 100.219875843654918, -0.623423038826937 ], [ 100.21997933772407, -0.623185282181588 ], [ 100.220074440382206, -0.622953119810248 ], [ 100.220191920136372, -0.622712566027895 ], [ 100.220301008479538, -0.62235453249137 ], [ 100.220378154, -0.62212947399997 ], [ 100.220547944, -0.622205586999945 ], [ 100.220726516, -0.622284626999945 ], [ 100.220808484, -0.622310973999967 ], [ 100.220960709, -0.622360739999984 ], [ 100.221110007, -0.622419287999949 ], [ 100.221259305, -0.622463198999985 ], [ 100.221399821, -0.62251589299996 ], [ 100.221598885, -0.622600787999948 ], [ 100.2217394, -0.622621278999935 ], [ 100.221894553, -0.622679827999944 ], [ 100.222017504, -0.622706173999983 ], [ 100.222125818, -0.622720810999966 ], [ 100.222196076, -0.622741302999948 ], [ 100.222187294, -0.622796923999938 ], [ 100.222128746, -0.622893528999961 ], [ 100.222073125, -0.622984277999937 ], [ 100.222035069, -0.623069172999978 ], [ 100.221973593, -0.62321261599994 ], [ 100.221874061, -0.623318002999956 ], [ 100.221803803, -0.62342924499996 ], [ 100.221748182, -0.62351999399994 ], [ 100.221578393, -0.623774678999958 ], [ 100.221695489, -0.624032290999946 ], [ 100.22198823, -0.624336741999973 ], [ 100.222234133, -0.62453580599993 ], [ 100.222433197, -0.624734869999943 ], [ 100.222526874, -0.624992481999932 ], [ 100.222526874, -0.625308641999936 ], [ 100.222515164, -0.625542834999988 ], [ 100.222480035, -0.625823866999959 ], [ 100.222503454, -0.626093187999975 ], [ 100.222737647, -0.626397638999955 ], [ 100.223053808, -0.626748927999938 ], [ 100.223229452, -0.627065088999935 ], [ 100.223440226, -0.627381248999944 ], [ 100.223650999, -0.627592022999976 ], [ 100.223838354, -0.627919892999957 ], [ 100.223850063, -0.628177504999941 ], [ 100.223721257, -0.628458535999924 ], [ 100.22362758, -0.628681018999948 ], [ 100.223545613, -0.628950340999952 ], [ 100.22329971, -0.629325049999978 ], [ 100.223135775, -0.62960608099997 ], [ 100.22298355, -0.629793434999959 ], [ 100.222889873, -0.629945660999971 ], [ 100.222772776, -0.630133014999961 ], [ 100.222702518, -0.630285239999987 ], [ 100.222679099, -0.630460884999942 ], [ 100.222667389, -0.630659948999949 ], [ 100.222608841, -0.63083559399997 ], [ 100.222618982440281, -0.630941711465848 ], [ 100.222643304167988, -0.6311014590683 ], [ 100.222749357, -0.631058076999982 ], [ 100.22296013, -0.630788754999968 ], [ 100.223135775, -0.630624819999986 ], [ 100.223440226, -0.630496013999964 ], [ 100.223826644, -0.630378917999971 ], [ 100.224037418, -0.630320368999944 ], [ 100.224435545, -0.630226691999956 ], [ 100.224798544, -0.630156433999962 ], [ 100.225618219, -0.629816854999956 ], [ 100.225887541, -0.629723177999947 ], [ 100.226133444, -0.629688048999982 ], [ 100.226297379, -0.629758306999974 ], [ 100.226437894, -0.629945660999971 ], [ 100.226508152, -0.630168143999925 ], [ 100.226508152, -0.630285239999987 ], [ 100.226543281, -0.630460884999942 ], [ 100.226648668, -0.630636529999944 ], [ 100.226789184, -0.630741916999973 ], [ 100.226988248, -0.630870722999929 ], [ 100.227105344, -0.630940979999943 ], [ 100.227269279, -0.63103465799998 ], [ 100.227468343, -0.631151753999973 ], [ 100.227620568, -0.631222011999964 ], [ 100.227807922, -0.631280559999943 ], [ 100.228065535, -0.631233720999946 ], [ 100.228311437, -0.631128334999975 ], [ 100.228569049, -0.631022947999954 ], [ 100.22852354624726, -0.630796866473337 ], [ 100.228650682459346, -0.630748642392892 ], [ 100.228733978598299, -0.630643426217374 ], [ 100.228944410949325, -0.630608354158868 ], [ 100.229075064799503, -0.630630433375939 ], [ 100.229046322502242, -0.630583870854362 ], [ 100.229013629577935, -0.630515438820811 ], [ 100.228916676, -0.63029190699996 ], [ 100.228982723, -0.629515854999974 ], [ 100.229065282, -0.629070036999968 ], [ 100.229040514, -0.62881410499995 ], [ 100.229131329, -0.628079331999974 ], [ 100.229147841, -0.627501419999933 ], [ 100.229172609, -0.627336302999931 ], [ 100.229180864, -0.627105137999937 ], [ 100.229321214, -0.626857461999975 ], [ 100.229296447, -0.626568505999961 ], [ 100.229321214, -0.626254782999982 ], [ 100.229347307, -0.626087787999957 ], [ 100.22921574, -0.626052489999956 ], [ 100.22903608, -0.625987949999966 ], [ 100.22896548, -0.625962589999968 ], [ 100.22847027, -0.625784699999943 ], [ 100.227764777, -0.625482652999949 ], [ 100.227606689, -0.624887499999954 ], [ 100.227500871923851, -0.624579668804417 ], [ 100.227146721352057, -0.624424532049519 ], [ 100.227128742446681, -0.624172827374146 ], [ 100.227152329399004, -0.623936957850862 ], [ 100.227185351132249, -0.623597305737333 ], [ 100.227206579389346, -0.623420403594869 ], [ 100.227159405484699, -0.623106697128901 ], [ 100.227270264160651, -0.622828371091426 ], [ 100.22739763370322, -0.622557121139649 ], [ 100.227539155417176, -0.622295305968804 ], [ 100.228036840111301, -0.622222186416585 ], [ 100.228361350181103, -0.622211247874907 ], [ 100.228836846178325, -0.621702161206785 ], [ 100.229046975, -0.62163221999993 ], [ 100.229515361, -0.621597090999962 ], [ 100.229843231, -0.621515122999938 ], [ 100.23020623, -0.621304349999946 ], [ 100.23051068, -0.621011608999947 ], [ 100.230686325, -0.620753996999957 ], [ 100.230979066, -0.620519803999969 ], [ 100.231000615, -0.620510824999939 ], [ 100.231133542, -0.620256699999972 ], [ 100.231114207, -0.619695978999979 ], [ 100.231094871, -0.619231933999973 ], [ 100.231404235, -0.618709882999952 ], [ 100.232013294, -0.617975144999945 ], [ 100.232825373, -0.617549769999929 ], [ 100.234285182, -0.616998716999952 ], [ 100.235174602, -0.616863369999988 ], [ 100.235590139194017, -0.616763333032238 ], [ 100.235579619869256, -0.616358339029114 ], [ 100.235604779285069, -0.615729353633689 ], [ 100.235797668139668, -0.615016503518875 ], [ 100.236309242927945, -0.61430365340406 ], [ 100.236896295963675, -0.613959808054561 ], [ 100.237684624325937, -0.613792078615781 ], [ 100.238498112104025, -0.613792078615781 ], [ 100.238841957453516, -0.614077218661707 ], [ 100.239100631494367, -0.614562232488297 ], [ 100.23930267, -0.61448513899996 ], [ 100.239424181, -0.614363626999935 ], [ 100.239388747, -0.614243151999979 ], [ 100.239107716, -0.613581556999973 ], [ 100.239008184, -0.613452750999955 ], [ 100.238838394, -0.613359073999959 ], [ 100.238510524, -0.61318928399994 ], [ 100.238340734, -0.613095606999934 ], [ 100.238135815, -0.612984365999988 ], [ 100.238059703, -0.612949236999961 ], [ 100.237854784, -0.612849704999979 ], [ 100.237573753, -0.61273260799994 ], [ 100.237269302, -0.612486705999976 ], [ 100.237058528, -0.61227593199994 ], [ 100.236901302, -0.612013887999986 ], [ 100.236941432, -0.611989045999962 ], [ 100.23698827, -0.611953916999937 ], [ 100.237058528, -0.611907078999942 ], [ 100.237128786, -0.611842675999986 ], [ 100.237163915, -0.611778272999968 ], [ 100.237199044, -0.61169044999997 ], [ 100.237222463, -0.611555788999965 ], [ 100.237226262, -0.611528250999925 ], [ 100.236860626912474, -0.610314878167978 ], [ 100.2362771, -0.608375689999955 ], [ 100.2362608, -0.608239099999932 ], [ 100.236257023, -0.608207447999979 ], [ 100.236450359, -0.608135841999965 ], [ 100.236590874, -0.608100712999941 ], [ 100.23671968, -0.608077293999951 ], [ 100.236848487, -0.60803045499995 ], [ 100.236942164, -0.607913358999956 ], [ 100.236989002, -0.607831390999942 ], [ 100.23707097, -0.607667455999947 ], [ 100.23707097, -0.607515230999983 ], [ 100.23704755, -0.607339585999964 ], [ 100.23705926, -0.607163941999951 ], [ 100.237082679, -0.60698829699993 ], [ 100.237223195, -0.606789232999975 ], [ 100.237433969, -0.606695555999978 ], [ 100.237843806, -0.606519910999973 ], [ 100.237949193, -0.606461362999941 ], [ 100.238183386, -0.606555039999932 ], [ 100.238874255, -0.60689461999994 ], [ 100.240197444, -0.60748010199996 ], [ 100.240455056, -0.607632326999981 ], [ 100.240560443, -0.607655745999983 ], [ 100.24066583, -0.607573778999952 ], [ 100.240747798, -0.607538649999922 ], [ 100.240818055, -0.607503520999958 ], [ 100.240864894, -0.607433262999972 ], [ 100.240864894, -0.607316166999975 ], [ 100.240818055, -0.607199069999988 ], [ 100.240806346, -0.607070263999966 ], [ 100.240888313, -0.606847780999953 ], [ 100.240900023, -0.606660426999951 ], [ 100.240900023, -0.606648716999932 ], [ 100.240911733, -0.60649649199997 ], [ 100.241075667, -0.606367685999947 ], [ 100.241344989, -0.606355975999979 ], [ 100.241567472, -0.606297427999945 ], [ 100.241883633, -0.606192040999929 ], [ 100.242024149, -0.606133492999962 ], [ 100.242586211, -0.605957847999943 ], [ 100.242796985, -0.605875880999971 ], [ 100.243089726, -0.605782203999983 ], [ 100.24328879, -0.605665106999938 ], [ 100.243394177, -0.605512881999982 ], [ 100.243433346, -0.605287659999937 ], [ 100.243441015, -0.605243559999971 ], [ 100.243499564, -0.604857141999956 ], [ 100.243417596, -0.604259949999978 ], [ 100.2433005, -0.603522242999936 ], [ 100.243359048, -0.603018727999938 ], [ 100.243405886, -0.602035117999952 ], [ 100.244049917, -0.600337219999973 ], [ 100.244506593, -0.59924822299997 ], [ 100.245132923, -0.598576692999926 ], [ 100.245232591, -0.598605656999951 ], [ 100.246642062, -0.598855723999973 ], [ 100.246684586, -0.598863268999943 ], [ 100.246886766121932, -0.598919439969523 ], [ 100.247178874851869, -0.598995499133528 ], [ 100.248532284186098, -0.599346832216291 ], [ 100.249729093, -0.599659523999948 ], [ 100.250396543, -0.599882007999954 ], [ 100.250809308, -0.599968365999928 ], [ 100.250965924, -0.599993248999969 ], [ 100.251001116193294, -0.600000807127462 ], [ 100.251051718922497, -0.600211003079547 ], [ 100.251308211211068, -0.600340345344723 ], [ 100.251571280224979, -0.600441188466725 ], [ 100.251641431962028, -0.600456534159204 ], [ 100.251750711692168, -0.600241337152177 ], [ 100.251770962, -0.600249397999969 ], [ 100.251946607, -0.600315263999961 ], [ 100.252106151, -0.600376739999951 ], [ 100.254102645, -0.601039797999937 ], [ 100.25475253, -0.601332539999932 ], [ 100.255052619282566, -0.601501791602008 ], [ 100.255812253, -0.60170724799997 ], [ 100.25608957, -0.601819069999983 ], [ 100.256136038, -0.601850279999959 ], [ 100.256193965, -0.601888645999966 ], [ 100.256243616, -0.601915728999935 ], [ 100.256301542, -0.601948076999979 ], [ 100.256339157, -0.60195860899995 ], [ 100.256371117, -0.60196114599995 ], [ 100.256386551, -0.601962370999959 ], [ 100.256424918, -0.601963122999971 ], [ 100.256458019, -0.601954095999935 ], [ 100.256484349, -0.601952590999931 ], [ 100.256499812, -0.601951754999965 ], [ 100.256528087, -0.601954340999962 ], [ 100.25857334, -0.602141429999956 ], [ 100.25914376, -0.601958899999941 ], [ 100.26001079, -0.602072979999956 ], [ 100.260614552, -0.602024025999931 ], [ 100.260712738, -0.60200584399996 ], [ 100.260864963, -0.601994133999935 ], [ 100.261011334, -0.60200584399996 ], [ 100.261157704, -0.602040972999937 ], [ 100.261427026, -0.602181488999982 ], [ 100.261608526, -0.602304439999961 ], [ 100.261836864, -0.60243324599998 ], [ 100.262047637, -0.60261474499993 ], [ 100.262311104, -0.602848937999971 ], [ 100.262381362, -0.603001163999986 ], [ 100.262428201, -0.603118259999983 ], [ 100.262475039, -0.603235355999981 ], [ 100.262510168, -0.603311468999953 ], [ 100.262545297, -0.603405145999945 ], [ 100.262592136, -0.603498822999943 ], [ 100.262615555, -0.603557371999964 ], [ 100.262668248, -0.603662757999934 ], [ 100.262738506, -0.603768144999956 ], [ 100.262797054, -0.603832547999956 ], [ 100.262855603, -0.603879386999958 ], [ 100.26292586, -0.603932079999937 ], [ 100.263013683, -0.603984773999976 ], [ 100.263060521, -0.604107724999958 ], [ 100.263052206, -0.604149299999968 ], [ 100.263037102, -0.604224820999955 ], [ 100.263031247, -0.60431264399995 ], [ 100.263031247, -0.604388755999939 ], [ 100.263130779, -0.604529271999982 ], [ 100.263236166, -0.604605384999953 ], [ 100.263405956, -0.604722480999956 ], [ 100.263546472, -0.604816157999958 ], [ 100.263692842, -0.604939108999929 ], [ 100.263798229, -0.605015221999971 ], [ 100.263876271451537, -0.605042236556694 ], [ 100.263895622878465, -0.605048739412371 ], [ 100.263950454, -0.605067914999951 ], [ 100.264073405, -0.605091334999947 ], [ 100.264123156, -0.60510716399995 ], [ 100.26413894, -0.605165249999979 ], [ 100.26437416, -0.605404089999989 ], [ 100.26475566, -0.605667089999948 ], [ 100.26484792, -0.605974629999933 ], [ 100.26482854, -0.606178199999937 ], [ 100.26480766, -0.606202319999967 ], [ 100.26478781, -0.606219579999963 ], [ 100.263993633, -0.607109258999967 ], [ 100.264737732, -0.607569194999947 ], [ 100.265336556, -0.607846037999944 ], [ 100.265372666, -0.607867101999945 ], [ 100.265529142, -0.607611322999955 ], [ 100.26568261, -0.607310406999953 ], [ 100.265812004, -0.607316424999965 ], [ 100.266130975, -0.607463873999963 ], [ 100.266175161, -0.607470255999945 ], [ 100.266661274, -0.607667738999972 ], [ 100.266785575595861, -0.607718562203696 ], [ 100.267147225, -0.60785509299996 ], [ 100.267519006, -0.608042447999938 ], [ 100.267685868, -0.608150761999981 ], [ 100.267761713, -0.608192717999946 ], [ 100.267764488, -0.608193932999939 ], [ 100.267799617, -0.608210032999982 ], [ 100.267830355, -0.608229061999962 ], [ 100.267861093, -0.608242234999977 ], [ 100.267890367, -0.608255407999936 ], [ 100.267918177, -0.608267117999959 ], [ 100.267940133, -0.608280290999973 ], [ 100.267918177, -0.608313955999969 ], [ 100.267902076, -0.608349084999933 ], [ 100.267877193, -0.608397387999963 ], [ 100.267870113, -0.608411547999933 ], [ 100.267856701, -0.608438370999982 ], [ 100.267839137, -0.608472036999959 ], [ 100.26781279, -0.608518874999966 ], [ 100.26779669, -0.608556931999943 ], [ 100.267782052, -0.608590596999934 ], [ 100.267765952, -0.608614015999939 ], [ 100.267757379, -0.608631161999946 ], [ 100.267752778, -0.608640362999958 ], [ 100.267739605, -0.608662317999978 ], [ 100.267726432, -0.608672563999956 ], [ 100.26769423, -0.608663781999949 ], [ 100.267640073, -0.608638898999975 ], [ 100.267604944, -0.608621334999958 ], [ 100.267553714, -0.608597914999963 ], [ 100.267518586, -0.608584741999953 ], [ 100.267462965, -0.608555467999961 ], [ 100.267388316, -0.608534975999926 ], [ 100.267323913, -0.608493991999978 ], [ 100.267266828, -0.60846910899994 ], [ 100.267200961, -0.608436907999928 ], [ 100.267133631, -0.608406169999975 ], [ 100.267025317, -0.608375431999951 ], [ 100.26697116, -0.608347621999943 ], [ 100.266756727, -0.608247036999957 ], [ 100.266675911, -0.608223946999943 ], [ 100.266570525, -0.608168325999946 ], [ 100.266348041, -0.608071721999979 ], [ 100.266178252, -0.607983899999974 ], [ 100.265990897, -0.607884367999928 ], [ 100.265930308, -0.607854072999944 ], [ 100.265930259, -0.607854072999944 ], [ 100.265930211, -0.607854078999943 ], [ 100.265930134, -0.607854092999954 ], [ 100.265930068, -0.607854103999959 ], [ 100.265930005, -0.607854135999961 ], [ 100.265929961, -0.607854161999964 ], [ 100.26579247, -0.608069429999951 ], [ 100.26556746, -0.608421709999961 ], [ 100.26357294755789, -0.611278297479555 ], [ 100.263547533871886, -0.611353200975195 ], [ 100.263597761, -0.611397890999973 ], [ 100.26396209, -0.611606259999979 ], [ 100.264243213, -0.611707868999936 ], [ 100.264346736, -0.611717070999929 ], [ 100.264504816, -0.611717070999929 ], [ 100.26463655, -0.611684869999977 ], [ 100.264733154, -0.611670232999935 ], [ 100.264832686, -0.611652667999978 ], [ 100.264908799, -0.611635103999956 ], [ 100.265002476, -0.611614611999925 ], [ 100.265102008, -0.61159997499993 ], [ 100.265239596, -0.611570700999953 ], [ 100.265315709, -0.611573627999977 ], [ 100.265415241, -0.611611684999952 ], [ 100.265570394, -0.611673159999955 ], [ 100.265672853, -0.61171999899994 ], [ 100.265927538, -0.611799038999955 ], [ 100.265974376, -0.611784401999962 ], [ 100.266035106133117, -0.61176595519645 ], [ 100.266079763, -0.611752199999952 ], [ 100.26619686, -0.611728780999951 ], [ 100.266340303, -0.611722925999975 ], [ 100.266454472, -0.61171999899994 ], [ 100.266606697, -0.611799038999955 ], [ 100.266694519, -0.611889788999978 ], [ 100.266726721, -0.611939554999935 ], [ 100.266738431, -0.612012739999962 ], [ 100.266729648, -0.612112271999941 ], [ 100.266685737, -0.61220302199996 ], [ 100.266644753, -0.612276206999987 ], [ 100.266594987, -0.612308407999933 ], [ 100.266530584, -0.612328899999967 ], [ 100.266457399, -0.612334754999952 ], [ 100.266401778, -0.612334754999952 ], [ 100.266349085, -0.61232304499993 ], [ 100.266305174, -0.612317190999932 ], [ 100.266223206, -0.612282061999968 ], [ 100.266123674, -0.612255714999955 ], [ 100.266029997, -0.612217658999956 ], [ 100.26592461, -0.612182529999928 ], [ 100.265874844, -0.61216203799996 ], [ 100.265816296, -0.612141545999978 ], [ 100.265769458, -0.612123980999972 ], [ 100.265760074, -0.612122808999973 ], [ 100.265759792, -0.612123318999977 ], [ 100.265725546, -0.612097634999946 ], [ 100.265693345, -0.612071287999926 ], [ 100.265634797, -0.61203615899996 ], [ 100.265576249, -0.61203615899996 ], [ 100.26552941, -0.612027376999953 ], [ 100.265482571, -0.612027376999953 ], [ 100.265441588, -0.612027376999953 ], [ 100.265394749, -0.612030303999978 ], [ 100.265339128, -0.61203615899996 ], [ 100.26529229, -0.612047868999988 ], [ 100.265219104, -0.612053723999971 ], [ 100.265175193, -0.612053723999971 ], [ 100.265104935, -0.61206250599998 ], [ 100.265049315, -0.612068360999951 ], [ 100.264946855, -0.612080069999931 ], [ 100.264829759, -0.612100561999967 ], [ 100.264759501, -0.612126908999933 ], [ 100.264700953, -0.61215032799994 ], [ 100.264642405, -0.612220585999974 ], [ 100.264595989532708, -0.61229939469824 ], [ 100.264562061780467, -0.61236850678617 ], [ 100.264535362491927, -0.612501495197793 ], [ 100.264548049243572, -0.612549935522226 ], [ 100.264631151284831, -0.612607153321128 ], [ 100.264721064968825, -0.612654834820214 ], [ 100.264834138238086, -0.612682081391119 ], [ 100.265008516291886, -0.612694342348027 ], [ 100.265136575175134, -0.612699791662208 ], [ 100.265223764202034, -0.61275428480402 ], [ 100.265343649114001, -0.61287008273037 ], [ 100.265215590230767, -0.613066258040893 ], [ 100.26508480669041, -0.613293766907957 ], [ 100.264992168349323, -0.613464057976119 ], [ 100.264940968330492, -0.613539638956308 ], [ 100.264946855, -0.613546702999941 ], [ 100.264987839, -0.613578904999943 ], [ 100.265004651, -0.613587621999965 ], [ 100.26501378, -0.613595689999962 ], [ 100.26520015, -0.613716919999944 ], [ 100.26543356, -0.613874329999931 ], [ 100.26607228, -0.614308589999956 ], [ 100.26653548, -0.614628849999976 ], [ 100.26678518, -0.614788079999924 ], [ 100.26684127, -0.614867689999928 ], [ 100.26687384, -0.614992539999955 ], [ 100.26692482, -0.61514228999994 ], [ 100.266940629874341, -0.615165704737352 ], [ 100.26696069, -0.615247669999973 ], [ 100.2670112, -0.615429219999954 ], [ 100.26669015, -0.616282919999952 ], [ 100.26663748, -0.616422959999966 ], [ 100.2662876, -0.616602899999982 ], [ 100.26608583, -0.617035959999957 ], [ 100.266075399, -0.617058346999952 ], [ 100.26599085, -0.617239809999942 ], [ 100.26585334, -0.617876719999978 ], [ 100.26579524, -0.618257039999945 ], [ 100.26577373, -0.618397829999943 ], [ 100.26560003, -0.618629429999941 ], [ 100.26521643, -0.618839319999953 ], [ 100.2644792, -0.619199749999949 ], [ 100.26446456, -0.619243195999963 ], [ 100.264463833, -0.619243443999947 ], [ 100.264118398, -0.619483491999973 ], [ 100.26389006, -0.619659135999939 ], [ 100.263714415, -0.619770377999951 ], [ 100.263568045, -0.619922602999964 ], [ 100.263351416, -0.620010425999973 ], [ 100.26323432, -0.620086537999958 ], [ 100.263035256, -0.62012752199997 ], [ 100.262830337, -0.620279746999933 ], [ 100.262713241, -0.620490520999961 ], [ 100.262631273, -0.62075398799994 ], [ 100.262719096, -0.620917922999984 ], [ 100.262812773, -0.62109356799994 ], [ 100.262935724, -0.621228227999958 ], [ 100.263023546, -0.621351179999982 ], [ 100.263123078, -0.621474130999964 ], [ 100.263228465, -0.621550243999941 ], [ 100.263363126, -0.621538533999971 ], [ 100.263532916, -0.621462420999944 ], [ 100.263696851, -0.62138045399996 ], [ 100.263848793, -0.621316735999926 ], [ 100.26387835, -0.621304340999933 ], [ 100.264042285, -0.621239937999983 ], [ 100.264270623, -0.621146260999989 ], [ 100.264422849, -0.621087712999957 ], [ 100.264662896, -0.621035018999986 ], [ 100.264679966265064, -0.62104142969041 ], [ 100.264820977, -0.62109356799994 ], [ 100.264832686, -0.621245792999966 ], [ 100.264832686, -0.621433146999955 ], [ 100.264785848, -0.621708323999939 ], [ 100.264744864, -0.62194837199996 ], [ 100.26470388, -0.622153289999976 ], [ 100.264633622, -0.62243432199995 ], [ 100.264487252, -0.622750481999957 ], [ 100.264452437, -0.622959373999948 ], [ 100.264606194, -0.62335074499993 ], [ 100.26460492, -0.623462814999926 ], [ 100.264575803, -0.623522989999971 ], [ 100.264492333, -0.62360451899998 ], [ 100.264354511, -0.623740399999976 ], [ 100.264234159, -0.623851045999967 ], [ 100.264020632, -0.624012161999924 ], [ 100.26392191726103, -0.624047504530927 ], [ 100.263640057268148, -0.623815030263277 ], [ 100.263364866901995, -0.623592970710393 ], [ 100.263042676201053, -0.623362737186239 ], [ 100.262519542039669, -0.622937690680106 ], [ 100.261911943508451, -0.622469049660525 ], [ 100.261497795630675, -0.622022205897667 ], [ 100.261040053239498, -0.621673449790072 ], [ 100.260824805329293, -0.621638029247894 ], [ 100.260677673846402, -0.62157263747772 ], [ 100.260535991677699, -0.621463651194096 ], [ 100.260386135537715, -0.621406433395194 ], [ 100.260189960227194, -0.621430955309009 ], [ 100.259955639717404, -0.62152631830718 ], [ 100.259819406862874, -0.621749740188608 ], [ 100.259803058920312, -0.621913219614044 ], [ 100.259879349318851, -0.622030379868939 ], [ 100.259969263002844, -0.62221838120819 ], [ 100.259876624661757, -0.622428179804166 ], [ 100.259832609561244, -0.622541039036261 ], [ 100.259823848, -0.622546587999978 ], [ 100.25977581234946, -0.622642065385777 ], [ 100.259734942493097, -0.622740153041039 ], [ 100.259699521950921, -0.622824617410847 ], [ 100.259666826065839, -0.622913168766291 ], [ 100.259635492509318, -0.623026242035551 ], [ 100.2595809993675, -0.623211518717711 ], [ 100.25953195553987, -0.623327316644061 ], [ 100.25949653499768, -0.623518042640403 ], [ 100.259428418570408, -0.623655637823477 ], [ 100.259386186385498, -0.623752363150193 ], [ 100.259352147, -0.623843281999944 ], [ 100.259369617, -0.623940338999952 ], [ 100.259404558, -0.624068455999971 ], [ 100.259449205, -0.62420821899997 ], [ 100.259464734, -0.624359629999957 ], [ 100.259439499, -0.624625567999954 ], [ 100.259319147, -0.624773095999961 ], [ 100.259295974, -0.624786167999961 ], [ 100.259785025, -0.625460265999952 ], [ 100.260452783, -0.626213434999961 ], [ 100.260684064, -0.626414284999957 ], [ 100.260724545, -0.626430844999968 ], [ 100.260761682, -0.626435129999944 ], [ 100.260931546, -0.626379738999955 ], [ 100.261306254, -0.626268497999948 ], [ 100.261710237, -0.626151400999958 ], [ 100.262412815, -0.625923062999959 ], [ 100.26325591, -0.625653741999951 ], [ 100.264128278, -0.625390274999974 ], [ 100.264819147, -0.625197064999955 ], [ 100.265371983, -0.625019229999968 ], [ 100.265410501, -0.625021563999962 ], [ 100.265455727, -0.625033465999944 ], [ 100.26557018, -0.625318759999979 ], [ 100.2656355, -0.625720749999973 ], [ 100.26566418, -0.625843699999961 ], [ 100.26566775, -0.625859029999959 ], [ 100.26739956, -0.627020329999939 ], [ 100.26846714, -0.627736209999971 ], [ 100.26875818, -0.627930239999962 ], [ 100.268806819, -0.628063988999946 ], [ 100.268929248, -0.627845365999984 ], [ 100.269140021, -0.627435527999978 ], [ 100.269362505, -0.626984706999962 ], [ 100.269538149, -0.626645126999964 ], [ 100.269778197, -0.62617674199993 ], [ 100.27000068, -0.625714210999946 ], [ 100.270111922, -0.625257534999947 ], [ 100.270264147, -0.62481256799993 ], [ 100.270463176, -0.624025928999973 ], [ 100.27051005, -0.623840667999959 ], [ 100.270750097, -0.623208346999947 ], [ 100.270937452, -0.62258773599996 ], [ 100.271259467, -0.621814899999955 ], [ 100.271326751163372, -0.621708912526644 ], [ 100.271558063, -0.621358223999955 ], [ 100.271751272, -0.621135740999928 ], [ 100.271864081, -0.62098388199997 ], [ 100.271903497, -0.620930821999934 ], [ 100.272260641, -0.620561967999958 ], [ 100.274549876, -0.618395683999957 ], [ 100.275094375, -0.617745798999982 ], [ 100.275494756702201, -0.617217514524551 ], [ 100.27558618, -0.617095913999949 ], [ 100.275931614, -0.616686075999955 ], [ 100.277301642, -0.615046725999945 ], [ 100.277729044, -0.614607614999956 ], [ 100.278033495, -0.614268034999952 ], [ 100.278396494, -0.613840632999941 ], [ 100.278630687, -0.613553746999977 ], [ 100.278689235, -0.613413230999931 ], [ 100.278777057, -0.613266860999949 ], [ 100.278894154, -0.613114634999933 ], [ 100.278992792, -0.613057528999951 ], [ 100.279005395, -0.613050231999981 ], [ 100.279035142, -0.613041308999925 ], [ 100.279041988, -0.613037058999964 ], [ 100.279085899, -0.613023885999955 ], [ 100.279103463, -0.613019831999968 ], [ 100.279123955, -0.613015103999943 ], [ 100.279159084, -0.613010711999947 ], [ 100.279201532, -0.613004857999954 ], [ 100.279238124, -0.613004857999954 ], [ 100.279289354, -0.613013639999961 ], [ 100.279334729, -0.613019494999947 ], [ 100.279375713, -0.613037058999964 ], [ 100.279400596, -0.613054623999972 ], [ 100.279425479, -0.613070723999961 ], [ 100.279448898, -0.613089751999962 ], [ 100.279491345, -0.61311024399993 ], [ 100.279517367, -0.613123939999986 ], [ 100.279631861, -0.61315708299998 ], [ 100.279936312, -0.613227340999981 ], [ 100.280439826, -0.613332727999935 ], [ 100.280861374, -0.613438113999968 ], [ 100.28131805, -0.613461533999951 ], [ 100.28159122, -0.613438118999967 ], [ 100.281727887, -0.613426404999928 ], [ 100.282020628, -0.613262469999944 ], [ 100.282114305, -0.612946308999943 ], [ 100.282149434, -0.612606729999932 ], [ 100.282588546, -0.611751925999954 ], [ 100.283048149, -0.611582135999934 ], [ 100.283449205, -0.611520659999936 ], [ 100.283791712, -0.611526515 ], [ 100.28400834, -0.611541151999973 ], [ 100.284119582, -0.611570425999959 ], [ 100.284163493, -0.611567498999937 ], [ 100.284175202, -0.611523587999956 ], [ 100.284224968, -0.611216209999958 ], [ 100.284301081, -0.610762460999977 ], [ 100.284377194, -0.610191615999956 ], [ 100.284438669, -0.609846181999958 ], [ 100.284473798, -0.609532948999975 ], [ 100.284526492, -0.609237279999939 ], [ 100.284534961, -0.609125481999973 ], [ 100.284581309, -0.60884173799997 ], [ 100.284725556, -0.608877208999966 ], [ 100.284745294, -0.60888169499998 ], [ 100.285009807, -0.608832482999965 ], [ 100.286154454, -0.608929213999953 ], [ 100.286509133, -0.608711569999972 ], [ 100.286702595, -0.608751873999954 ], [ 100.286815447, -0.608888908999981 ], [ 100.286759021, -0.609259709999952 ], [ 100.286702595, -0.609622450999953 ], [ 100.286742899, -0.610098042999936 ], [ 100.286855752, -0.610444661999967 ], [ 100.28704584, -0.610590883999982 ], [ 100.28719629, -0.610627799999988 ], [ 100.287321022, -0.610678471999962 ], [ 100.287484501, -0.610613940999952 ], [ 100.287710206, -0.610476904999928 ], [ 100.28810519, -0.610460783999941 ], [ 100.288613026, -0.610565574999963 ], [ 100.288951584, -0.610638122999942 ], [ 100.289088619, -0.610565574999963 ], [ 100.289265959, -0.610517209999965 ], [ 100.289451359, -0.610573635999977 ], [ 100.289757673, -0.610767097999947 ], [ 100.290184901, -0.610920254999944 ], [ 100.29062825, -0.611065351 ], [ 100.290926161524226, -0.611202097124417 ], [ 100.291119965, -0.611291055999971 ], [ 100.291676166, -0.611492577999977 ], [ 100.292256551, -0.611669917999963 ], [ 100.292595108, -0.611798891999972 ], [ 100.292820813, -0.612008474999929 ], [ 100.292901422, -0.612274484999945 ], [ 100.292956027, -0.612420096999926 ], [ 100.294561655, -0.612906788999965 ], [ 100.296142457, -0.613199529999982 ], [ 100.297453937, -0.613398593999942 ], [ 100.298812256, -0.613539109999981 ], [ 100.300393057, -0.613691334999945 ], [ 100.301681118, -0.613855269999937 ], [ 100.303074565, -0.61399578599998 ], [ 100.304503142, -0.614487590999943 ], [ 100.30555701, -0.615084782999936 ], [ 100.306306427, -0.615494619999938 ], [ 100.307055844, -0.615810780999936 ], [ 100.307641326, -0.616021553999939 ], [ 100.308273647, -0.616220617999947 ], [ 100.308824, -0.616489939999957 ], [ 100.30946803, -0.616630455999937 ], [ 100.309901287, -0.61671242299997 ], [ 100.310521898, -0.616759261999957 ], [ 100.311517218, -0.61671242299997 ], [ 100.312290054, -0.616642164999969 ], [ 100.312980923, -0.616536778999943 ], [ 100.318870873, -0.614077753999942 ], [ 100.320147224, -0.612438403999935 ], [ 100.320766504, -0.611252324999963 ], [ 100.321450134, -0.610782329999955 ], [ 100.321678197, -0.61055426699994 ], [ 100.321690867, -0.610782329999955 ], [ 100.3219316, -0.611697115999965 ], [ 100.322027893, -0.612467460999936 ], [ 100.322187418, -0.612898177999973 ], [ 100.321997348, -0.61332833599994 ], [ 100.321692897, -0.61398407599996 ], [ 100.321318189, -0.614780331999958 ], [ 100.320521933, -0.61569368399996 ], [ 100.320100386, -0.616302585999963 ], [ 100.318835744, -0.617426710999952 ], [ 100.318414197, -0.617824838999982 ], [ 100.317430587, -0.618386901999947 ], [ 100.316657751, -0.618902125999964 ], [ 100.316002011, -0.61922999599994 ], [ 100.315779372, -0.619363579999978 ], [ 100.315804868, -0.619456695999933 ], [ 100.316013721, -0.620219460999981 ], [ 100.316236204, -0.620898619999945 ], [ 100.316411848, -0.621495811999985 ], [ 100.316540654, -0.621999326999973 ], [ 100.316599203, -0.622456002999969 ], [ 100.316704589, -0.62284242099998 ], [ 100.316717328864982, -0.62290930481516 ], [ 100.316751428, -0.623088323999987 ], [ 100.316798267, -0.623603547999955 ], [ 100.316886089, -0.624364674999929 ], [ 100.31686267, -0.62472181899995 ], [ 100.316792412, -0.625763976999964 ], [ 100.316774847, -0.625927911999948 ], [ 100.316751428, -0.62607428199994 ], [ 100.316687025, -0.626203087999957 ], [ 100.316575783, -0.62622650799995 ], [ 100.316441122, -0.626267490999975 ], [ 100.316436504, -0.626271689999952 ], [ 100.316376719, -0.626326039999934 ], [ 100.316324026, -0.626408006999953 ], [ 100.316271333, -0.626548522999945 ], [ 100.316218639, -0.626677328999963 ], [ 100.316148381, -0.626806134999924 ], [ 100.316107398, -0.626934940999943 ], [ 100.316066414, -0.627046182999958 ], [ 100.316002011, -0.627180843999948 ], [ 100.315931753, -0.62728037599993 ], [ 100.31586735, -0.627356487999977 ], [ 100.315797092, -0.627415035999943 ], [ 100.315568754, -0.627567261999963 ], [ 100.315410674, -0.627614099999966 ], [ 100.315281868, -0.627684357999956 ], [ 100.315207913437433, -0.627751407633515 ], [ 100.315176481, -0.627778034999952 ], [ 100.315094514, -0.627830728999922 ], [ 100.314807627, -0.628193727999932 ], [ 100.314491467, -0.628785064999936 ], [ 100.314309968, -0.629013402999932 ], [ 100.314204581, -0.629124643999944 ], [ 100.314087484, -0.629241740999934 ], [ 100.313993807, -0.629341272999966 ], [ 100.313905985, -0.629458368999959 ], [ 100.313853291, -0.629534481999939 ], [ 100.313747905, -0.629616448999971 ], [ 100.313578115, -0.629721835999936 ], [ 100.313443454, -0.629797948999963 ], [ 100.313314648, -0.629862351999982 ], [ 100.313288214, -0.629880437999935 ], [ 100.313203406, -0.629938463999964 ], [ 100.313033616, -0.630037995999942 ], [ 100.312735021, -0.630518091999937 ], [ 100.312612069, -0.630892799999977 ], [ 100.312453989, -0.631150411999949 ], [ 100.31226078, -0.631396314999959 ], [ 100.312038297, -0.631665636999974 ], [ 100.311886072, -0.631858845999947 ], [ 100.311610895, -0.632134021999955 ], [ 100.311259606, -0.632526294999936 ], [ 100.310996139, -0.63281318199996 ], [ 100.310545317, -0.633281566999924 ], [ 100.310398947, -0.633486485999935 ], [ 100.310351163, -0.633531083999968 ], [ 100.309784191, -0.634060258999972 ], [ 100.309432901, -0.634411547999958 ], [ 100.309146015, -0.634727707999961 ], [ 100.308900113, -0.634991174999927 ], [ 100.308718613, -0.635225367999977 ], [ 100.308531259, -0.63544199599994 ], [ 100.308396598, -0.635594221999956 ], [ 100.308220953, -0.635886962999967 ], [ 100.308062873, -0.636203122999978 ], [ 100.307922358, -0.636484154999945 ], [ 100.307805261, -0.636741766999936 ], [ 100.307729148, -0.636929120999988 ], [ 100.307658891, -0.637104765999942 ], [ 100.30570338, -0.640863560999955 ], [ 100.305117898, -0.641542719999968 ], [ 100.304134288, -0.642456071999968 ], [ 100.303338032, -0.643158650999975 ], [ 100.302143649, -0.644587226999935 ], [ 100.30113662, -0.645102450999953 ], [ 100.300035913, -0.645617675999975 ], [ 100.299863031, -0.645716465999956 ], [ 100.29928463, -0.645944879999945 ], [ 100.298436567, -0.646282831999948 ], [ 100.298559357054046, -0.646037902629099 ], [ 100.298850205184834, -0.645578668738376 ], [ 100.299026244842949, -0.645306955353032 ], [ 100.299229073144687, -0.644874510105934 ], [ 100.29916784195926, -0.644553046382429 ], [ 100.298915263319358, -0.644327256386157 ], [ 100.298574664850406, -0.644346391131603 ], [ 100.298107777061503, -0.644384660622497 ], [ 100.297759524694371, -0.644564527229697 ], [ 100.297518426901746, -0.644767355531432 ], [ 100.297357695039992, -0.645012280273151 ], [ 100.297212270974597, -0.64519980077853 ], [ 100.297123055223963, -0.645351443636196 ], [ 100.297120066, -0.645356881999931 ], [ 100.297113245, -0.645352334999931 ], [ 100.296955165, -0.645282077999986 ], [ 100.296732682, -0.645211819999927 ], [ 100.296574602, -0.645147416999976 ], [ 100.296381393, -0.645071303999948 ], [ 100.295842749, -0.644790272999961 ], [ 100.29566125, -0.644679030999952 ], [ 100.295427057, -0.644526805999929 ], [ 100.295239703, -0.644398 ], [ 100.295052348, -0.644310176999977 ], [ 100.294853284, -0.644251628999944 ], [ 100.294701059, -0.644304321999923 ], [ 100.294583963, -0.64435701599996 ], [ 100.294425882, -0.644409708999942 ], [ 100.294250238, -0.644474111999959 ], [ 100.294033609, -0.64451509599997 ], [ 100.293547659, -0.644725869999952 ], [ 100.293284192, -0.644825401999931 ], [ 100.293190055, -0.644825401999931 ], [ 100.293003161, -0.644825401999931 ], [ 100.292757258, -0.644854675999975 ], [ 100.292569904, -0.644989336999965 ], [ 100.292417679, -0.645211819999927 ], [ 100.292312292, -0.645153271999962 ], [ 100.29222447, -0.644983481999928 ], [ 100.292142502, -0.644807836999975 ], [ 100.292066389, -0.644667320999933 ], [ 100.291961003, -0.644632191999966 ], [ 100.291838051, -0.644673175999969 ], [ 100.291633133, -0.644766852999962 ], [ 100.291475052, -0.64486638499994 ], [ 100.291328682, -0.64493078799996 ], [ 100.291194021, -0.644977626999942 ], [ 100.291047651, -0.64504202999996 ], [ 100.290983247, -0.645258657999936 ], [ 100.290971538, -0.645364044999953 ], [ 100.290971538, -0.645498705999957 ], [ 100.290971538, -0.645715333999935 ], [ 100.291024231, -0.645890978999941 ], [ 100.290994957, -0.646049058999955 ], [ 100.290801748, -0.646101752999925 ], [ 100.290608539, -0.646101752999925 ], [ 100.290450459, -0.646131026999965 ], [ 100.290315798, -0.646248122999964 ], [ 100.29024554, -0.646371073999948 ], [ 100.290181137, -0.646529154999948 ], [ 100.290093315, -0.646605266999933 ], [ 100.289970363, -0.646657960999967 ], [ 100.289864977, -0.646687234999943 ], [ 100.289835703, -0.646804330999944 ], [ 100.289758126, -0.646974120999972 ], [ 100.289749214, -0.647050509999935 ], [ 100.28974788, -0.647061942999931 ], [ 100.289733243, -0.647176111999957 ], [ 100.289699578, -0.647299063999985 ], [ 100.289698624, -0.647350589999975 ], [ 100.28969512, -0.647350589999975 ], [ 100.28968874, -0.647362859999929 ], [ 100.289546, -0.64732428999998 ], [ 100.28919648, -0.647232689999963 ], [ 100.28900123, -0.647182069999926 ], [ 100.28879392, -0.647189299999984 ], [ 100.288681389259011, -0.647196060365363 ], [ 100.28850466, -0.647208579999926 ], [ 100.28816959, -0.647215809999985 ], [ 100.2878273, -0.647244739999974 ], [ 100.28759107, -0.647336339999926 ], [ 100.2873693, -0.647471329999981 ], [ 100.2870704, -0.647553289999969 ], [ 100.28666543, -0.647789519999955 ], [ 100.28611101, -0.648180019999931 ], [ 100.28549392, -0.648604269999964 ], [ 100.28490575, -0.648989959999948 ], [ 100.28397047, -0.649640799999933 ], [ 100.28339676, -0.650012019999961 ], [ 100.28291466, -0.650339849999972 ], [ 100.28248076, -0.65064357999996 ], [ 100.282345270855046, -0.650731864507601 ], [ 100.28157923, -0.651101569999981 ], [ 100.28121942, -0.651265299999985 ], [ 100.28066805, -0.65151618999994 ], [ 100.28062438, -0.651536829999949 ], [ 100.28002203, -0.651646349999965 ], [ 100.27970839, -0.651728889999964 ], [ 100.279523637, -0.651734645999969 ], [ 100.27857974, -0.651764049999939 ], [ 100.27780679, -0.651788129999943 ], [ 100.27770205, -0.651791389999984 ], [ 100.277647204436875, -0.651790507597478 ], [ 100.27753533, -0.651796589999945 ], [ 100.277177571187721, -0.65181354401819 ], [ 100.27632555, -0.651868069999987 ], [ 100.275572571489192, -0.651782957846152 ], [ 100.2745524, -0.65166608999994 ], [ 100.274468504, -0.651656532999948 ], [ 100.274321053645693, -0.651933491438186 ], [ 100.274054037250806, -0.652369436572681 ], [ 100.273570410617211, -0.652620105025015 ], [ 100.273376959963755, -0.652767236507907 ], [ 100.273281596965575, -0.652764511850816 ], [ 100.273116755211603, -0.652752250893909 ], [ 100.272936927843631, -0.652620105025015 ], [ 100.272762549789832, -0.65241303108613 ], [ 100.272637215563677, -0.652178710576339 ], [ 100.272582722421873, -0.651985259922907 ], [ 100.272552751193871, -0.651650127100765 ], [ 100.272507463963095, -0.651537814768424 ], [ 100.2712995, -0.651516139999953 ], [ 100.270351376, -0.651505909999974 ], [ 100.270329218, -0.651529650999982 ], [ 100.270305798, -0.651560388999944 ], [ 100.270267742, -0.651598444999939 ], [ 100.270232613, -0.651658456999939 ], [ 100.270197484, -0.651746278999956 ], [ 100.27006136, -0.651885330999971 ], [ 100.269977928, -0.652030237999955 ], [ 100.269882788, -0.652142943999939 ], [ 100.269802284, -0.652226374999942 ], [ 100.269767155, -0.65223369299998 ], [ 100.269655913, -0.652229301999974 ], [ 100.269592974, -0.652208809999943 ], [ 100.269522716, -0.652173680999967 ], [ 100.269458313, -0.652056584999971 ], [ 100.26939391, -0.651911677999972 ], [ 100.26934268, -0.651740424999965 ], [ 100.269310479, -0.651636501999981 ], [ 100.269249003, -0.651517940999957 ], [ 100.26920127, -0.651481931999968 ], [ 100.26897828, -0.651443859999974 ], [ 100.26848494, -0.651434919999926 ], [ 100.26694982, -0.651268689999942 ], [ 100.266291152, -0.651164995999985 ], [ 100.26628578, -0.651161733999975 ], [ 100.266260897, -0.651145632999944 ], [ 100.266231623, -0.651122213999942 ], [ 100.26619503, -0.651092939999952 ], [ 100.266171611, -0.651075374999957 ], [ 100.266139431, -0.651050621999964 ], [ 100.266120747, -0.651029268999941 ], [ 100.265956812, -0.650906317999959 ], [ 100.265716764, -0.65070725399995 ], [ 100.265511846, -0.650508189999923 ], [ 100.265107863, -0.650273996999954 ], [ 100.264832686, -0.650121770999939 ], [ 100.264625976917344, -0.650011959347574 ], [ 100.264411139, -0.64987001399993 ], [ 100.264130108, -0.649700223999963 ], [ 100.26373198, -0.649477740999951 ], [ 100.263491932, -0.649302095999929 ], [ 100.263489966, -0.649300833999977 ], [ 100.262935724, -0.648944951999976 ], [ 100.26256687, -0.648716613999974 ], [ 100.262209725, -0.648453145999959 ], [ 100.262015296, -0.648354728999948 ], [ 100.261872614, -0.648263631999959 ], [ 100.261692615, -0.648148388999976 ], [ 100.261485177, -0.64800460899995 ], [ 100.261316153, -0.647902535999952 ], [ 100.261158105, -0.647804853999955 ], [ 100.260839814, -0.647608390999959 ], [ 100.260733193, -0.647520793999944 ], [ 100.260577329, -0.647427821999948 ], [ 100.260570458, -0.647424434999954 ], [ 100.260369483, -0.647325361999956 ], [ 100.260252386, -0.647249249999961 ], [ 100.260079669, -0.647135080999933 ], [ 100.259962573, -0.647070677999982 ], [ 100.259857186, -0.647041403999939 ], [ 100.259748872, -0.647020911999956 ], [ 100.259745919, -0.647020261999961 ], [ 100.259745888, -0.647020269999935 ], [ 100.259725795, -0.647025588999956 ], [ 100.25966982, -0.647061808999984 ], [ 100.259585308, -0.64709034499993 ], [ 100.25953043, -0.647072783999938 ], [ 100.259454699, -0.647026686999935 ], [ 100.259402016, -0.646975101999943 ], [ 100.259374394, -0.64693759599993 ], [ 100.259324397, -0.646912597999969 ], [ 100.259262922, -0.646851121999936 ], [ 100.259189736, -0.64678379099997 ], [ 100.259125333, -0.64673109799998 ], [ 100.259049221, -0.646634493999959 ], [ 100.259005309, -0.646543743999929 ], [ 100.259005495, -0.646538721999945 ], [ 100.25874077, -0.646637629999931 ] ] ] ] } },
{ "type": "Feature", "properties": { "fid": null, "kk": null, "gid": 79345, "bstt": null, "luas": 3.5407072116843028, "bsbtt": null, "idsls": "13060810030003", "kdkab": "06", "kdkec": "081", "kdsls": "0003", "nmkab": "PADANG PARIAMAN", "nmkec": "BATANG GASAN", "nmsls": "KORONG LAGAN CONDONG", "bstt_k": null, "kddesa": "003", "kdprov": "13", "khusus": null, "muatan": null, "nmdesa": "MALAI V SUKU TIMUR", "nmprov": "SUMATERA BARAT", "posisi": "", "rw_dki": "", "segmen": "", "sumber": "", "dom_sls": "", "periode": "2024_1", "tingkat": null, "nm_gedung": "", "wil_campur": null, "iddesa": "1306081003", "idkec": "1306081", "idkab": "1306" }, "geometry": { "type": "MultiPolygon", "coordinates": [ [ [ [ 100.00283203, -0.471202779999947 ], [ 100.00256533, -0.470959969999967 ], [ 100.0014269, -0.469887219999981 ], [ 100.00125082, -0.469720629999931 ], [ 99.99825782, -0.467415349999962 ], [ 99.995833650000094, -0.46544628999993 ], [ 99.99549306, -0.465169639999947 ], [ 99.994891402000107, -0.464667226999962 ], [ 99.994465550000101, -0.464311619999939 ], [ 99.994446620000105, -0.464273759999966 ], [ 99.994164160000096, -0.464063549999934 ], [ 99.994029860000097, -0.463963609999952 ], [ 99.993494890000093, -0.463663629999927 ], [ 99.99337296, -0.463569499999951 ], [ 99.993321510000101, -0.463548929999952 ], [ 99.992177480000095, -0.462712089999977 ], [ 99.99215409, -0.462688689999945 ], [ 99.991598160000095, -0.462298539999956 ], [ 99.9914637, -0.462246829999967 ], [ 99.991322860000096, -0.462148239999982 ], [ 99.991119430000097, -0.462005839999964 ], [ 99.990833870000102, -0.461745319999974 ], [ 99.98819454, -0.460021479999972 ], [ 99.9861501, -0.45878210999996 ], [ 99.985661160000106, -0.458462415999974 ], [ 99.9851943, -0.458157159999932 ], [ 99.98478041, -0.457941709999944 ], [ 99.98453362, -0.457822289999974 ], [ 99.984342550000093, -0.457669049999945 ], [ 99.983859760000101, -0.457288449999965 ], [ 99.98379722, -0.45723914999997 ], [ 99.983279750000094, -0.45683313999996 ], [ 99.98290161, -0.456349509999938 ], [ 99.98280938, -0.456234079999954 ], [ 99.982744680000096, -0.456153099999938 ], [ 99.981754040000098, -0.455360599999946 ], [ 99.980997860000102, -0.454516029999979 ], [ 99.98073571, -0.454251149999948 ], [ 99.98068019, -0.454169069999987 ], [ 99.980674800000102, -0.454161109999971 ], [ 99.980667200000099, -0.454145899999956 ], [ 99.980614500000101, -0.454113929999954 ], [ 99.980464760000103, -0.454023059999946 ], [ 99.980274920000099, -0.453838029999929 ], [ 99.97978764, -0.453194509999958 ], [ 99.979420670000096, -0.452650439999965 ], [ 99.978470230000099, -0.451462399999973 ], [ 99.976997820000093, -0.449640409999974 ], [ 99.9756101400001, -0.447977319999949 ], [ 99.97394705, -0.446187119999936 ], [ 99.97314199, -0.445350279999966 ], [ 99.973110630000093, -0.445285139999959 ], [ 99.9727407, -0.444897599999938 ], [ 99.972659130000096, -0.444809699999955 ], [ 99.97216862, -0.444281129999978 ], [ 99.97203822, -0.44419327999998 ], [ 99.971420640000105, -0.443777229999964 ], [ 99.970710493000098, -0.443133500999979 ], [ 99.96994822, -0.442442519999931 ], [ 99.968433430000104, -0.440768839999987 ], [ 99.9668339, -0.439031599999962 ], [ 99.96563115, -0.437667589999943 ], [ 99.965429830000105, -0.437483599999959 ], [ 99.964120240000099, -0.436287459999963 ], [ 99.962723080000103, -0.435011699999965 ], [ 99.962537230000095, -0.434841919999944 ], [ 99.96175765, -0.434222349999973 ], [ 99.960777700000094, -0.433448699999932 ], [ 99.96043331, -0.433245889999972 ], [ 99.96000317, -0.432815749999986 ], [ 99.959956410000103, -0.43269417999995 ], [ 99.960046241, -0.432526039999971 ], [ 99.960077979, -0.432466638999933 ], [ 99.960319038000094, -0.432731882999979 ], [ 99.961132437, -0.432085472999972 ], [ 99.961801415541515, -0.431553834357371 ], [ 99.962063294000103, -0.431345718999986 ], [ 99.963160673000104, -0.43057177799994 ], [ 99.964188744000097, -0.429878695999945 ], [ 99.964258053, -0.429810831999939 ], [ 99.964346132000102, -0.429728527999944 ], [ 99.964442874, -0.429636117999965 ], [ 99.964639248000097, -0.42946284699997 ], [ 99.964812518000102, -0.429278024999971 ], [ 99.965135956, -0.428850624999943 ], [ 99.965170610000101, -0.42860804599996 ], [ 99.965216816000094, -0.428388569999929 ], [ 99.965390086000099, -0.427452909999938 ], [ 99.965413189000103, -0.426667416999987 ], [ 99.965563357000093, -0.42553538399995 ], [ 99.965701973000094, -0.424900058999925 ], [ 99.965840589, -0.424715236999933 ], [ 99.966036963000093, -0.424576619999929 ], [ 99.966221784000098, -0.424368695999939 ], [ 99.966383503, -0.424137668999943 ], [ 99.966530700000106, -0.42383672899996 ], [ 99.966601221000104, -0.423792678999975 ], [ 99.966663740000101, -0.423753624999971 ], [ 99.966691731000097, -0.423736139999965 ], [ 99.966710770000105, -0.423693969999932 ], [ 99.966726251000097, -0.423617919999976 ], [ 99.966728051000104, -0.423600807999943 ], [ 99.96674168, -0.423471340999924 ], [ 99.96675544, -0.423251578999951 ], [ 99.96678395, -0.422966610999934 ], [ 99.966942711000101, -0.422391420999942 ], [ 99.967021030000097, -0.422243869999939 ], [ 99.96707925, -0.422158498999985 ], [ 99.967158881, -0.422041729999937 ], [ 99.967399859000096, -0.42178451999996 ], [ 99.967599240000098, -0.421642949999987 ], [ 99.967784832000106, -0.421590298999946 ], [ 99.967866260000093, -0.421581830999967 ], [ 99.968016540000093, -0.421566218999943 ], [ 99.96829354, -0.421542948999956 ], [ 99.9684736, -0.421528168999943 ], [ 99.9686058, -0.421459758999954 ], [ 99.968708769, -0.421327608999944 ], [ 99.9687706550001, -0.421233746999975 ], [ 99.96889265, -0.421048718999944 ], [ 99.969011949, -0.420860588999981 ], [ 99.969102922, -0.420684050999976 ], [ 99.969214789, -0.420423707999926 ], [ 99.969465211000099, -0.420237889999958 ], [ 99.9697330690001, -0.420155678999947 ], [ 99.969905052, -0.420150909999963 ], [ 99.970250551, -0.420078010999927 ], [ 99.970421732, -0.420092848999959 ], [ 99.9704727310001, -0.420129629999964 ], [ 99.97057945, -0.420206608999943 ], [ 99.970735461000103, -0.420316749999923 ], [ 99.970880360000095, -0.420432959999983 ], [ 99.971010539000105, -0.420512428999934 ], [ 99.971139789000105, -0.420568798999975 ], [ 99.97125925, -0.420610327999951 ], [ 99.971488851, -0.420667529999957 ], [ 99.971669180000106, -0.420678309999972 ], [ 99.971729480000107, -0.42067560899995 ], [ 99.971767001, -0.420673919999962 ], [ 99.972006210000103, -0.420657680999968 ], [ 99.972257920000104, -0.420646238999957 ], [ 99.972466429000093, -0.420614949999969 ], [ 99.972731171000106, -0.420555688999968 ], [ 99.972886210000098, -0.420516178999946 ], [ 99.972913701, -0.420509169999955 ], [ 99.973171320000105, -0.420396080999976 ], [ 99.973458841000095, -0.42022774899994 ], [ 99.973722001000098, -0.42002726999994 ], [ 99.9738198310001, -0.419964920999974 ], [ 99.9739255100001, -0.419897569999929 ], [ 99.974043390000105, -0.419887668999934 ], [ 99.974112470000094, -0.419902299999941 ], [ 99.974206051000095, -0.419952528999945 ], [ 99.974549910000107, -0.420325048999934 ], [ 99.97468932, -0.420501028999979 ], [ 99.974819149, -0.420684928999942 ], [ 99.974918409, -0.420887209999937 ], [ 99.974964960000094, -0.421066309999958 ], [ 99.97495096, -0.421141090999931 ], [ 99.975658420000102, -0.420765408999956 ], [ 99.97579733, -0.420691639999979 ], [ 99.97629722, -0.419977510999963 ], [ 99.977723111, -0.417116249999943 ], [ 99.977980500000101, -0.416599769999949 ], [ 99.978675640000105, -0.415689789999931 ], [ 99.978720032000098, -0.415631670999972 ], [ 99.978999591, -0.415265718999942 ], [ 99.97912216, -0.415105269999971 ], [ 99.97940291, -0.414413668999945 ], [ 99.979737709000105, -0.412959158999972 ], [ 99.979754710000094, -0.412846098999979 ], [ 99.979767011, -0.412764288999948 ], [ 99.979924156, -0.411719295999947 ], [ 99.980324810000099, -0.409055009999979 ], [ 99.98037715, -0.408706959999961 ], [ 99.980377042, -0.407840849999954 ], [ 99.98033008, -0.406999889999957 ], [ 99.9803156010001, -0.406913039999952 ], [ 99.980279411000097, -0.406815330999965 ], [ 99.98012019, -0.406583729999975 ], [ 99.980015419, -0.406402890999979 ], [ 99.979856011, -0.406127759999949 ], [ 99.979833980000095, -0.406091559999934 ], [ 99.97975469, -0.405961298999962 ], [ 99.979704021, -0.405885299999972 ], [ 99.979693170000104, -0.405805688999977 ], [ 99.979691701, -0.405662088999972 ], [ 99.979691350000095, -0.405627469999958 ], [ 99.979718001, -0.404542429999939 ], [ 99.979682311, -0.403880489999946 ], [ 99.979689549000099, -0.403590988999952 ], [ 99.979743861, -0.403489759999963 ], [ 99.979822390000095, -0.403343419999945 ], [ 99.97984878, -0.403294247999963 ], [ 99.980003171000106, -0.403103939999943 ], [ 99.980159991000093, -0.402910649999968 ], [ 99.980216912, -0.402864599999927 ], [ 99.98080414, -0.402389548999969 ], [ 99.980971500000095, -0.402238278999961 ], [ 99.980979127000097, -0.402231385999922 ], [ 99.98150187, -0.403788492999981 ], [ 99.982078791000106, -0.404677913999942 ], [ 99.982571578, -0.404930316999989 ], [ 99.983448979, -0.405399064999931 ], [ 99.98508359, -0.406384638999951 ], [ 99.986742239000094, -0.407225982999935 ], [ 99.988797521, -0.408259633999942 ], [ 99.990035498, -0.40850001799993 ], [ 99.991525879000093, -0.40887261299998 ], [ 99.992896067000103, -0.409329341999976 ], [ 99.993893660000097, -0.409918282999979 ], [ 99.994698946000099, -0.410423088999955 ], [ 99.9955643280001, -0.411036067999934 ], [ 99.996069134, -0.411408662999981 ], [ 99.996742209, -0.412129814999964 ], [ 99.996789028000094, -0.412188338999961 ], [ 99.997126823000102, -0.41261058199996 ], [ 99.997313189000096, -0.41280455499998 ], [ 99.998304705000095, -0.413836539999975 ], [ 99.998941722, -0.414221154999956 ], [ 99.999398451, -0.414701921999955 ], [ 99.999674893000105, -0.414954325999932 ], [ 99.999795085000102, -0.415062497999951 ], [ 100.000008425, -0.415170670999943 ], [ 100.000176694, -0.415302881999936 ], [ 100.000305901, -0.415329924999984 ], [ 100.000423088, -0.415347953999972 ], [ 100.000558304, -0.415371992999955 ], [ 100.000672486, -0.415387016999945 ], [ 100.000777654, -0.415450116999987 ], [ 100.000879817, -0.415522231999946 ], [ 100.000984985, -0.415609371999945 ], [ 100.001066115, -0.415684491999973 ], [ 100.001153254, -0.415789659999977 ], [ 100.001351571, -0.415924875999964 ], [ 100.00150782, -0.415987975999948 ], [ 100.001634022, -0.416048071999968 ], [ 100.001709142, -0.416111172999928 ], [ 100.001793276, -0.416198311999954 ], [ 100.00187741, -0.416258407999978 ], [ 100.001943516, -0.416324513999949 ], [ 100.002006617, -0.41641165299996 ], [ 100.002057698, -0.416531844999958 ], [ 100.002057698, -0.416609969999974 ], [ 100.002081737, -0.41670912799998 ], [ 100.002129813, -0.416817300999987 ], [ 100.002168876, -0.416922468999934 ], [ 100.002189909, -0.416952516999978 ], [ 100.002406255, -0.417186890999971 ], [ 100.002496399, -0.417246986999947 ], [ 100.002601567, -0.417349149999948 ], [ 100.002742792, -0.417454317999959 ], [ 100.00284796, -0.417487370999941 ], [ 100.002974162, -0.41747835599995 ], [ 100.003061301, -0.417418260999964 ], [ 100.003169474, -0.417328116999955 ], [ 100.003226565, -0.417225952999964 ], [ 100.003280651, -0.417126794999944 ], [ 100.003337743, -0.41704566499994 ], [ 100.00345493, -0.416985568999961 ], [ 100.003536059, -0.416994583999951 ], [ 100.003620194, -0.417048669999936 ], [ 100.00368029, -0.417099751999961 ], [ 100.00374339, -0.41718989599997 ], [ 100.003806491, -0.417268020999932 ], [ 100.003902645, -0.417334125999956 ], [ 100.003992789, -0.417406240999982 ], [ 100.004106971, -0.417430279999958 ], [ 100.004215144, -0.417472346999946 ], [ 100.004287259, -0.417517418999983 ], [ 100.004359374, -0.417595543999943 ], [ 100.004437499, -0.417649629999979 ], [ 100.004542667, -0.417676672999965 ], [ 100.004602763, -0.417706720999946 ], [ 100.00471394, -0.417884003999974 ], [ 100.004771032, -0.418040253999948 ], [ 100.004834132, -0.418196502999932 ], [ 100.004909252, -0.418316694999933 ], [ 100.004996391, -0.418376790999962 ], [ 100.005233771, -0.418259603999954 ], [ 100.005429082, -0.418175469999943 ], [ 100.005642423, -0.418079315999941 ], [ 100.005807687, -0.418013210999965 ], [ 100.005942903, -0.417947104999947 ], [ 100.006012786, -0.417901775999964 ], [ 100.006052578, -0.417888511999939 ], [ 100.006117181, -0.417874989999977 ], [ 100.006183287, -0.417868979999986 ], [ 100.006220847, -0.417868979999986 ], [ 100.006258407, -0.417876491999952 ], [ 100.006288806, -0.417885003999981 ], [ 100.00638264, -0.417946199999968 ], [ 100.00699045, -0.418540199999939 ], [ 100.00763118, -0.41983945999994 ], [ 100.00792611, -0.420283139999926 ], [ 100.008060903, -0.420557958999951 ], [ 100.008061286, -0.420558274999962 ], [ 100.008130397, -0.420633394999927 ], [ 100.008220541, -0.420717529999935 ], [ 100.008319699, -0.420807673999946 ], [ 100.008454915, -0.420945893999942 ], [ 100.00860816, -0.421078104999938 ], [ 100.008687798195453, -0.421071316047081 ], [ 100.009059348625854, -0.421175246237402 ], [ 100.00931137933739, -0.421216818313531 ], [ 100.009519239718031, -0.421385704872803 ], [ 100.00961537514408, -0.421458456006028 ], [ 100.009701117551089, -0.421596163508204 ], [ 100.009727100098672, -0.421840399455459 ], [ 100.009695897, -0.422015602999981 ], [ 100.010089525, -0.422589518999931 ], [ 100.010152626, -0.422763797999946 ], [ 100.010218732, -0.422938075999981 ], [ 100.010251784, -0.42307629699997 ], [ 100.010314885, -0.423244564999947 ], [ 100.010332914, -0.423602135999942 ], [ 100.010326904, -0.423734347999928 ], [ 100.01031188, -0.423830500999949 ], [ 100.010305871, -0.423920644999959 ], [ 100.010308876, -0.423989754999979 ], [ 100.010314885, -0.424064874999945 ], [ 100.010335026, -0.424110192999933 ], [ 100.0104656, -0.424292309999942 ], [ 100.01153677, -0.425956959999955 ], [ 100.01238676, -0.427109489999967 ], [ 100.01253329, -0.426865279999964 ], [ 100.01262014, -0.426771189999956 ], [ 100.01272871, -0.426727759999953 ], [ 100.01301821, -0.426662619999947 ], [ 100.01357551, -0.426684339999952 ], [ 100.014041, -0.42666216999993 ], [ 100.01419952, -0.426633899999965 ], [ 100.01424136, -0.426626429999943 ], [ 100.01437164, -0.426575769999942 ], [ 100.01454172, -0.426449109999975 ], [ 100.01474438, -0.426268169999965 ], [ 100.01495789, -0.426101709999957 ], [ 100.01517863, -0.425971429999951 ], [ 100.01533786, -0.425837539999972 ], [ 100.01548985, -0.425703639999938 ], [ 100.0155767, -0.425569749999971 ], [ 100.01560203, -0.425486509999939 ], [ 100.01560565, -0.425334519999976 ], [ 100.01560927, -0.425149959999941 ], [ 100.01562013, -0.424864079999968 ], [ 100.01564903, -0.424732409999934 ], [ 100.01565269, -0.424715709999935 ], [ 100.01572507, -0.424520299999932 ], [ 100.01578768, -0.424365139999964 ], [ 100.0158083, -0.424314019999937 ], [ 100.01587344, -0.424151179999975 ], [ 100.01586982, -0.42399556999994 ], [ 100.0158843, -0.423590259999978 ], [ 100.01586568, -0.423474579999948 ], [ 100.01583363, -0.423275429999939 ], [ 100.01577935, -0.423108959999978 ], [ 100.01575402, -0.422982309999953 ], [ 100.01574316, -0.422786889999949 ], [ 100.01578297, -0.422425009999929 ], [ 100.0158662, -0.422218739999945 ], [ 100.01598619, -0.422098749999977 ], [ 100.01600734, -0.422077609999976 ], [ 100.01613399, -0.422005229999972 ], [ 100.01636198, -0.421911139999963 ], [ 100.01655016, -0.421802579999966 ], [ 100.01662615, -0.421690399999932 ], [ 100.01672386, -0.421437079999979 ], [ 100.01679985, -0.421191 ], [ 100.01682157, -0.420926829999931 ], [ 100.01681071, -0.42076759999998 ], [ 100.01678206, -0.420632179999928 ], [ 100.0167709, -0.420579429999978 ], [ 100.01674195, -0.420412959999962 ], [ 100.01674195, -0.420286299999929 ], [ 100.016789, -0.420032989999922 ], [ 100.01687585, -0.419877379999949 ], [ 100.01703869, -0.419685579999966 ], [ 100.0172703, -0.419493789999932 ], [ 100.017444, -0.419356269999983 ], [ 100.01751943, -0.41928352999998 ], [ 100.01754533, -0.419258569999957 ], [ 100.01759599, -0.419146379999972 ], [ 100.01759599, -0.419126589999964 ], [ 100.01759599, -0.419041439999948 ], [ 100.01760866, -0.418970869999959 ], [ 100.01764303, -0.41894010999994 ], [ 100.0176961, -0.418905239999962 ], [ 100.01770636, -0.41889848999995 ], [ 100.01773712, -0.418853259999936 ], [ 100.0177914, -0.41876278999997 ], [ 100.017793939, -0.418755022999971 ], [ 100.01782216, -0.418668699999963 ], [ 100.01783121, -0.418500429999936 ], [ 100.01781505, -0.418401449999983 ], [ 100.01780226, -0.418323109999969 ], [ 100.01777874, -0.418100549999973 ], [ 100.01776426, -0.41791779999994 ], [ 100.01775522, -0.417760379999949 ], [ 100.01777331, -0.417706099999974 ], [ 100.01781854, -0.417651819999949 ], [ 100.01789092, -0.417572209999945 ], [ 100.01793254, -0.417510689999967 ], [ 100.0179832, -0.417373169999973 ], [ 100.01803748, -0.41715242999994 ], [ 100.018061, -0.417016719999934 ], [ 100.01807027, -0.41695803999994 ], [ 100.0180212, -0.416788739999963 ], [ 100.01799225, -0.416625889999975 ], [ 100.01798501, -0.416459429999983 ], [ 100.01802482, -0.416361719999937 ], [ 100.01809357, -0.416231439999943 ], [ 100.01815871, -0.416169919999967 ], [ 100.01826728, -0.416122879999937 ], [ 100.01848078, -0.416104779999958 ], [ 100.01857487, -0.41609030999996 ], [ 100.01862, -0.416078579999977 ], [ 100.01875581, -0.416043259999931 ], [ 100.018804226, -0.41602543199997 ], [ 100.01880681, -0.416024479999982 ], [ 100.01886786, -0.416011119999957 ], [ 100.01886981, -0.416010699999959 ], [ 100.01898199, -0.415952789999951 ], [ 100.01915388, -0.415853279999969 ], [ 100.01926787, -0.415750139999942 ], [ 100.0193312, -0.415634339999937 ], [ 100.01938729, -0.415491399999954 ], [ 100.01946329, -0.415417209999938 ], [ 100.01966232, -0.415301409999935 ], [ 100.01985593, -0.415241699999974 ], [ 100.01999344, -0.415212749999975 ], [ 100.02026644, -0.41522359999993 ], [ 100.02051636, -0.415261599999953 ], [ 100.02064302, -0.415290549999956 ], [ 100.02072151, -0.415315989999962 ], [ 100.02083843, -0.41535387999994 ], [ 100.02095423, -0.41538282999994 ], [ 100.02106822, -0.415377409999963 ], [ 100.0212763, -0.41535387999994 ], [ 100.02144458, -0.415295979999936 ], [ 100.02156943, -0.415219989999978 ], [ 100.02168161, -0.415104189999973 ], [ 100.02175399, -0.414997429999979 ], [ 100.02180691, -0.414926869999936 ], [ 100.02188426, -0.414823729999969 ], [ 100.02196207, -0.414742309999953 ], [ 100.02209596, -0.414677169999944 ], [ 100.02234566, -0.414572219999976 ], [ 100.02269668, -0.41443289999995 ], [ 100.02290114, -0.414378619999985 ], [ 100.02316713, -0.41432794999998 ], [ 100.02322004, -0.414332209999947 ], [ 100.02336978, -0.414344239999944 ], [ 100.0235851, -0.414340619999967 ], [ 100.02374975, -0.41428452999998 ], [ 100.02403745, -0.414132539999971 ], [ 100.02424372, -0.413989599999985 ], [ 100.02448799, -0.413841229999955 ], [ 100.02475035, -0.413667529999947 ], [ 100.02489872, -0.413578859999978 ], [ 100.024953, -0.413535439999984 ], [ 100.02500728, -0.413464869999932 ], [ 100.02506519, -0.413365359999952 ], [ 100.02511042, -0.413254979999985 ], [ 100.02515566, -0.413177179999939 ], [ 100.02522441, -0.413110229999976 ], [ 100.02530041, -0.413083089999932 ], [ 100.02551572, -0.413017949999929 ], [ 100.02572019, -0.412940149999948 ], [ 100.02581922, -0.412887709999951 ], [ 100.02590474, -0.412842439999963 ], [ 100.02600426, -0.412800819999976 ], [ 100.02624129, -0.412733869999952 ], [ 100.02649483, -0.412691169999967 ], [ 100.02658508, -0.412675969999953 ], [ 100.02673707, -0.41266692999995 ], [ 100.02704467, -0.412688639999948 ], [ 100.02731608, -0.412733869999952 ], [ 100.02749882, -0.412775489999951 ], [ 100.02792584, -0.412940149999948 ], [ 100.02823525, -0.413025189999928 ], [ 100.02854104, -0.413086709999957 ], [ 100.02874369, -0.413095749999975 ], [ 100.02886594, -0.413099319999963 ], [ 100.02894453, -0.413114749999984 ], [ 100.02904586, -0.413134659999973 ], [ 100.02917614, -0.413150939999987 ], [ 100.02919589, -0.413152139999974 ], [ 100.02923374, -0.413159169999974 ], [ 100.02926661, -0.41316722999995 ], [ 100.02933898, -0.413187129999926 ], [ 100.02938892, -0.413194699999971 ], [ 100.0294584, -0.413205219999952 ], [ 100.02961763, -0.413205219999952 ], [ 100.02975661, -0.413179559999946 ], [ 100.02989266, -0.413174459999947 ], [ 100.02998132, -0.413158179999929 ], [ 100.03006998, -0.413114749999984 ], [ 100.03007066, -0.413114069999951 ], [ 100.03015864, -0.413026089999958 ], [ 100.03024187, -0.412919339999977 ], [ 100.03031968, -0.412794489999954 ], [ 100.03036672, -0.412722119999952 ], [ 100.03043186, -0.412687739999971 ], [ 100.03051328, -0.412687739999971 ], [ 100.03059471, -0.412707639999958 ], [ 100.03069965, -0.412787249999951 ], [ 100.03086792, -0.412919339999977 ], [ 100.03109048, -0.413083989999962 ], [ 100.03119181, -0.413161799999955 ], [ 100.03125087, -0.41320313999996 ], [ 100.03148131, -0.413364449999964 ], [ 100.03159892, -0.413404259999939 ], [ 100.03177262, -0.413433209999943 ], [ 100.0319988, -0.413425969999942 ], [ 100.03216526, -0.413377119999958 ], [ 100.03236249, -0.413273979999932 ], [ 100.03248553, -0.41316722999995 ], [ 100.03269361, -0.412984479999984 ], [ 100.0328076, -0.412868679999976 ], [ 100.03288637, -0.412770369999987 ], [ 100.03303377, -0.412586409999958 ], [ 100.03313872, -0.412434419999954 ], [ 100.03318215, -0.412325859999964 ], [ 100.03320024, -0.412228149999982 ], [ 100.03319662, -0.412054449999976 ], [ 100.03317491, -0.411938639999959 ], [ 100.03301206, -0.41177941999996 ], [ 100.03279493, -0.411641899999956 ], [ 100.03272135, -0.411597749999944 ], [ 100.03245115, -0.411435629999973 ], [ 100.03232449, -0.411421159999979 ], [ 100.0321146, -0.411410299999948 ], [ 100.0319409, -0.411370489999969 ], [ 100.03181424, -0.411330689999946 ], [ 100.03177805, -0.411287259999945 ], [ 100.03176358, -0.41121488999994 ], [ 100.03181062, -0.411077369999929 ], [ 100.03193004, -0.410845769999986 ], [ 100.03208927, -0.41061777999994 ], [ 100.03216631, -0.410547039999931 ], [ 100.03226659, -0.410454939999966 ], [ 100.03250181, -0.410302949999967 ], [ 100.03278046, -0.410183529999922 ], [ 100.03311339, -0.410093059999957 ], [ 100.03341737, -0.409980879999982 ], [ 100.03367068, -0.409922979999976 ], [ 100.03404704, -0.409760129999937 ], [ 100.03435463, -0.409557479999933 ], [ 100.03453196, -0.409387389999953 ], [ 100.03470994, -0.40916403999996 ], [ 100.03472023, -0.409144459999935 ], [ 100.03472997, -0.409125929999972 ], [ 100.03474253, -0.408992529999984 ], [ 100.03474637, -0.408951779999944 ], [ 100.03476326, -0.408860079999955 ], [ 100.0347728, -0.40875077999994 ], [ 100.034771746, -0.408688148999949 ], [ 100.03476475, -0.408272249999937 ], [ 100.03477618, -0.407398229999959 ], [ 100.03480474, -0.406964069999962 ], [ 100.03490186, -0.406387099999964 ], [ 100.0350104, -0.405992929999973 ], [ 100.0350642, -0.405859509999976 ], [ 100.035082304, -0.405827824999964 ], [ 100.03519034, -0.405638749999978 ], [ 100.03531602, -0.405481659999967 ], [ 100.035380996, -0.40541668399993 ], [ 100.03544741, -0.405350269999931 ], [ 100.03566163, -0.40516746999998 ], [ 100.03586728, -0.40501036999996 ], [ 100.03595297, -0.40497037999995 ], [ 100.03601758, -0.404951209999976 ], [ 100.03621289, -0.404893259999941 ], [ 100.03654422, -0.404824709999965 ], [ 100.03664991, -0.404801859999966 ], [ 100.03671274, -0.404767579999943 ], [ 100.03680415, -0.40469617999998 ], [ 100.03686127, -0.40469617999998 ], [ 100.03707549, -0.404739019999966 ], [ 100.03760676, -0.404856129999926 ], [ 100.03772958, -0.404878979999981 ], [ 100.03791524, -0.404890409999949 ], [ 100.038258, -0.404916109999933 ], [ 100.03851221, -0.404904689999971 ], [ 100.03872357, -0.404910399999955 ], [ 100.03888067, -0.404916109999933 ], [ 100.03936338, -0.404981809999933 ], [ 100.0397347, -0.405058929999944 ], [ 100.04001176, -0.405198889999959 ], [ 100.04024883, -0.405395969999969 ], [ 100.04047701, -0.405532469999973 ], [ 100.04056874, -0.405587339999957 ], [ 100.04076011, -0.405670169999954 ], [ 100.04092006, -0.405727299999973 ], [ 100.04104859, -0.405755859999952 ], [ 100.04121426, -0.405761569999923 ], [ 100.04145704, -0.405718729999934 ], [ 100.0416884, -0.405590199999952 ], [ 100.04183979, -0.405450239999941 ], [ 100.04206543, -0.405156039999952 ], [ 100.04229693, -0.404906829999966 ], [ 100.04262527, -0.404553359999964 ], [ 100.04299087, -0.404113499999947 ], [ 100.04325936, -0.403762169999944 ], [ 100.04352785, -0.403402279999971 ], [ 100.04378778, -0.403110939999982 ], [ 100.04407626, -0.402845299999977 ], [ 100.0442962, -0.402751039999943 ], [ 100.04450756, -0.402648219999949 ], [ 100.04473606, -0.402562529999956 ], [ 100.04497028, -0.402522539999957 ], [ 100.0451388, -0.402531109999931 ], [ 100.04551298, -0.402591089999934 ], [ 100.04583778, -0.402730289999973 ], [ 100.04595284, -0.40277960999993 ], [ 100.04609851, -0.402848159999958 ], [ 100.04628417, -0.402905279999971 ], [ 100.04663835, -0.402959549999935 ], [ 100.04690113, -0.402973829999955 ], [ 100.04708794, -0.402940109999981 ], [ 100.04713459, -0.402924379999952 ], [ 100.04729098, -0.402871679999978 ], [ 100.04732166, -0.402865369999978 ], [ 100.04734192, -0.402861209999972 ], [ 100.04736072, -0.402853919999929 ], [ 100.04741241, -0.402833879999952 ], [ 100.04755665, -0.402808169999964 ], [ 100.04769661, -0.40283815999993 ], [ 100.04788512, -0.402912419999944 ], [ 100.04792232, -0.40293338999993 ], [ 100.04795773, -0.402946329999965 ], [ 100.04803008, -0.402972759999952 ], [ 100.04814719, -0.403047029999927 ], [ 100.04832142, -0.40313556999996 ], [ 100.0484371, -0.403209839999931 ], [ 100.0485385, -0.403275529999978 ], [ 100.04865989, -0.403322659999967 ], [ 100.04882127, -0.40334264999996 ], [ 100.04893382, -0.403342179999929 ], [ 100.04916117, -0.403341229999979 ], [ 100.04958961, -0.403331229999939 ], [ 100.04966102, -0.403331229999939 ], [ 100.04969673, -0.403315519999989 ], [ 100.04977813, -0.403218399999961 ], [ 100.04982812, -0.403102719999941 ], [ 100.04988524, -0.402557169999977 ], [ 100.04990952, -0.402215849999952 ], [ 100.0499238, -0.401957349999975 ], [ 100.04988667, -0.401788829999927 ], [ 100.04984954, -0.40170885999993 ], [ 100.0497667, -0.401566039999978 ], [ 100.04970741, -0.401491929999961 ], [ 100.0496753, -0.401451789999955 ], [ 100.04957533, -0.40136324999998 ], [ 100.04950964, -0.401311829999937 ], [ 100.04945822, -0.401271839999941 ], [ 100.04944394, -0.401237569999989 ], [ 100.04944966, -0.401177589999981 ], [ 100.04951821, -0.401091899999933 ], [ 100.04955534, -0.401009069999939 ], [ 100.04960104, -0.400843399999929 ], [ 100.04964388, -0.400720579999934 ], [ 100.04970958, -0.40061060999994 ], [ 100.04977813, -0.400544919999965 ], [ 100.04984954, -0.40049064999994 ], [ 100.04990445, -0.400469479999975 ], [ 100.04996807, -0.400444949999957 ], [ 100.05019086, -0.400406389999949 ], [ 100.05025226, -0.400403499999935 ], [ 100.05031226, -0.400400669999956 ], [ 100.05042312, -0.400417169999972 ], [ 100.05048506, -0.400426379999948 ], [ 100.05057503, -0.400462089999966 ], [ 100.05072213, -0.400507789999951 ], [ 100.05093636, -0.400587759999949 ], [ 100.05108774, -0.400664879999977 ], [ 100.05125055, -0.400749139999965 ], [ 100.05132767, -0.400779129999939 ], [ 100.05144049, -0.400801979999927 ], [ 100.05152475, -0.400820549999943 ], [ 100.051649, -0.40082197999993 ], [ 100.05178039, -0.400806269999979 ], [ 100.05190464, -0.400776279999946 ], [ 100.05202175, -0.400732 ], [ 100.05215456, -0.400657739999933 ], [ 100.05224454, -0.400586329999957 ], [ 100.05230023, -0.400530639999941 ], [ 100.05235946, -0.400436859999963 ], [ 100.05236878, -0.400422099999967 ], [ 100.05243591, -0.400247859999978 ], [ 100.05246161, -0.400132179999962 ], [ 100.05248446, -0.400032209999957 ], [ 100.0525216, -0.399987939999964 ], [ 100.05257729, -0.399970799999958 ], [ 100.05265013, -0.39997936999993 ], [ 100.05272011, -0.400006509999974 ], [ 100.05279437, -0.400069339999959 ], [ 100.05283321, -0.400127609999981 ], [ 100.05286007, -0.400167889999979 ], [ 100.05301431, -0.400389249999935 ], [ 100.05313284, -0.400616329999935 ], [ 100.05321568, -0.400786269999964 ], [ 100.05325281, -0.400869109999973 ], [ 100.05328252, -0.400878439999932 ], [ 100.05332752, -0.400878799999934 ], [ 100.05336634, -0.400879099999941 ], [ 100.05349416, -0.400875179999961 ], [ 100.05356572, -0.400870979999987 ], [ 100.05357118, -0.400870659999951 ], [ 100.05361715, -0.400845799999955 ], [ 100.05377792, -0.401086949999976 ], [ 100.05404114, -0.401648479999957 ], [ 100.05416397, -0.402034529999979 ], [ 100.05451493, -0.402543419999974 ], [ 100.05460172, -0.402788029999956 ], [ 100.05463518, -0.402882299999933 ], [ 100.05465654, -0.402907409999958 ], [ 100.054753, -0.40299984999996 ], [ 100.05488053, -0.403115789999956 ], [ 100.05504285, -0.403278109999983 ], [ 100.05521675, -0.403533159999946 ], [ 100.05527177, -0.403630499999973 ], [ 100.05532339, -0.403721839999946 ], [ 100.05537039, -0.403796169999965 ], [ 100.05578484, -0.404275159999941 ], [ 100.05578484, -0.404479039999958 ], [ 100.05589854, -0.404677399999975 ], [ 100.05593974, -0.404787309999961 ], [ 100.05596036, -0.404855499999939 ], [ 100.05599618, -0.404948699999984 ], [ 100.0561623, -0.405381 ], [ 100.05619422, -0.405464079999954 ], [ 100.05630656, -0.405596839999932 ], [ 100.05627859, -0.405820589999967 ], [ 100.05626928, -0.405895039999958 ], [ 100.0562645, -0.405933319999975 ], [ 100.05626402, -0.405937129999927 ], [ 100.05626018, -0.405967839999962 ], [ 100.05620221, -0.406269269999945 ], [ 100.05620221, -0.406489549999951 ], [ 100.05620221, -0.406709829999959 ], [ 100.05620007, -0.406726429999936 ], [ 100.05624265, -0.406790289999953 ], [ 100.056267503798281, -0.406815157994983 ], [ 100.05627305, -0.406820689999967 ], [ 100.05630685, -0.406854489999947 ], [ 100.05631579, -0.40685617999998 ], [ 100.05668273, -0.407235069999961 ], [ 100.0568439, -0.407379269999982 ], [ 100.05711086, -0.407506229999969 ], [ 100.05727476, -0.407652739999944 ], [ 100.05792071, -0.408230179999984 ], [ 100.058255, -0.408532689999967 ], [ 100.0585465, -0.408978679999967 ], [ 100.05887822, -0.40944766999997 ], [ 100.05953922, -0.41006192999993 ], [ 100.05977227, -0.410453869999975 ], [ 100.05990076, -0.410892269999978 ], [ 100.06013992, -0.411299249999955 ], [ 100.0601743, -0.411384289999951 ], [ 100.06017184, -0.411397799999975 ], [ 100.06017068, -0.411404189999933 ], [ 100.06015801, -0.411422289999966 ], [ 100.05996706, -0.411503869999939 ], [ 100.05995898, -0.41150732999995 ], [ 100.05995355, -0.411521799999947 ], [ 100.05996079, -0.411550749999945 ], [ 100.05996817, -0.41156583999998 ], [ 100.06004402, -0.411720839999933 ], [ 100.0600603, -0.41177692999998 ], [ 100.06006754, -0.411814929999941 ], [ 100.06006815, -0.411991199999934 ], [ 100.06006817, -0.411997379999952 ], [ 100.06006465, -0.412029849999952 ], [ 100.060063767465891, -0.412054889787662 ], [ 100.06005442, -0.412124129999937 ], [ 100.06001896, -0.41245122999993 ], [ 100.05998215, -0.412684359999952 ], [ 100.05995621, -0.412891849999938 ], [ 100.05995598, -0.412891949999966 ], [ 100.05994863, -0.413010279999989 ], [ 100.0599606, -0.413502229999948 ], [ 100.05997512, -0.413908869999945 ], [ 100.05998514, -0.41418937999993 ], [ 100.0600063, -0.414341529999951 ], [ 100.060069048, -0.414792709999976 ], [ 100.06010459, -0.415048269999945 ], [ 100.06014828, -0.415178349999961 ], [ 100.06052486, -0.41586505 ], [ 100.06057303, -0.415919969999952 ], [ 100.06063931, -0.415995539999926 ], [ 100.06089315, -0.416274489999983 ], [ 100.06124931, -0.416905609999962 ], [ 100.06125085, -0.416908329999953 ], [ 100.06144239, -0.41742 ], [ 100.06157626, -0.417912049999924 ], [ 100.06159144, -0.417967829999961 ], [ 100.061604563807464, -0.418013493011189 ], [ 100.06167846, -0.418287709999967 ], [ 100.06173926, -0.41853089999996 ], [ 100.06180794, -0.418686929999977 ], [ 100.06190661, -0.418871939999975 ], [ 100.06195525, -0.419018649999948 ], [ 100.06197295, -0.419195729999958 ], [ 100.0621202, -0.419342969999952 ], [ 100.06223042, -0.419370529999981 ], [ 100.06231653, -0.41939204999995 ], [ 100.06252513, -0.419404319999958 ], [ 100.06279508, -0.419600649999962 ], [ 100.06300367, -0.419711089999973 ], [ 100.06308022, -0.419768489999969 ], [ 100.06315092, -0.419821519999975 ], [ 100.06323903, -0.419946339999963 ], [ 100.06324185, -0.419950329999948 ], [ 100.06324883, -0.419972869999928 ], [ 100.06324922, -0.420014529999956 ], [ 100.063420193892554, -0.420048349021992 ], [ 100.06348911, -0.420061939999921 ], [ 100.06361034, -0.42008907999997 ], [ 100.06369538, -0.420094509999965 ], [ 100.06379128, -0.420070979999938 ], [ 100.06387451, -0.419973279999962 ], [ 100.06390166, -0.419821289999969 ], [ 100.06392156, -0.419709109999928 ], [ 100.06390527, -0.419611399999961 ], [ 100.0638528, -0.419526359999959 ], [ 100.0638148, -0.419484739999975 ], [ 100.06376957, -0.419419599999969 ], [ 100.06376776, -0.419385219999921 ], [ 100.06379671, -0.419350839999937 ], [ 100.06388356, -0.419301989999956 ], [ 100.06398851, -0.419273039999955 ], [ 100.06407536, -0.419260369999961 ], [ 100.06419116, -0.419282089999967 ], [ 100.06429249, -0.419334559999922 ], [ 100.06441733, -0.419406939999929 ], [ 100.0645078, -0.419475689999964 ], [ 100.06459104, -0.419493789999932 ], [ 100.06466522, -0.419466649999952 ], [ 100.0647195, -0.419434079999974 ], [ 100.06478102, -0.419352649999957 ], [ 100.06486968, -0.419294749999956 ], [ 100.06492939, -0.419261319999974 ], [ 100.06503434, -0.419188899999939 ], [ 100.06514652, -0.419113809999946 ], [ 100.06520352, -0.419084859999943 ], [ 100.06526323, -0.419072199999967 ], [ 100.06528722, -0.41907318999995 ], [ 100.06542651, -0.419078939999969 ], [ 100.06554097, -0.419101149999969 ], [ 100.065626725, -0.419125159999972 ], [ 100.06563144, -0.419126479999933 ], [ 100.06567329, -0.41913723999995 ], [ 100.06569477, -0.419142759999949 ], [ 100.06574047, -0.419161929999968 ], [ 100.06593238, -0.419400629999928 ], [ 100.06637828, -0.420131409999958 ], [ 100.06656407, -0.420143799999952 ], [ 100.06725769, -0.419970389999944 ], [ 100.06746825, -0.419958009999958 ], [ 100.06746918, -0.419958109999934 ], [ 100.06755483, -0.419985939999955 ], [ 100.06759963, -0.420024629999944 ], [ 100.06763444, -0.420054699999985 ], [ 100.0677611, -0.420286299999929 ], [ 100.06777544, -0.420311869999985 ], [ 100.06797823, -0.420673509999974 ], [ 100.06820621, -0.421075199999963 ], [ 100.06826049, -0.421136719999943 ], [ 100.06828945, -0.421133099999962 ], [ 100.06834011, -0.421107769999941 ], [ 100.06839439, -0.421053489999959 ], [ 100.06862961, -0.42087616999993 ], [ 100.06877798, -0.420774839999984 ], [ 100.06881445, -0.420774839999984 ], [ 100.06883226, -0.420774839999984 ], [ 100.06886845, -0.420807409999959 ], [ 100.06890285, -0.420850599999944 ], [ 100.06894221, -0.420900029999931 ], [ 100.06902406, -0.421002829999964 ], [ 100.06922671, -0.42128870999995 ], [ 100.06929547, -0.421411749999955 ], [ 100.06930106, -0.421454089999939 ], [ 100.06930293, -0.421468199999941 ], [ 100.0693208, -0.421603549999933 ], [ 100.06931356, -0.421683159999932 ], [ 100.06927376, -0.421748299999938 ], [ 100.06919053, -0.421795339999959 ], [ 100.06913624, -0.421860479999967 ], [ 100.06911453, -0.421925619999971 ], [ 100.06910816, -0.421949849999981 ], [ 100.06909644, -0.421994379999949 ], [ 100.06913262, -0.422081229999953 ], [ 100.06920356, -0.422145509999959 ], [ 100.06924843, -0.422186169999981 ], [ 100.06938232, -0.422320069999955 ], [ 100.06946555, -0.422450339999954 ], [ 100.06953431, -0.422609569999963 ], [ 100.06954517, -0.422696419999968 ], [ 100.06950174, -0.422830319999957 ], [ 100.06943389, -0.422969249999941 ], [ 100.06942575, -0.422985929999927 ], [ 100.06937508, -0.423112579999955 ], [ 100.06938232, -0.423188579999936 ], [ 100.069430936153495, -0.423249566978456 ], [ 100.06945108, -0.423275429999939 ], [ 100.0694945, -0.423318849999937 ], [ 100.06959583, -0.423358659999965 ], [ 100.0697558, -0.423419599999934 ], [ 100.0699758, -0.423503409999971 ], [ 100.06998777, -0.42351670999994 ], [ 100.07000837, -0.423539599999978 ], [ 100.07002306, -0.423570109999962 ], [ 100.07005542, -0.423637309999942 ], [ 100.07007351, -0.423789299999956 ], [ 100.07008799, -0.423912339999959 ], [ 100.07009068, -0.423922319999973 ], [ 100.07014951, -0.424140319999943 ], [ 100.07020321, -0.424274569999971 ], [ 100.07027902, -0.424464109999977 ], [ 100.07026779, -0.424643809999965 ], [ 100.07028257, -0.424758369999956 ], [ 100.07038751, -0.425015789999975 ], [ 100.07045431, -0.425179659999977 ], [ 100.07049585, -0.425260089999941 ], [ 100.0705698, -0.425403279999961 ], [ 100.07064347, -0.425976859999935 ], [ 100.07062176, -0.426244649999946 ], [ 100.07033949, -0.426830899999965 ], [ 100.07002104, -0.427243439999934 ], [ 100.06983526, -0.427608589999979 ], [ 100.0697822, -0.42782967999995 ], [ 100.0697243, -0.427916539999961 ], [ 100.06961573, -0.427996149999963 ], [ 100.06951404, -0.427989139999969 ], [ 100.06940584, -0.427981669999959 ], [ 100.06928281, -0.428025099999967 ], [ 100.06918148, -0.428097479999971 ], [ 100.06910187, -0.428263939999966 ], [ 100.06910494, -0.428393049999957 ], [ 100.0691091, -0.428567919999983 ], [ 100.06907292, -0.428719909999927 ], [ 100.06894988, -0.428893609999934 ], [ 100.06869656, -0.429103499999941 ], [ 100.06860971, -0.429212059999945 ], [ 100.06859523, -0.42940747999996 ], [ 100.06871104, -0.429537759999967 ], [ 100.06879789, -0.429639079999958 ], [ 100.06879969, -0.42966619999994 ], [ 100.06880512, -0.42974764999997 ], [ 100.06869656, -0.429848969999971 ], [ 100.06848667, -0.429943059999976 ], [ 100.06835639, -0.42995753999998 ], [ 100.06816822, -0.430015439999983 ], [ 100.06800175, -0.430152949999983 ], [ 100.06780634, -0.430341129999936 ], [ 100.06771949, -0.430514829999941 ], [ 100.06769777, -0.430666819999948 ], [ 100.06764711, -0.430789859999957 ], [ 100.06741551, -0.430891189999951 ], [ 100.06722733, -0.430999749999955 ], [ 100.06708258, -0.431260299999964 ], [ 100.06694506, -0.431448479999974 ], [ 100.06675688, -0.431470189999978 ], [ 100.06659766, -0.431332679999975 ], [ 100.06618512, -0.431195169999969 ], [ 100.06616611, -0.431193669999975 ], [ 100.065816, -0.431166219999966 ], [ 100.06541069, -0.431289249999969 ], [ 100.06517909, -0.431484669999979 ], [ 100.06509948, -0.431622179999984 ], [ 100.06496196, -0.431730749999932 ], [ 100.06441191, -0.431955109999937 ], [ 100.06355063, -0.432186719999959 ], [ 100.06234195, -0.432476219999958 ], [ 100.06158201, -0.432649919999961 ], [ 100.06141453, -0.432706349999931 ], [ 100.06137573, -0.432744009999972 ], [ 100.06120203, -0.432816389999975 ], [ 100.06101024, -0.432896 ], [ 100.06090891, -0.433008179999943 ], [ 100.06091253, -0.433156549999974 ], [ 100.060927, -0.43329044999996 ], [ 100.06091615, -0.433348349999964 ], [ 100.06085101, -0.433442439999971 ], [ 100.06084528, -0.433463919999952 ], [ 100.06082206, -0.433551 ], [ 100.06081844, -0.43376088999998 ], [ 100.06082025, -0.433856789999942 ], [ 100.06078587, -0.433959929999962 ], [ 100.06072254, -0.434073919999945 ], [ 100.06067731, -0.434157149999972 ], [ 100.06063207, -0.434225909999957 ], [ 100.06056332, -0.43425123999998 ], [ 100.06044932, -0.434260289999949 ], [ 100.06037152, -0.434244 ], [ 100.06030457, -0.434225909999957 ], [ 100.06025391, -0.434249429999972 ], [ 100.06019782, -0.434283809999954 ], [ 100.06017249, -0.434338089999934 ], [ 100.06011458, -0.434397799999943 ], [ 100.06007478, -0.434426749999944 ], [ 100.05999516, -0.43444483999998 ], [ 100.05983594, -0.434462939999947 ], [ 100.05967309, -0.434441229999945 ], [ 100.05943606, -0.434405039999945 ], [ 100.0592895, -0.434412269999941 ], [ 100.05886644, -0.434354909999966 ], [ 100.05886248, -0.434354369999937 ], [ 100.05876477, -0.434357989999975 ], [ 100.05873944, -0.434372469999978 ], [ 100.05872085, -0.434407319999943 ], [ 100.05871049, -0.434426749999944 ], [ 100.05869963, -0.434499129999947 ], [ 100.05865983, -0.434557029999954 ], [ 100.05859107, -0.434658349999955 ], [ 100.05857841, -0.434710829999978 ], [ 100.05856574, -0.434739779999979 ], [ 100.05850965, -0.434774149999957 ], [ 100.05844089, -0.434785009999936 ], [ 100.05836671, -0.434768729999985 ], [ 100.058307, -0.434770539999937 ], [ 100.05828347, -0.434781389999958 ], [ 100.05826719, -0.43481214999998 ], [ 100.05824548, -0.434891769999976 ], [ 100.05819662, -0.434984039999969 ], [ 100.05811882, -0.435145079999935 ], [ 100.05808806, -0.435204789999944 ], [ 100.05800483, -0.43524640999994 ], [ 100.05791978, -0.435260879999938 ], [ 100.05777865, -0.435244599999977 ], [ 100.05763571, -0.435237359999969 ], [ 100.05746201, -0.435213839999969 ], [ 100.05737154, -0.435206599999966 ], [ 100.05732699, -0.435209669999951 ], [ 100.05731906, -0.435210219999937 ], [ 100.05727021, -0.435242789999968 ], [ 100.05726044, -0.435254279999926 ], [ 100.05723945, -0.435278979999973 ], [ 100.0571526, -0.435416489999978 ], [ 100.05712727, -0.435496099999962 ], [ 100.0570567, -0.435581149999968 ], [ 100.0569988, -0.435610099999967 ], [ 100.05689205, -0.435637239999953 ], [ 100.05679977, -0.435639049999971 ], [ 100.05668911, -0.435637259999968 ], [ 100.05668758, -0.435637239999953 ], [ 100.05660073, -0.435655329999977 ], [ 100.05653198, -0.435711419999969 ], [ 100.05648985, -0.43577083999998 ], [ 100.05646141, -0.43581093999996 ], [ 100.05638361, -0.435906839999973 ], [ 100.05630761, -0.436019019999948 ], [ 100.05623704, -0.43612215999998 ], [ 100.05620086, -0.436147489999937 ], [ 100.05615381, -0.436160149999982 ], [ 100.05605972, -0.436167389999982 ], [ 100.05596744, -0.436185489999965 ], [ 100.05588602, -0.436203579999937 ], [ 100.0558426, -0.436221669999956 ], [ 100.05581726, -0.436274149999974 ], [ 100.05579917, -0.436384519999929 ], [ 100.05578831, -0.436485849999943 ], [ 100.05579555, -0.436619739999966 ], [ 100.05579012, -0.436726499999971 ], [ 100.05575394, -0.436789819999947 ], [ 100.05572317, -0.436816969999938 ], [ 100.05565804, -0.436836869999979 ], [ 100.05550062, -0.436876679999961 ], [ 100.05541377, -0.436925529999939 ], [ 100.0553432, -0.43696894999994 ], [ 100.05525997, -0.437055809999953 ], [ 100.05509531, -0.437196939999978 ], [ 100.05502475, -0.437260269999968 ], [ 100.05482029, -0.437325409999971 ], [ 100.05466468, -0.437341689999938 ], [ 100.05452535, -0.43735616999993 ], [ 100.05430461, -0.437345309999964 ], [ 100.05417433, -0.437330829999959 ], [ 100.05410014, -0.437334449999983 ], [ 100.05403139, -0.437367019999962 ], [ 100.05397349, -0.437390539999969 ], [ 100.05393006, -0.437428539999927 ], [ 100.05388483, -0.437522629999933 ], [ 100.05385226, -0.437589579999956 ], [ 100.05381788, -0.437636619999984 ], [ 100.05370389, -0.437701759999921 ], [ 100.05360075, -0.437777759999967 ], [ 100.05356275, -0.437822989999972 ], [ 100.05353018, -0.43788450999995 ], [ 100.05348857, -0.437938789999977 ], [ 100.05341619, -0.437967739999981 ], [ 100.05338905, -0.437967739999981 ], [ 100.05330401, -0.437958699999967 ], [ 100.05320811, -0.438011169999936 ], [ 100.05316107, -0.438047359999926 ], [ 100.05313574, -0.438103449999971 ], [ 100.0531104, -0.438148679999924 ], [ 100.05307422, -0.438192109999934 ], [ 100.05303803, -0.438202959999966 ], [ 100.05296384, -0.438202959999966 ], [ 100.05287699, -0.438193919999953 ], [ 100.05279557, -0.438201149999945 ], [ 100.05276662, -0.438219249999976 ], [ 100.05274129, -0.438240959999973 ], [ 100.05270872, -0.438304289999962 ], [ 100.05268158, -0.438373049999941 ], [ 100.05264901, -0.438423709999942 ], [ 100.05261644, -0.438447229999961 ], [ 100.05248616, -0.438463519999974 ], [ 100.05237217, -0.438474369999944 ], [ 100.05222742, -0.438474369999944 ], [ 100.05209171, -0.438503319999943 ], [ 100.05196144, -0.438561229999953 ], [ 100.05178773, -0.438633599999951 ], [ 100.051757263, -0.438657654999926 ], [ 100.05165022, -0.43874216999996 ], [ 100.05158146, -0.438819969999944 ], [ 100.05147652, -0.438892339999945 ], [ 100.05126663, -0.43903166999996 ], [ 100.05112007, -0.439131189999962 ], [ 100.0510694, -0.43920174999994 ], [ 100.05105918, -0.439243379999937 ], [ 100.05106036, -0.439252419999953 ], [ 100.05105493, -0.439409829999934 ], [ 100.05103864, -0.439527439999944 ], [ 100.05096084, -0.439619719999944 ], [ 100.05087761, -0.439674 ], [ 100.0508651, -0.439676709999959 ], [ 100.05081066, -0.439688479999978 ], [ 100.05074733, -0.439730099999965 ], [ 100.05074007, -0.439736389999959 ], [ 100.05069757, -0.439763289999978 ], [ 100.05067159, -0.439783279999975 ], [ 100.05065422, -0.439800019999949 ], [ 100.05060696, -0.439837909999944 ], [ 100.05058231, -0.439866559999926 ], [ 100.05056166, -0.439887219999947 ], [ 100.05055606, -0.439895619999955 ], [ 100.05054167, -0.439917199999971 ], [ 100.05053301, -0.439932519999967 ], [ 100.05050636, -0.439982489999974 ], [ 100.05048371, -0.440019129999945 ], [ 100.05043596, -0.440090959999965 ], [ 100.05033388, -0.44028376999995 ], [ 100.05032303, -0.440341669999952 ], [ 100.05031217, -0.440627559999946 ], [ 100.05029769, -0.440761449999976 ], [ 100.05026151, -0.440837449999956 ], [ 100.05018189, -0.440873639999961 ], [ 100.05003352, -0.440888109999957 ], [ 100.04995029, -0.440949629999983 ], [ 100.04983811, -0.441061809999953 ], [ 100.04982363, -0.441166759999931 ], [ 100.04983449, -0.441333219999943 ], [ 100.04982363, -0.441525019999975 ], [ 100.04979106, -0.441677009999984 ], [ 100.04975488, -0.441753 ], [ 100.04964631, -0.441829 ], [ 100.04938214, -0.441955659999967 ], [ 100.04924101, -0.441995459999935 ], [ 100.04902388, -0.441973749999935 ], [ 100.04870904, -0.441883279999956 ], [ 100.04849915, -0.441854329999959 ], [ 100.04835078, -0.441872419999929 ], [ 100.04824584, -0.441923089999938 ], [ 100.0481228, -0.441977369999961 ], [ 100.04803957, -0.441991839999961 ], [ 100.04798166, -0.442028029999967 ], [ 100.04794548, -0.442104029999946 ], [ 100.04791291, -0.442161929999948 ], [ 100.04786224, -0.442194499999974 ], [ 100.04739904, -0.442176399999944 ], [ 100.04737906, -0.442172259999955 ], [ 100.04726876, -0.442132979999949 ], [ 100.04717467, -0.442122119999969 ], [ 100.04707764, -0.442109769999943 ], [ 100.04677661, -0.442071459999972 ], [ 100.04647625, -0.442017179999945 ], [ 100.04632426, -0.442013559999968 ], [ 100.04628373, -0.442024359999949 ], [ 100.04621569, -0.442042509999969 ], [ 100.04607456, -0.442118499999944 ], [ 100.045704141, -0.442327382999969 ], [ 100.04568529, -0.442340997999961 ], [ 100.045646205, -0.44236132199995 ], [ 100.045608684, -0.442387899999983 ], [ 100.045575852, -0.442409786999973 ], [ 100.045532077, -0.44244261799998 ], [ 100.045486739, -0.442475449999972 ], [ 100.045449217, -0.442498899999976 ], [ 100.045405442, -0.442523914999925 ], [ 100.045363231, -0.442548928999945 ], [ 100.045303822, -0.442580196999928 ], [ 100.045250666, -0.442600520999973 ], [ 100.045208485, -0.442613358999945 ], [ 100.04516468, -0.442645858999921 ], [ 100.045139962, -0.442672930999953 ], [ 100.045131849, -0.442681816999936 ], [ 100.045108398, -0.442711521999969 ], [ 100.045084947, -0.44273653599993 ], [ 100.045041172, -0.442759986999938 ], [ 100.044981763, -0.442774057999948 ], [ 100.044917664, -0.442797508999945 ], [ 100.044864508, -0.442803761999927 ], [ 100.044803536, -0.442802198999976 ], [ 100.044733183, -0.442792817999935 ], [ 100.044670648, -0.442785000999952 ], [ 100.044620619, -0.442775620999951 ], [ 100.044564337, -0.442759986999938 ], [ 100.044526815, -0.442745916999974 ], [ 100.044472097, -0.442728718999946 ], [ 100.044429885, -0.442719338999959 ], [ 100.044381118, -0.442721839999934 ], [ 100.044368913, -0.442722465999963 ], [ 100.044301687, -0.44273653599993 ], [ 100.044286342, -0.442741747999946 ], [ 100.044218827, -0.442769367999985 ], [ 100.04404998, -0.442831902999957 ], [ 100.043812345, -0.442931959999965 ], [ 100.043599723, -0.443069538999961 ], [ 100.04341837, -0.443207117999977 ], [ 100.043230762, -0.443394724999969 ], [ 100.043080677, -0.443732417999972 ], [ 100.042924337, -0.444082617999926 ], [ 100.042793012, -0.444376535999936 ], [ 100.042642927, -0.444695467999962 ], [ 100.042311487, -0.445370853999973 ], [ 100.042180162, -0.445583474999982 ], [ 100.041980048, -0.445896153999969 ], [ 100.041742412, -0.446171310999941 ], [ 100.041592326, -0.446358917999939 ], [ 100.041329676, -0.446596553999943 ], [ 100.041167083, -0.446752893999936 ], [ 100.041067026, -0.446884218999979 ], [ 100.040941955, -0.447121853999938 ], [ 100.040929448, -0.447353236999967 ], [ 100.040904433, -0.447565857999969 ], [ 100.040835644, -0.447747211999972 ], [ 100.040748094, -0.447822254999958 ], [ 100.040516712, -0.447947325999962 ], [ 100.040322851, -0.448084904999973 ], [ 100.040179019, -0.448278764999952 ], [ 100.040060201, -0.448691500999936 ], [ 100.040035187, -0.448835332999977 ], [ 100.039947637, -0.449022940999955 ], [ 100.039760029, -0.449160518999975 ], [ 100.039559915, -0.449210547999949 ], [ 100.039384815, -0.449279336999958 ], [ 100.039209715, -0.449416915999956 ], [ 100.039034615, -0.449548240999945 ], [ 100.038872022, -0.449717086999956 ], [ 100.038796979, -0.449773368999961 ], [ 100.038690668, -0.44993596199993 ], [ 100.038678161, -0.45012982299995 ], [ 100.03872819, -0.450317429999935 ], [ 100.038734443, -0.450486276999926 ], [ 100.038740697, -0.450661376999969 ], [ 100.03881574, -0.450830222999972 ], [ 100.038847008, -0.451011576999973 ], [ 100.038847008, -0.451199183999968 ], [ 100.038828247, -0.451436819999975 ], [ 100.038778465, -0.451556295999985 ], [ 100.038765711, -0.45158690599993 ], [ 100.038721936, -0.451593158999979 ], [ 100.038471793, -0.451580651999961 ], [ 100.038109086, -0.451493101999969 ], [ 100.037633814, -0.451418058999934 ], [ 100.037252347, -0.451292987999982 ], [ 100.036977189, -0.451199183999968 ], [ 100.036526932, -0.451055351999973 ], [ 100.036126703, -0.450855236999933 ], [ 100.035832785, -0.450636361999952 ], [ 100.035345007, -0.450336190999959 ], [ 100.034600832, -0.449767115999977 ], [ 100.034181842, -0.449398154999933 ], [ 100.033737838, -0.449122997999958 ], [ 100.033243806, -0.448879107999981 ], [ 100.032530899, -0.448697754999957 ], [ 100.032136924, -0.448691500999936 ], [ 100.031861767, -0.448710261999961 ], [ 100.031461538, -0.448729022999939 ], [ 100.031130098, -0.448729022999939 ], [ 100.030811166, -0.448678993999977 ], [ 100.030492234, -0.448466372999975 ], [ 100.030335895, -0.448303779999953 ], [ 100.030217077, -0.448122425999948 ], [ 100.029966934, -0.447816000999983 ], [ 100.029153969, -0.447015543999954 ], [ 100.029003884, -0.44680917599993 ], [ 100.028847544, -0.446584046999939 ], [ 100.028684951, -0.446371425999935 ], [ 100.028566134, -0.446221339999968 ], [ 100.028497344, -0.446127535999956 ], [ 100.028397287, -0.446127535999956 ], [ 100.02823386, -0.446133372999962 ], [ 100.028222187, -0.44613378999998 ], [ 100.028084608, -0.446127535999956 ], [ 100.027978298, -0.446077507999973 ], [ 100.027884494, -0.44602122599998 ], [ 100.027765676, -0.445946182999934 ], [ 100.02768438, -0.44588989999995 ], [ 100.027515533, -0.44588989999995 ], [ 100.027371701, -0.445933674999936 ], [ 100.027325417, -0.445966735999948 ], [ 100.02723666, -0.446051939999967 ], [ 100.02711843, -0.446182779999962 ], [ 100.02706168, -0.446222189999964 ], [ 100.02700966, -0.446250569999958 ], [ 100.02694818, -0.446304169999968 ], [ 100.02682758, -0.44648072999997 ], [ 100.02678896, -0.446532749999964 ], [ 100.0266928, -0.446646249999965 ], [ 100.02658875, -0.44676290999996 ], [ 100.02653426, -0.446815449999982 ], [ 100.0263917, -0.446968629999955 ], [ 100.02632707, -0.447037989999959 ], [ 100.02621672, -0.447162529999961 ], [ 100.0261111, -0.447293369999956 ], [ 100.02595976, -0.447498309999955 ], [ 100.02590015, -0.447584409999938 ], [ 100.02588576, -0.447605199999944 ], [ 100.0258435, -0.447682349999988 ], [ 100.02583851, -0.447689579999983 ], [ 100.02579964, -0.44774586999995 ], [ 100.025700102, -0.447831937999987 ], [ 100.025675419, -0.447858212999973 ], [ 100.025595686, -0.44793169199995 ], [ 100.025536277, -0.447986410999931 ], [ 100.025495629, -0.44802549599996 ], [ 100.025447164, -0.448061453999977 ], [ 100.025426844, -0.448075890999974 ], [ 100.025387755, -0.448103664999969 ], [ 100.025286134, -0.448216229999963 ], [ 100.025204838, -0.448289708999941 ], [ 100.025137612, -0.448345990999948 ], [ 100.025043808, -0.44844135799997 ], [ 100.024979709, -0.448519527999959 ], [ 100.024871835, -0.448639908999962 ], [ 100.024771778, -0.448727458999948 ], [ 100.024671721, -0.44882438999998 ], [ 100.024520072, -0.449027630999986 ], [ 100.02446848, -0.449074532999942 ], [ 100.024351225, -0.449277773999948 ], [ 100.024316831, -0.449438802999964 ], [ 100.024304323, -0.449552930999981 ], [ 100.024301197, -0.449656114999931 ], [ 100.024301197, -0.449742100999975 ], [ 100.024304257, -0.449761992999931 ], [ 100.024171435, -0.450317429999935 ], [ 100.023808728, -0.450855236999933 ], [ 100.023383485, -0.451130394999961 ], [ 100.02309582, -0.451155408999969 ], [ 100.022808156, -0.451042844999971 ], [ 100.022604697, -0.450932637999926 ], [ 100.022507985, -0.450880251999934 ], [ 100.022295363, -0.450955294999967 ], [ 100.021720034, -0.45109287299994 ], [ 100.020706956, -0.451380537999972 ], [ 100.020131627, -0.451580651999961 ], [ 100.019293648, -0.45249367399993 ], [ 100.018755841, -0.453031480999929 ], [ 100.017905355, -0.453906980999932 ], [ 100.017192448, -0.454982596 ], [ 100.013996872, -0.457346445999974 ], [ 100.013627911, -0.457784195999982 ], [ 100.013354814, -0.458086977999928 ], [ 100.013340246, -0.458103128999944 ], [ 100.013033821, -0.458547131999986 ], [ 100.012133307, -0.459722803999973 ], [ 100.011457921, -0.460723375999983 ], [ 100.010482364, -0.462549418999982 ], [ 100.008506235, -0.46520093399995 ], [ 100.005892241, -0.467827434999957 ], [ 100.005629591, -0.468096337999956 ], [ 100.005499636468144, -0.46824981296571 ], [ 100.005429477, -0.468321466999954 ], [ 100.005129305, -0.468690427999949 ], [ 100.004772851, -0.469096909999961 ], [ 100.004360116, -0.469628463999932 ], [ 100.004041183, -0.470235059999945 ], [ 100.003697989769861, -0.470824605752185 ], [ 100.003553405, -0.471091799999959 ], [ 100.003203811, -0.471553263999967 ], [ 100.00284268, -0.471212819999958 ], [ 100.00283203, -0.471202779999947 ] ] ] ] } },
{ "type": "Feature", "properties": { "fid": null, "kk": null, "gid": 79177, "bstt": null, "luas": 0.91706663304802605, "bsbtt": null, "idsls": "13060610020006", "kdkab": "06", "kdkec": "061", "kdsls": "0006", "nmkab": "PADANG PARIAMAN", "nmkec": "VII KOTO PATAMUAN", "nmsls": "KORONG MUDIAK BALAI PULAU AIE", "bstt_k": null, "kddesa": "002", "kdprov": "13", "khusus": null, "muatan": null, "nmdesa": "TANDIKEK", "nmprov": "SUMATERA BARAT", "posisi": "", "rw_dki": "", "segmen": "", "sumber": "", "dom_sls": "", "periode": "2024_1", "tingkat": null, "nm_gedung": "", "wil_campur": null, "iddesa": "1306061002", "idkec": "1306061", "idkab": "1306" }, "geometry": { "type": "MultiPolygon", "coordinates": [ [ [ [ 100.248710404, -0.573849591999934 ], [ 100.247890729, -0.574575589999949 ], [ 100.247012506, -0.575336715999928 ], [ 100.246391895, -0.575769973 ], [ 100.245537091, -0.57647255199993 ], [ 100.245349128, -0.576772275999938 ], [ 100.2435786, -0.575933829999947 ], [ 100.24146665, -0.575552379999979 ], [ 100.24128938, -0.575520359999935 ], [ 100.24122963, -0.575508159999968 ], [ 100.240315908, -0.575321519999931 ], [ 100.24021819, -0.575301559999959 ], [ 100.23805167, -0.574859039999985 ], [ 100.2379554, -0.574839379999957 ], [ 100.23769937, -0.574639949999958 ], [ 100.23669461, -0.57385729999993 ], [ 100.23669281, -0.573855899999964 ], [ 100.23629026, -0.573630879999936 ], [ 100.23581923, -0.57286461999997 ], [ 100.23469013, -0.570714839999944 ], [ 100.23424519, -0.569884579999952 ], [ 100.23404618, -0.569513229999931 ], [ 100.23396888, -0.569131859999966 ], [ 100.23387479, -0.568889399999928 ], [ 100.23382516, -0.568810709999987 ], [ 100.23382208, -0.568805829999984 ], [ 100.233806380856166, -0.568781181147241 ], [ 100.23362147, -0.568487709999943 ], [ 100.23350602, -0.568347219999969 ], [ 100.23331779, -0.567865919999983 ], [ 100.233251748, -0.567766242999941 ], [ 100.23320422, -0.567694509999971 ], [ 100.23303742, -0.567442749999939 ], [ 100.23288356, -0.567210509999936 ], [ 100.232796747, -0.566931045999977 ], [ 100.232808082, -0.566926996999938 ], [ 100.232825856, -0.566919678999966 ], [ 100.232841015, -0.566913928999964 ], [ 100.232858789, -0.566907655999951 ], [ 100.232881267, -0.566898768999986 ], [ 100.232887223, -0.566896237999976 ], [ 100.232900988, -0.566892795999935 ], [ 100.232994665, -0.56686644999997 ], [ 100.233073705, -0.566845957999938 ], [ 100.233149818, -0.566819610999972 ], [ 100.233258132, -0.566769844999965 ], [ 100.233334245, -0.566723006999953 ], [ 100.233413285, -0.566667385999949 ], [ 100.233700171, -0.56641855599998 ], [ 100.233811413, -0.566342442999942 ], [ 100.234016332, -0.566272184999949 ], [ 100.234162702, -0.566219491999958 ], [ 100.23430029, -0.566163870999965 ], [ 100.234505209, -0.566090685999938 ], [ 100.234680854, -0.566055556999974 ], [ 100.234874063, -0.566040919999979 ], [ 100.235011651, -0.566032137999969 ], [ 100.235128748, -0.566023354999973 ], [ 100.235254626, -0.566014572999963 ], [ 100.235383432, -0.565988225999945 ], [ 100.235474182, -0.565953097999969 ], [ 100.23554444, -0.56592382299994 ], [ 100.235643972, -0.565856492999966 ], [ 100.235699593, -0.565780379999974 ], [ 100.235743504, -0.565666210999949 ], [ 100.235772778, -0.565587170999954 ], [ 100.235796197, -0.565446655999954 ], [ 100.235869383, -0.564881664999971 ], [ 100.235866455, -0.564823116999955 ], [ 100.235866455, -0.564729439999951 ], [ 100.235845963, -0.564656254999939 ], [ 100.235813762, -0.564559649999977 ], [ 100.235775705, -0.564477682999955 ], [ 100.235731794, -0.564413279999942 ], [ 100.235696657, -0.564376074999927 ], [ 100.235682028, -0.56436058599997 ], [ 100.235670319, -0.564310819999949 ], [ 100.235664464, -0.564220069999978 ], [ 100.235649827, -0.564123465999962 ], [ 100.235602988, -0.564018078999943 ], [ 100.235526875, -0.563912691999979 ], [ 100.235421489, -0.563813159999935 ], [ 100.235269263, -0.563701918999926 ], [ 100.235070199, -0.563602386999947 ], [ 100.234833079, -0.563494072999955 ], [ 100.234104154, -0.562975920999976 ], [ 100.234001695, -0.563104726999948 ], [ 100.233887526, -0.563230605999946 ], [ 100.233790921, -0.563362338999987 ], [ 100.233723591, -0.563476507999959 ], [ 100.233603567, -0.563599458999932 ], [ 100.233562583, -0.563640442999943 ], [ 100.233492325, -0.563719482999942 ], [ 100.233433777, -0.563778030999975 ], [ 100.233348882, -0.563795595999979 ], [ 100.233302043, -0.563769248999963 ], [ 100.233208366, -0.563707773999975 ], [ 100.233114689, -0.563658007999953 ], [ 100.233018085, -0.563605313999982 ], [ 100.232889278, -0.56354383899998 ], [ 100.232804384, -0.563476507999959 ], [ 100.232725343, -0.563423814999966 ], [ 100.232608247, -0.563371120999933 ], [ 100.232532134, -0.563315500999981 ], [ 100.232429675, -0.563254024999931 ], [ 100.23234478, -0.563172056999974 ], [ 100.232327216, -0.563116436999968 ], [ 100.23234478, -0.56306081599996 ], [ 100.232382836, -0.562981775999966 ], [ 100.232438457, -0.56292908199993 ], [ 100.232491151, -0.562861751999949 ], [ 100.232552626, -0.562785638999978 ], [ 100.232640449, -0.562694889999933 ], [ 100.232728271, -0.562601211999949 ], [ 100.232824875, -0.562475333999941 ], [ 100.232959536, -0.562267487999973 ], [ 100.23301223, -0.562170882999964 ], [ 100.233059068, -0.562068423999962 ], [ 100.233088342, -0.561960108999936 ], [ 100.233141036, -0.561822520999956 ], [ 100.233202511, -0.561705424999956 ], [ 100.233266914, -0.561588327999966 ], [ 100.233319608, -0.561459521999948 ], [ 100.233337172, -0.561248748999961 ], [ 100.233299116, -0.561008700999935 ], [ 100.233240568, -0.560868184999957 ], [ 100.233205439, -0.56064570199993 ], [ 100.23317031, -0.560434928999943 ], [ 100.233136243, -0.559935279999931 ], [ 100.233135181, -0.559919703999931 ], [ 100.233252277, -0.559053190999986 ], [ 100.233287406, -0.558737029999981 ], [ 100.233451341, -0.558338901999951 ], [ 100.233615276, -0.55803445199997 ], [ 100.233732373, -0.557753419999933 ], [ 100.23376139, -0.557692484999959 ], [ 100.233894956, -0.557242234999933 ], [ 100.233884598, -0.557004002999979 ], [ 100.233896308, -0.556769809999943 ], [ 100.233802631, -0.556523907999975 ], [ 100.233779211, -0.556313133999944 ], [ 100.233744082, -0.556114069999984 ], [ 100.233732373, -0.555821328999971 ], [ 100.233685534, -0.555563716999929 ], [ 100.233685534, -0.555364652999971 ], [ 100.233697244, -0.555200717999986 ], [ 100.233720663, -0.554954815999969 ], [ 100.233568438, -0.554826009999948 ], [ 100.233357664, -0.554662074999952 ], [ 100.233076633, -0.554228817999957 ], [ 100.232772182, -0.553865818999951 ], [ 100.232748763, -0.553210078999946 ], [ 100.232771243, -0.553101422999938 ], [ 100.232889278, -0.552530919999933 ], [ 100.232936117, -0.55182834099997 ], [ 100.233240568, -0.551219439999961 ], [ 100.233357664, -0.551266277999959 ], [ 100.233615276, -0.550680795999936 ], [ 100.233966566, -0.550048475999974 ], [ 100.234224178, -0.549392735999966 ], [ 100.234388113, -0.548807252999953 ], [ 100.234669144, -0.548128093999945 ], [ 100.234856498, -0.547495773999978 ], [ 100.234950176, -0.546840033999955 ], [ 100.235090691, -0.546277970999941 ], [ 100.235090691, -0.545739326999977 ], [ 100.234973595, -0.545317779999954 ], [ 100.234715983, -0.544849393999935 ], [ 100.234699234, -0.544673532999984 ], [ 100.237333088, -0.545554899999966 ], [ 100.239001, -0.54612062499996 ], [ 100.23982817, -0.544522499999978 ], [ 100.2408135, -0.544250679999952 ], [ 100.2425031, -0.544588599999943 ], [ 100.24284132, -0.544767159999941 ], [ 100.24306904, -0.544887389999924 ], [ 100.24319968, -0.544726369999988 ], [ 100.24325099, -0.544665919999952 ], [ 100.24345092, -0.544430419999972 ], [ 100.24395946, -0.54383136999997 ], [ 100.24400644, -0.543460759999963 ], [ 100.24399231, -0.543260569999975 ], [ 100.24411897, -0.543090489999942 ], [ 100.24439762, -0.542884219999961 ], [ 100.24478483, -0.542659849999955 ], [ 100.24542898, -0.542332659999949 ], [ 100.24554165, -0.542289599999948 ], [ 100.24567302, -0.542239389999965 ], [ 100.24591005, -0.54214529999996 ], [ 100.24597782, -0.54212373999997 ], [ 100.24603252, -0.542046559999966 ], [ 100.24606385, -0.542002359999969 ], [ 100.24607435, -0.541962249999922 ], [ 100.24610334, -0.541851479999937 ], [ 100.24613385, -0.541781349999959 ], [ 100.24614732, -0.541750379999948 ], [ 100.24617603, -0.54157172999993 ], [ 100.24619774, -0.541209849999974 ], [ 100.24620892, -0.540920359999983 ], [ 100.24609732, -0.540069019999975 ], [ 100.24601409, -0.539678189999967 ], [ 100.24606113, -0.539399539999976 ], [ 100.24611903, -0.539178799999949 ], [ 100.24616304, -0.539067559999982 ], [ 100.24624931, -0.538849489999968 ], [ 100.24634702, -0.538444179999943 ], [ 100.24642301, -0.537944789999935 ], [ 100.24637597, -0.537601 ], [ 100.24625655, -0.537195699999933 ], [ 100.24611542, -0.536938759999942 ], [ 100.24587992, -0.536743869999949 ], [ 100.24560607, -0.536458369999942 ], [ 100.245601968, -0.536452659999957 ], [ 100.245505254, -0.53631802899997 ], [ 100.24496916, -0.535571759999927 ], [ 100.24454576, -0.534985519999964 ], [ 100.24435759, -0.534739439999949 ], [ 100.24435035, -0.534536779999945 ], [ 100.24437036, -0.534455289999925 ], [ 100.24440101, -0.534330509999962 ], [ 100.24440432, -0.534324309999929 ], [ 100.24448786, -0.534167669999934 ], [ 100.24473032, -0.533892639999981 ], [ 100.24473751, -0.533884499999947 ], [ 100.24482557, -0.533784779999963 ], [ 100.2449764, -0.53361398999994 ], [ 100.24505601, -0.533396859999926 ], [ 100.24507049, -0.533259349999985 ], [ 100.24496554, -0.532948129999971 ], [ 100.24483888, -0.532680339999957 ], [ 100.24463623, -0.532412549999956 ], [ 100.24450865, -0.532280019999981 ], [ 100.2442635, -0.532025339999958 ], [ 100.24412598, -0.531902299999967 ], [ 100.2440429, -0.531869609999949 ], [ 100.24390524, -0.531815449999965 ], [ 100.24372068, -0.531775639999985 ], [ 100.24352513, -0.531818819999957 ], [ 100.24344203, -0.531837159999958 ], [ 100.2433588, -0.531858879999965 ], [ 100.24325448, -0.53180457999998 ], [ 100.24309463, -0.531721359999955 ], [ 100.24291007, -0.531544039999975 ], [ 100.24283045, -0.531232819999955 ], [ 100.24280512, -0.531127879999925 ], [ 100.24274611, -0.531084259999944 ], [ 100.24263866, -0.531004839999984 ], [ 100.24231297, -0.530664669999964 ], [ 100.242269935, -0.53060386199996 ], [ 100.2421465, -0.530429449999924 ], [ 100.24204879, -0.53021955999998 ], [ 100.24203432, -0.529991579999943 ], [ 100.24217183, -0.529694839999945 ], [ 100.24225277, -0.529597489999965 ], [ 100.24239364, -0.529428059999926 ], [ 100.24243962, -0.529372759999948 ], [ 100.24261333, -0.529202679999979 ], [ 100.24278341, -0.528942129999968 ], [ 100.24303672, -0.528652619999947 ], [ 100.24323214, -0.528428259999942 ], [ 100.24331175, -0.528106179999953 ], [ 100.2433009, -0.527968669999952 ], [ 100.24323824, -0.527687959999983 ], [ 100.24330045, -0.527454639999985 ], [ 100.243267997, -0.527402212999969 ], [ 100.24318215, -0.527263529999971 ], [ 100.24310563, -0.526865639999934 ], [ 100.24301849, -0.526412479999983 ], [ 100.24318215, -0.525757829999979 ], [ 100.24337854, -0.525201379999941 ], [ 100.24334581, -0.52467765999996 ], [ 100.24367313, -0.523728419999947 ], [ 100.2437386, -0.523008299999961 ], [ 100.24372778, -0.522716119999934 ], [ 100.24356156, -0.52221021999998 ], [ 100.24338785, -0.52173253999997 ], [ 100.243448027, -0.52137149799995 ], [ 100.24346023, -0.521298279999942 ], [ 100.24364841, -0.520921929999923 ], [ 100.24392344, -0.520733749999979 ], [ 100.24423058, -0.520650569999937 ], [ 100.24436052, -0.520520629999963 ], [ 100.24508063, -0.519964179999935 ], [ 100.245084501, -0.519927414999935 ], [ 100.24510029, -0.519777449999944 ], [ 100.2451212, -0.519578819999942 ], [ 100.2449497, -0.519211339999979 ], [ 100.24455691, -0.518654879999931 ], [ 100.24458964, -0.518262089999961 ], [ 100.244601561, -0.518251251999967 ], [ 100.244440841, -0.518092860999966 ], [ 100.243954891, -0.517636184999965 ], [ 100.243597747, -0.51723805699993 ], [ 100.243269877, -0.516675993999969 ], [ 100.243158635, -0.516342269999946 ], [ 100.24306569, -0.516076107999932 ], [ 100.24306569, -0.516075874999954 ], [ 100.243062762, -0.516052455999964 ], [ 100.243052516, -0.516002689999944 ], [ 100.243045198, -0.515971951999985 ], [ 100.243045198, -0.51593975099997 ], [ 100.243043734, -0.51591047599994 ], [ 100.243045198, -0.515875347999951 ], [ 100.243045198, -0.515841681999983 ], [ 100.243045198, -0.515812407999943 ], [ 100.243037879, -0.515777278999963 ], [ 100.243027633, -0.515743613999973 ], [ 100.243012996, -0.515707020999977 ], [ 100.24300641, -0.515694579999953 ], [ 100.24298665, -0.515657254999956 ], [ 100.242969085, -0.515630908999928 ], [ 100.242941275, -0.515595779999964 ], [ 100.242920783, -0.515569432999943 ], [ 100.242888581, -0.515548940999963 ], [ 100.242876055, -0.515542405999961 ], [ 100.242702691, -0.515510884999966 ], [ 100.242462643, -0.515458191999936 ], [ 100.242134773, -0.515399642999976 ], [ 100.241672242, -0.51533523999996 ], [ 100.241203857, -0.515294256999942 ], [ 100.240577391, -0.515194724999963 ], [ 100.24023114, -0.515186943999931 ], [ 100.240056312, -0.515183014999939 ], [ 100.239470829, -0.515153740999944 ], [ 100.239107831, -0.515130321999954 ], [ 100.238867783, -0.515118611999985 ], [ 100.238616026, -0.515118611999985 ], [ 100.2384638, -0.515060063999952 ], [ 100.238510639, -0.514861 ], [ 100.238551622, -0.514697064999946 ], [ 100.238580897, -0.514462871999974 ], [ 100.238580897, -0.514322355999981 ], [ 100.238387688, -0.514281371999968 ], [ 100.238241317, -0.514257952999977 ], [ 100.238059818, -0.514252097999926 ], [ 100.237825625, -0.514187694999977 ], [ 100.237611774, -0.51410424099993 ], [ 100.23748572, -0.514105059999965 ], [ 100.23685102, -0.51401316999995 ], [ 100.23592328, -0.514077859999937 ], [ 100.235904511, -0.514083601999979 ], [ 100.235904511, -0.514093851999973 ], [ 100.235904511, -0.51409401799998 ], [ 100.235922076, -0.514275517999972 ], [ 100.235933786, -0.514515564999955 ], [ 100.236091866, -0.514878563999961 ], [ 100.236138704, -0.515089337999944 ], [ 100.23610952, -0.515176888999976 ], [ 100.236103575, -0.515194724999963 ], [ 100.235945495, -0.515364513999948 ], [ 100.23579327, -0.515493319999971 ], [ 100.23562348, -0.515657254999956 ], [ 100.235365868, -0.515932431999954 ], [ 100.235160949, -0.516125640999974 ], [ 100.234944321, -0.516277865999947 ], [ 100.23465158, -0.516424236999967 ], [ 100.234294436, -0.516558897999974 ], [ 100.233908017, -0.51669355899998 ], [ 100.233603567, -0.516728687999954 ], [ 100.233381083, -0.516822364999948 ], [ 100.23301223, -0.517085831999976 ], [ 100.232947827, -0.517366862999954 ], [ 100.232930262, -0.51762447499994 ], [ 100.232941972, -0.517958199999961 ], [ 100.232906843, -0.518221666999983 ], [ 100.232877569, -0.51855539199994 ], [ 100.232760472, -0.518935954999964 ], [ 100.232625812, -0.519293098999929 ], [ 100.232473586, -0.519445324999948 ], [ 100.232309651, -0.519609259999931 ], [ 100.232116442, -0.519761484999951 ], [ 100.231800282, -0.519989822999952 ], [ 100.231665621, -0.520218160999952 ], [ 100.231577799, -0.520411369999977 ], [ 100.231478267, -0.520598724999967 ], [ 100.231472933, -0.520613963999958 ], [ 100.231396299, -0.52083291699995 ], [ 100.231302622, -0.521049545999977 ], [ 100.231226509, -0.521254464999975 ], [ 100.231167961, -0.521523785999935 ], [ 100.231085994, -0.52185751099995 ], [ 100.230963042, -0.522243928999957 ], [ 100.230904494, -0.522624492999972 ], [ 100.230857655, -0.522800136999935 ], [ 100.230820795, -0.522886145999959 ], [ 100.230804962, -0.522923088999965 ], [ 100.230728849, -0.522987491999978 ], [ 100.230582479, -0.523040184999958 ], [ 100.23037756, -0.523034329999972 ], [ 100.2298799, -0.523034329999972 ], [ 100.22963107, -0.523016765999953 ], [ 100.229238797, -0.522996273999987 ], [ 100.22897533, -0.522984563999967 ], [ 100.228732355, -0.522987491999978 ], [ 100.228401558, -0.52300505599993 ], [ 100.2279361, -0.523110442999946 ], [ 100.22760823, -0.523274377999947 ], [ 100.226905651, -0.523713489999979 ], [ 100.22629675, -0.524193584999981 ], [ 100.225611736, -0.524714663999933 ], [ 100.225020399, -0.525060097999929 ], [ 100.224669109, -0.525294290999965 ], [ 100.224590069, -0.525314782999948 ], [ 100.224434917, -0.525282581999936 ], [ 100.224427734, -0.525262300999946 ], [ 100.224385151, -0.525142065999941 ], [ 100.224417352, -0.524966420999937 ], [ 100.224783278, -0.524003302999978 ], [ 100.225860566, -0.52142718199997 ], [ 100.226299923, -0.519889432999957 ], [ 100.223721859, -0.518768534999942 ], [ 100.22089889, -0.51749147799995 ], [ 100.217360863, -0.515730808999927 ], [ 100.21730872, -0.515914759999937 ], [ 100.2169763, -0.51708744999997 ], [ 100.21685407, -0.517518659999958 ], [ 100.21631929, -0.519405249999977 ], [ 100.216168363, -0.51990546899998 ], [ 100.216163518, -0.51989907299998 ], [ 100.215946889, -0.519653170999961 ], [ 100.215759535, -0.519465816999978 ], [ 100.215560471, -0.51916136599994 ], [ 100.215396536, -0.518944737999959 ], [ 100.215115505, -0.518587592999947 ], [ 100.214863747, -0.518283142999967 ], [ 100.214483184, -0.517826466999968 ], [ 100.214061637, -0.517393209999969 ], [ 100.213727912, -0.51708290399996 ], [ 100.213446881, -0.516749179999988 ], [ 100.213384289, -0.516689881999987 ], [ 100.213410288, -0.516195898999968 ], [ 100.213539094, -0.515786061999967 ], [ 100.213539094, -0.515364513999948 ], [ 100.213492256, -0.515036643999968 ], [ 100.213433707, -0.514416032999978 ], [ 100.213468836, -0.513889098999926 ], [ 100.213714739, -0.513467551999951 ], [ 100.213960641, -0.512647876999956 ], [ 100.214042609, -0.512062394999938 ], [ 100.214218253, -0.511558880999933 ], [ 100.21434706, -0.510797753999957 ], [ 100.214382188, -0.510481592999958 ], [ 100.21432364, -0.510001497999953 ], [ 100.214089447, -0.509591660999943 ], [ 100.21369132, -0.509287209999965 ], [ 100.213433707, -0.509064726999956 ], [ 100.213105837, -0.508900791999969 ], [ 100.212766258, -0.508818823999943 ], [ 100.212603884, -0.508710574999959 ], [ 100.212485226, -0.508631469999956 ], [ 100.212239324, -0.508479244999936 ], [ 100.211841196, -0.508139664999934 ], [ 100.211630422, -0.507753246999933 ], [ 100.211618713, -0.507214602999974 ], [ 100.211688971, -0.506839894999935 ], [ 100.211817777, -0.506593991999978 ], [ 100.212005131, -0.50628954099995 ], [ 100.212274453, -0.506113896999975 ], [ 100.212391549, -0.505961670999975 ], [ 100.212414968, -0.505821155999974 ], [ 100.212520355, -0.505704058999933 ], [ 100.212637452, -0.50566892999996 ], [ 100.212824806, -0.505750897999983 ], [ 100.21303558, -0.505821155999974 ], [ 100.213211224, -0.505797735999981 ], [ 100.213316611, -0.505598671999969 ], [ 100.213398578, -0.505317640999976 ], [ 100.213410288, -0.505060028999936 ], [ 100.213492256, -0.504884383999978 ], [ 100.2136679, -0.50474386899993 ], [ 100.213820126, -0.504603352999937 ], [ 100.213902093, -0.504334030999934 ], [ 100.213913803, -0.503971031999927 ], [ 100.213902093, -0.503619742999944 ], [ 100.213937222, -0.503455807999965 ], [ 100.214077738, -0.503315291999972 ], [ 100.214206544, -0.503104518999979 ], [ 100.214206544, -0.502811777999965 ], [ 100.214311931, -0.502530745999943 ], [ 100.214487575, -0.50230826299998 ], [ 100.214494059, -0.502294484999941 ], [ 100.214581252, -0.502109198999968 ], [ 100.214710058, -0.501875005999987 ], [ 100.214850574, -0.501734489999938 ], [ 100.215037928, -0.501605683999969 ], [ 100.218047307, -0.501184136999947 ], [ 100.218738175, -0.501184136999947 ], [ 100.219382206, -0.501113878999945 ], [ 100.21988572, -0.501008492999971 ], [ 100.220436074, -0.500938234999983 ], [ 100.220810782, -0.500832847999967 ], [ 100.221466522, -0.500575235999979 ], [ 100.222110553, -0.50046984899996 ], [ 100.222485261, -0.500411300999931 ], [ 100.222930227, -0.500294203999943 ], [ 100.22318784, -0.500188817999976 ], [ 100.223457161, -0.500060011999945 ], [ 100.223632806, -0.499954624999929 ], [ 100.223808451, -0.499720431999958 ], [ 100.223937257, -0.499322303999974 ], [ 100.223993367, -0.499108064999973 ], [ 100.224066063, -0.498830498999947 ], [ 100.226337733, -0.495317605999954 ], [ 100.227461859, -0.494076383999927 ], [ 100.227793382, -0.493483131999943 ], [ 100.227906826, -0.49328012899997 ], [ 100.228843597, -0.492015486999947 ], [ 100.229569595, -0.490867941999975 ], [ 100.229967723, -0.490024847999962 ], [ 100.2300614, -0.489790654999975 ], [ 100.230016332, -0.489607733999949 ], [ 100.229985727959956, -0.489469205318955 ], [ 100.229663272, -0.488174723999982 ], [ 100.229452498, -0.487659499999957 ], [ 100.229124628, -0.487120856999983 ], [ 100.228984113, -0.486699308999959 ], [ 100.228938515, -0.486569029999938 ], [ 100.22926237, -0.486415439999982 ], [ 100.22942372, -0.486338919999978 ], [ 100.229432724, -0.486334649999954 ], [ 100.23018974, -0.485975629999933 ], [ 100.23121313, -0.485742069999959 ], [ 100.232063624, -0.485547965999959 ], [ 100.23280424, -0.485378939999978 ], [ 100.2347929, -0.484919539999966 ], [ 100.23536853, -0.484883359999972 ], [ 100.23587401, -0.484851599999957 ], [ 100.23693278, -0.484674499999934 ], [ 100.2370276, -0.48457409999998 ], [ 100.2372773, -0.484342499999967 ], [ 100.23767537, -0.484125369999957 ], [ 100.23807705, -0.483948049999922 ], [ 100.2384136, -0.483738159999972 ], [ 100.23863435, -0.483600639999963 ], [ 100.23879719, -0.483358179999926 ], [ 100.23892385, -0.482963729999939 ], [ 100.23899622, -0.482069889999937 ], [ 100.23908308, -0.481266519999971 ], [ 100.23915545, -0.481085579999958 ], [ 100.23924954, -0.480861209999945 ], [ 100.23924954, -0.480607899999937 ], [ 100.23911203, -0.480369059999936 ], [ 100.23904689, -0.480231539999976 ], [ 100.23899622, -0.480108499999971 ], [ 100.23903241, -0.479956509999975 ], [ 100.23939429, -0.479695959999961 ], [ 100.23964761, -0.479420929999947 ], [ 100.23976341, -0.479239989999936 ], [ 100.23976703, -0.479077149999974 ], [ 100.23977065, -0.478870879999935 ], [ 100.23979998, -0.478764559999957 ], [ 100.23991178, -0.478487279999972 ], [ 100.2400493, -0.47821224999996 ], [ 100.240223, -0.478038549999953 ], [ 100.24050888, -0.477785239999954 ], [ 100.2407622, -0.477629629999973 ], [ 100.24098294, -0.477521059999959 ], [ 100.24125797, -0.47731479 ], [ 100.24157281, -0.47704337999995 ], [ 100.24182612, -0.47676111999994 ], [ 100.24199621, -0.476478849999985 ], [ 100.24219162, -0.476142299999943 ], [ 100.24239789, -0.475849179999953 ], [ 100.2428032, -0.475498159999972 ], [ 100.24319041, -0.475147129999928 ], [ 100.24339668, -0.474882959999952 ], [ 100.24357038, -0.474481279999961 ], [ 100.24365, -0.474130249999976 ], [ 100.24374409, -0.47365618999993 ], [ 100.24383817, -0.473250889999974 ], [ 100.24401911, -0.472932429999967 ], [ 100.24417834, -0.472617599999981 ], [ 100.24443528, -0.472038589999957 ], [ 100.24466688, -0.471691179999935 ], [ 100.24485144, -0.47138719999993 ], [ 100.24501067, -0.471094079999942 ], [ 100.24509028, -0.470826289999931 ], [ 100.24515904, -0.470489739999951 ], [ 100.24514094, -0.470366699999944 ], [ 100.24510837, -0.470290709999983 ], [ 100.24510837, -0.470168839999925 ], [ 100.24553413, -0.469212249999948 ], [ 100.245560921, -0.46925807799994 ], [ 100.245600041, -0.469359628999941 ], [ 100.245601341, -0.46947219999993 ], [ 100.245578346, -0.469593315999931 ], [ 100.245567011, -0.469653018999964 ], [ 100.24571792, -0.469675188999934 ], [ 100.24578439, -0.469671648999965 ], [ 100.24587709, -0.469661978999967 ], [ 100.24602437, -0.469671838999942 ], [ 100.24611207, -0.46968358899994 ], [ 100.24615257, -0.46968901899994 ], [ 100.24622432, -0.469690348999969 ], [ 100.24634766, -0.469693728999972 ], [ 100.24638377, -0.469703638999932 ], [ 100.24646678, -0.469726408999981 ], [ 100.24658202, -0.469772178999965 ], [ 100.24670579, -0.469815438999946 ], [ 100.24677958, -0.469826038999945 ], [ 100.24693083, -0.469859318999968 ], [ 100.24708151, -0.469907878999947 ], [ 100.24719923, -0.469934338999963 ], [ 100.24728868, -0.469935568999972 ], [ 100.24740519, -0.469934138999976 ], [ 100.24750957, -0.469928278999932 ], [ 100.24762859, -0.469925508999949 ], [ 100.24776855, -0.469900688999935 ], [ 100.24790514, -0.469909158999946 ], [ 100.24804024, -0.469969808999963 ], [ 100.24834602, -0.470066148999933 ], [ 100.24874094, -0.470153718999939 ], [ 100.24899375, -0.470214758999931 ], [ 100.24925811, -0.470351358999957 ], [ 100.24958845, -0.470611778999972 ], [ 100.24959239, -0.471465728999927 ], [ 100.24959241, -0.471615898999976 ], [ 100.24963027, -0.471785088999983 ], [ 100.24969252, -0.471979958999955 ], [ 100.24979218, -0.47226094899998 ], [ 100.24991977, -0.472409398999956 ], [ 100.25026014, -0.472501028999946 ], [ 100.25041705, -0.472437628999957 ], [ 100.25066152, -0.472511388999985 ], [ 100.25111638, -0.472681428999987 ], [ 100.25124824, -0.472794198999972 ], [ 100.25128889, -0.472838238999943 ], [ 100.251566091, -0.473138558999955 ], [ 100.25157296, -0.47316580799998 ], [ 100.251574291, -0.47317109399995 ], [ 100.25181775, -0.474137158999958 ], [ 100.252014831, -0.474442178999948 ], [ 100.252278699, -0.47462467699996 ], [ 100.25249988, -0.47477764999997 ], [ 100.252848529, -0.475113148999978 ], [ 100.253015289, -0.475372417999952 ], [ 100.253303339, -0.475875698999976 ], [ 100.253485271, -0.47624173799995 ], [ 100.253712671, -0.47654674799998 ], [ 100.254000672, -0.476805988999963 ], [ 100.25415225, -0.476866977999976 ], [ 100.254776031, -0.476944657999988 ], [ 100.25502934, -0.476571568999939 ], [ 100.255401431, -0.476294907999939 ], [ 100.25587989, -0.476165028999965 ], [ 100.256092031, -0.475951457999946 ], [ 100.256319291, -0.475539588999941 ], [ 100.2564436, -0.475420137999945 ], [ 100.25706447, -0.475309938999941 ], [ 100.257662649, -0.475203777999985 ], [ 100.257662734, -0.475203891999973 ], [ 100.258475811, -0.476277157999968 ], [ 100.259156611, -0.477175809999954 ], [ 100.259350363, -0.477431555999946 ], [ 100.259406639, -0.477505838999953 ], [ 100.25966103, -0.477956718999967 ], [ 100.259716561, -0.47805513899994 ], [ 100.259759761, -0.478131716999947 ], [ 100.259811299, -0.478223047999962 ], [ 100.25993255, -0.478437948999955 ], [ 100.2599711, -0.47868630899995 ], [ 100.25997425, -0.478706579999943 ], [ 100.260092259, -0.479466838999947 ], [ 100.260234491, -0.479627628999943 ], [ 100.260639531, -0.480085498999923 ], [ 100.26124167, -0.479865178999949 ], [ 100.26172221, -0.479689349999946 ], [ 100.26220488, -0.479620458999943 ], [ 100.262305219, -0.479606138999937 ], [ 100.26278105, -0.479538219999941 ], [ 100.26325975, -0.479264678999928 ], [ 100.263280731, -0.479252687999973 ], [ 100.263710559, -0.479031638999973 ], [ 100.263717755, -0.479027938999936 ], [ 100.263779621, -0.478996117999938 ], [ 100.264330101, -0.478713017999951 ], [ 100.26499478, -0.478404818999944 ], [ 100.26527074, -0.478267987999978 ], [ 100.26602799, -0.477892507999969 ], [ 100.266867559, -0.477782998999946 ], [ 100.26694164, -0.477773337999962 ], [ 100.2670198, -0.47776313899994 ], [ 100.26733989, -0.477721388999963 ], [ 100.26757623, -0.477690559999932 ], [ 100.2681021, -0.477159839999962 ], [ 100.26826187, -0.476998598999957 ], [ 100.269974661, -0.475270007999944 ], [ 100.271617161, -0.47410930799993 ], [ 100.27231079, -0.473619139999936 ], [ 100.2728762, -0.473219587999948 ], [ 100.273356811, -0.472879948999946 ], [ 100.27350867, -0.471627157999938 ], [ 100.27371758, -0.469903657999971 ], [ 100.273754901, -0.469845277999979 ], [ 100.274787102, -0.468230807999929 ], [ 100.2752135, -0.467563886999931 ], [ 100.275476299, -0.467152838999943 ], [ 100.275440531, -0.466244688999956 ], [ 100.275407791, -0.465413328999952 ], [ 100.27723096, -0.464385618999932 ], [ 100.278133711, -0.464085567999974 ], [ 100.27931446, -0.463693108999959 ], [ 100.280511779, -0.463295148999984 ], [ 100.28066119, -0.463245487999931 ], [ 100.281131212, -0.463089259999952 ], [ 100.282268531, -0.462421308999979 ], [ 100.28317257, -0.461544607999945 ], [ 100.28358545, -0.461425397999967 ], [ 100.28448805, -0.461425228999938 ], [ 100.286371831, -0.45953108999993 ], [ 100.2878356, -0.456422308999948 ], [ 100.288917261, -0.455070048999976 ], [ 100.28940214, -0.454431488999939 ], [ 100.28953949, -0.454306548999974 ], [ 100.289744729, -0.454046278999955 ], [ 100.289891084, -0.45386067399994 ], [ 100.28990506, -0.453842948999978 ], [ 100.29028906, -0.453575218999959 ], [ 100.2923556, -0.451962318999963 ], [ 100.29305764, -0.451200918999977 ], [ 100.29568943, -0.446738669999951 ], [ 100.295689451, -0.446738649999937 ], [ 100.29587303, -0.446409309999988 ], [ 100.29590762, -0.446368729999958 ], [ 100.296004, -0.446205299999977 ], [ 100.29677715, -0.445276969999952 ], [ 100.298180199, -0.443592309999933 ], [ 100.29829168, -0.44345845 ], [ 100.29923147, -0.442353659999985 ], [ 100.29965527, -0.441972059999955 ], [ 100.29968158, -0.44194118999997 ], [ 100.29983847, -0.440834189999982 ], [ 100.300452851, -0.44001658099995 ], [ 100.306434541, -0.432056309999951 ], [ 100.308680051, -0.43095608999994 ], [ 100.31229756, -0.429113479999954 ], [ 100.315065321, -0.429168720999949 ], [ 100.315333521, -0.429174078999958 ], [ 100.31606439, -0.428382421 ], [ 100.31692405, -0.427596372999969 ], [ 100.31713772, -0.427401 ], [ 100.31776582, -0.42669028099994 ], [ 100.31827827, -0.426110429999937 ], [ 100.318698869, -0.42563451099994 ], [ 100.31874537, -0.425679949999971 ], [ 100.318797989, -0.425731369999934 ], [ 100.31904047, -0.425968320999976 ], [ 100.319423371, -0.426342499999977 ], [ 100.32091521, -0.42780031999996 ], [ 100.320905138, -0.429479028999944 ], [ 100.32090167, -0.430056508999951 ], [ 100.320894299, -0.431285149999955 ], [ 100.32049659, -0.432485489999975 ], [ 100.32023535, -0.433273936999975 ], [ 100.320178321, -0.433446040999974 ], [ 100.319462309, -0.435318830999961 ], [ 100.318746289, -0.437191628999927 ], [ 100.31806777, -0.438946828999982 ], [ 100.317743859, -0.43978472899994 ], [ 100.31718185, -0.441400138999935 ], [ 100.31674148, -0.44266592999998 ], [ 100.316064221, -0.444709997999955 ], [ 100.31588232, -0.44525900999998 ], [ 100.315452899, -0.447419858999983 ], [ 100.315197401, -0.448062408999943 ], [ 100.314880071, -0.448860470999932 ], [ 100.31445063, -0.45087726999998 ], [ 100.314283761, -0.453400788999944 ], [ 100.31416487, -0.455198868999961 ], [ 100.31416516, -0.456806949999932 ], [ 100.314165361, -0.457935848999966 ], [ 100.314193951, -0.458878688999965 ], [ 100.31426639, -0.461267619999946 ], [ 100.314309501, -0.462689518999985 ], [ 100.315026629, -0.466866871 ], [ 100.31503427, -0.46691419999997 ], [ 100.315203499, -0.467962231999935 ], [ 100.31533785, -0.468794260999973 ], [ 100.31544811, -0.46947709899996 ], [ 100.315887241, -0.472196609999974 ], [ 100.31635507, -0.473353839999963 ], [ 100.317010974, -0.474976296999963 ], [ 100.316530523, -0.476033288999928 ], [ 100.315874783, -0.479030956999964 ], [ 100.316062138, -0.480717145999965 ], [ 100.316249492, -0.483808490999938 ], [ 100.317560972, -0.485869388999968 ], [ 100.31859142, -0.487274545999977 ], [ 100.318872452, -0.488773379999945 ], [ 100.318872452, -0.491208985999946 ], [ 100.318872452, -0.49345723699998 ], [ 100.318310389, -0.495330779999962 ], [ 100.317652884852421, -0.496054852582774 ], [ 100.317373618, -0.496361227999958 ], [ 100.316530523, -0.49692329099997 ], [ 100.315593752, -0.497860061999976 ], [ 100.314422788, -0.49968676699996 ], [ 100.313392339, -0.500623537999968 ], [ 100.312596083, -0.501841340999936 ], [ 100.312596083, -0.502871788999937 ], [ 100.312221375, -0.503340174999954 ], [ 100.310956733, -0.503668044999939 ], [ 100.309317383, -0.502543918999957 ], [ 100.308193258, -0.501466631999961 ], [ 100.307209648, -0.500436183999967 ], [ 100.307152655, -0.500410022999979 ], [ 100.307136887, -0.500363315999947 ], [ 100.307101099, -0.500288871999947 ], [ 100.307066288, -0.500202869999955 ], [ 100.307055026, -0.500147582999939 ], [ 100.307001132, -0.499944441999957 ], [ 100.307005882, -0.499328514999942 ], [ 100.307267984, -0.498378395999967 ], [ 100.307661136, -0.496478157999949 ], [ 100.308283628, -0.494610681999975 ], [ 100.308250865, -0.493332935999945 ], [ 100.30746456, -0.492710443999953 ], [ 100.306547204, -0.49238281699997 ], [ 100.305433271, -0.492481104999972 ], [ 100.304253813, -0.49284149499994 ], [ 100.30336922, -0.493758851999924 ], [ 100.30300898852586, -0.494209200337329 ], [ 100.302451863, -0.494905546999981 ], [ 100.301600032, -0.496216055999984 ], [ 100.300617151, -0.497657615999969 ], [ 100.299762315, -0.498281609999936 ], [ 100.298450835, -0.498796833999965 ], [ 100.296436777, -0.500014636999943 ], [ 100.294563234, -0.501185600999978 ], [ 100.293017561, -0.501794501999942 ], [ 100.291518727, -0.50245024199996 ], [ 100.289036283, -0.503340174999954 ], [ 100.287631126, -0.503808560999977 ], [ 100.285944937, -0.504511138999935 ], [ 100.284727134, -0.504932686999961 ], [ 100.283415654, -0.505166878999956 ], [ 100.28327817, -0.505170152999944 ], [ 100.2830479, -0.505991139999937 ], [ 100.28301662, -0.506217889999959 ], [ 100.28300672, -0.506289639999986 ], [ 100.28287806, -0.507128519999984 ], [ 100.28285748, -0.507293209999945 ], [ 100.28304275, -0.508250449999939 ], [ 100.28320744, -0.508548949999989 ], [ 100.28404117, -0.509238579999931 ], [ 100.28426247, -0.50962455999997 ], [ 100.28444774, -0.509892179999956 ], [ 100.28448891, -0.510077449999937 ], [ 100.28484917, -0.510530349999961 ], [ 100.285827, -0.51077737999998 ], [ 100.28810175, -0.511003819999929 ], [ 100.28858552, -0.51123026999995 ], [ 100.28902811, -0.511539059999971 ], [ 100.28924427, -0.511899309999939 ], [ 100.28951322, -0.512605889999976 ], [ 100.28954791, -0.512697019999963 ], [ 100.28942981, -0.513069039999951 ], [ 100.28936169, -0.513283599999963 ], [ 100.28934205, -0.513345469999936 ], [ 100.28933176, -0.513571919999956 ], [ 100.28938322, -0.51408656999996 ], [ 100.28939291, -0.514186279999935 ], [ 100.28945527, -0.514827659999978 ], [ 100.2895397, -0.51549807999994 ], [ 100.28953471, -0.515503069999963 ], [ 100.28899794, -0.516552569999939 ], [ 100.28814873, -0.518194909999984 ], [ 100.28738765, -0.519657 ], [ 100.2870031, -0.520402059999989 ], [ 100.28697667, -0.520453229999934 ], [ 100.286535439, -0.521307650999976 ], [ 100.28605775, -0.522232669999941 ], [ 100.28502427, -0.524223509999964 ], [ 100.28464773, -0.524972579999948 ], [ 100.2842712, -0.526390609999968 ], [ 100.28389541, -0.527903459999944 ], [ 100.28380653, -0.52826127999993 ], [ 100.28340596, -0.529787459999965 ], [ 100.283159606259588, -0.530300333279187 ], [ 100.28262084, -0.531425789999958 ], [ 100.282599754, -0.531468774999956 ], [ 100.282594659, -0.531633506999924 ], [ 100.282594659, -0.531844280999966 ], [ 100.282618079, -0.532040417999954 ], [ 100.282667845, -0.532280464999937 ], [ 100.282758594, -0.532467819999964 ], [ 100.282843489, -0.532570278999977 ], [ 100.282937166, -0.532704939999974 ], [ 100.283001569, -0.532801543999937 ], [ 100.283004881513108, -0.532816197069688 ], [ 100.283010216, -0.532841633999971 ], [ 100.283007424, -0.532883511999965 ], [ 100.282969368, -0.532965478999935 ], [ 100.282934239, -0.533015244999946 ], [ 100.282884473, -0.533085502999946 ], [ 100.282834707, -0.533170397999929 ], [ 100.282802505, -0.533246510999959 ], [ 100.282761522, -0.533310913999975 ], [ 100.28266199, -0.533416300999939 ], [ 100.282597587, -0.533468993999983 ], [ 100.282588804, -0.533542178999945 ], [ 100.28266199, -0.533665129999975 ], [ 100.282822997, -0.533744170999971 ], [ 100.282907892, -0.533799790999986 ], [ 100.28296644, -0.533861266999965 ], [ 100.283177214, -0.534028128999986 ], [ 100.283276746, -0.534136443999963 ], [ 100.283393842, -0.534209628999977 ], [ 100.283502157, -0.534279886999968 ], [ 100.283598761, -0.534344289999985 ], [ 100.283698293, -0.534414547999976 ], [ 100.28379197, -0.534473095999941 ], [ 100.283865155, -0.534522861999964 ], [ 100.283958833, -0.534584336999962 ], [ 100.283964139, -0.534586989999982 ], [ 100.283967615, -0.534590191999936 ], [ 100.284128622, -0.534698505999926 ], [ 100.284245719, -0.534780473999951 ], [ 100.284441855, -0.534926843999926 ], [ 100.284494549, -0.535070287999932 ], [ 100.284512113, -0.535243004999938 ], [ 100.28453846, -0.53537766599993 ], [ 100.284541387, -0.535509398999987 ], [ 100.284541387, -0.535664551999961 ], [ 100.284532605, -0.535807994999977 ], [ 100.284509186, -0.535933873999974 ], [ 100.284474057, -0.536018768999957 ], [ 100.284386235, -0.536138791999976 ], [ 100.284307194, -0.536232469999959 ], [ 100.284248646, -0.536296872999978 ], [ 100.284245779, -0.536298783999934 ], [ 100.28407493, -0.536502969999961 ], [ 100.28377565, -0.536739959999975 ], [ 100.28348366, -0.536971179999972 ], [ 100.28294446, -0.537521239999939 ], [ 100.28230902, -0.53805284999993 ], [ 100.28201805, -0.538494689999936 ], [ 100.28186606, -0.538874669999935 ], [ 100.28147885, -0.539630989999981 ], [ 100.28125449, -0.539960299999971 ], [ 100.28113869, -0.540097819999967 ], [ 100.28112783, -0.540177429999972 ], [ 100.28118211, -0.540343899999934 ], [ 100.28116402, -0.540423509999936 ], [ 100.28088537, -0.540709399999979 ], [ 100.28066802, -0.540963309999939 ], [ 100.280652865, -0.540981013999954 ], [ 100.28051848, -0.541138 ], [ 100.28046468, -0.541261259999948 ], [ 100.2804339, -0.541323769999969 ], [ 100.28042224, -0.541347449999931 ], [ 100.28033835, -0.54144087999993 ], [ 100.28029946, -0.541506229999925 ], [ 100.280310666, -0.541949059999989 ], [ 100.28031075, -0.541952379999942 ], [ 100.28031511, -0.542124619999919 ], [ 100.2803357, -0.542896589999948 ], [ 100.28033353, -0.542996299999976 ], [ 100.280333, -0.543020549999942 ], [ 100.28032896, -0.54320674999997 ], [ 100.28003494, -0.543700899999973 ], [ 100.27998791, -0.543779939999989 ], [ 100.27987169, -0.543925709999947 ], [ 100.27980047, -0.54404940999996 ], [ 100.27948138, -0.544471419999987 ], [ 100.27805581, -0.546154319999971 ], [ 100.27761321, -0.546710139999966 ], [ 100.27722207, -0.54729683999995 ], [ 100.2763832, -0.548094539999968 ], [ 100.27596851, -0.548476699999985 ], [ 100.27480837, -0.549545849999957 ], [ 100.274779494, -0.549578226999932 ], [ 100.274697969, -0.549616590999962 ], [ 100.274551599, -0.549716122999942 ], [ 100.274387664, -0.549856638999931 ], [ 100.274264712, -0.54999129999994 ], [ 100.27425438, -0.550003008999973 ], [ 100.27417689, -0.55009083199997 ], [ 100.274083213, -0.550196217999942 ], [ 100.273966116, -0.550360152999927 ], [ 100.273872439, -0.550512378999943 ], [ 100.273795989, -0.550645041999941 ], [ 100.27312547, -0.55124933999997 ], [ 100.27285786, -0.551506659999977 ], [ 100.27246947, -0.551707329999938 ], [ 100.27245114, -0.551716799999958 ], [ 100.27225197, -0.551819699999961 ], [ 100.27224028, -0.551825739999975 ], [ 100.27198295, -0.552186 ], [ 100.27129332, -0.552659469999977 ], [ 100.27091248, -0.552885919999933 ], [ 100.27046989, -0.553143239999938 ], [ 100.27018683, -0.55329248999994 ], [ 100.26936339, -0.553971829999963 ], [ 100.26907845, -0.554191819999974 ], [ 100.26907016, -0.554198219999938 ], [ 100.26903356, -0.554226479999961 ], [ 100.26903219, -0.554227529999937 ], [ 100.2689115, -0.554320719999965 ], [ 100.26858504, -0.554572759999933 ], [ 100.26853181, -0.55461385999997 ], [ 100.268474, -0.55465848999996 ], [ 100.26796355, -0.555052589999953 ], [ 100.26718461, -0.555762499999957 ], [ 100.2671504, -0.55579367999997 ], [ 100.26670837, -0.556170739999977 ], [ 100.266037791, -0.556742749999958 ], [ 100.26558455895406, -0.557126779946419 ], [ 100.265568226014238, -0.557164226198693 ], [ 100.26520261, -0.55793128999994 ], [ 100.26484957, -0.558672669999971 ], [ 100.26425496, -0.559921339999958 ], [ 100.263830301611549, -0.562929347642473 ], [ 100.263484811709077, -0.563058943201046 ], [ 100.263234422474909, -0.56310446851635 ], [ 100.263020689082069, -0.563143329133233 ], [ 100.26239382215725, -0.563628548243305 ], [ 100.262092443828024, -0.56416801545264 ], [ 100.261941754663411, -0.564589945113572 ], [ 100.261965864929749, -0.565156536372539 ], [ 100.262267243258989, -0.565563397117009 ], [ 100.262719310752843, -0.565909982195632 ], [ 100.263111102580851, -0.566145057292437 ], [ 100.263403439560207, -0.566416297788751 ], [ 100.26334751, -0.566892189999982 ], [ 100.263123541, -0.569643781999962 ], [ 100.26312242, -0.56965755999994 ], [ 100.26305878, -0.570439489999957 ], [ 100.26251867, -0.572839959999958 ], [ 100.26251626, -0.572850689999944 ], [ 100.26246996, -0.573056469999933 ], [ 100.26231632, -0.573739309999954 ], [ 100.26230739, -0.573773349999955 ], [ 100.26227767, -0.573741039999966 ], [ 100.262152610953564, -0.57360544890797 ], [ 100.25985481, -0.571107499999933 ], [ 100.256874114, -0.569235326999951 ], [ 100.256637832, -0.569575571999966 ], [ 100.256462551765239, -0.569804384044779 ], [ 100.256333381, -0.569973699999934 ], [ 100.256075769, -0.570266440999954 ], [ 100.255595674, -0.570676278999942 ], [ 100.254799418, -0.57120321299993 ], [ 100.254120259, -0.571542791999953 ], [ 100.253640163, -0.571706726999937 ], [ 100.252539457, -0.571741855999967 ], [ 100.252379963708691, -0.571667082077576 ], [ 100.251867211481098, -0.571543713120561 ], [ 100.250706772229179, -0.571389501924292 ], [ 100.250294865, -0.571648910999962 ], [ 100.250062940484753, -0.571855990793005 ], [ 100.249874031769323, -0.572334045501439 ], [ 100.249669701934266, -0.572731139331831 ], [ 100.249752562, -0.573053335999932 ], [ 100.248710404, -0.573849591999934 ] ] ] ] } },
{ "type": "Feature", "properties": { "fid": null, "kk": null, "gid": 79223, "bstt": null, "luas": 2.2064854076199572, "bsbtt": null, "idsls": "13060620040003", "kdkab": "06", "kdkec": "062", "kdsls": "0003", "nmkab": "PADANG PARIAMAN", "nmkec": "VII KOTO PADANG SAGO", "nmsls": "KORONG TANJUANG MUTUIH", "bstt_k": null, "kddesa": "004", "kdprov": "13", "khusus": null, "muatan": null, "nmdesa": "KOTO DALAM BARAT", "nmprov": "SUMATERA BARAT", "posisi": "", "rw_dki": "", "segmen": "", "sumber": "", "dom_sls": "", "periode": "2024_1", "tingkat": null, "nm_gedung": "", "wil_campur": null, "iddesa": "1306062004", "idkec": "1306062", "idkab": "1306" }, "geometry": { "type": "MultiPolygon", "coordinates": [ [ [ [ 100.217379565, -0.558310676999959 ], [ 100.217285887, -0.557912548999981 ], [ 100.217133662, -0.557596388999972 ], [ 100.216969727, -0.557303647999967 ], [ 100.216723825, -0.557022615999935 ], [ 100.216630147, -0.556671326999953 ], [ 100.216196891, -0.556132683999978 ], [ 100.216009536, -0.555664297999955 ], [ 100.21589244, -0.555242750999986 ], [ 100.215822182, -0.554797783999966 ], [ 100.215857311, -0.554469913999987 ], [ 100.216044665, -0.554106914999981 ], [ 100.216185181, -0.553743916999965 ], [ 100.216079794, -0.553357497999964 ], [ 100.215857311, -0.552982789999931 ], [ 100.215634828, -0.552584661999958 ], [ 100.215435764, -0.552350468999972 ], [ 100.215178152, -0.552151404999965 ], [ 100.214955669, -0.552139695999934 ], [ 100.214475573, -0.552174823999971 ], [ 100.213808124, -0.552291920999959 ], [ 100.213128964, -0.552572951999938 ], [ 100.212396362, -0.553001792999969 ], [ 100.21227907, -0.551914909999944 ], [ 100.21167113, -0.551205629999974 ], [ 100.21066579, -0.550702959999968 ], [ 100.21017152, -0.551266429999953 ], [ 100.20935765, -0.552174949999945 ], [ 100.20923275, -0.552278269999938 ], [ 100.20899307, -0.552476559999948 ], [ 100.20865605, -0.552877339999957 ], [ 100.208149729, -0.552884229999965 ], [ 100.20810126, -0.552884889999975 ], [ 100.20749995, -0.552482169999961 ], [ 100.20749711, -0.55248026999994 ], [ 100.20748546, -0.552472469999943 ], [ 100.20743442, -0.552438289999936 ], [ 100.20742752, -0.552433659999966 ], [ 100.20626777, -0.551157929999927 ], [ 100.2059859, -0.551152709999948 ], [ 100.20583692, -0.551186909999962 ], [ 100.20572888, -0.551354189999928 ], [ 100.20512357, -0.551827089999972 ], [ 100.202349108, -0.552883489999953 ], [ 100.19865288, -0.554290859999987 ], [ 100.19814361, -0.554484769999938 ], [ 100.197538626, -0.554435614999938 ], [ 100.197380101, -0.554369855999941 ], [ 100.197222021, -0.554308380999948 ], [ 100.196958554, -0.554208848999968 ], [ 100.196823893, -0.554147372999979 ], [ 100.196229629, -0.554056622999954 ], [ 100.195928105, -0.553980510999973 ], [ 100.195729042, -0.55390147099996 ], [ 100.195445083, -0.553834139999941 ], [ 100.195330914, -0.553828284999956 ], [ 100.195237237, -0.55386048699996 ], [ 100.195046955, -0.553857559999922 ], [ 100.194812762, -0.553857559999922 ], [ 100.194575642, -0.553857559999922 ], [ 100.194209715, -0.553848776999933 ], [ 100.192863107, -0.553869268999969 ], [ 100.192343082, -0.553839553999974 ], [ 100.192298534, -0.553813438999962 ], [ 100.192199002, -0.553737326999965 ], [ 100.192058487, -0.553573391999983 ], [ 100.191988229, -0.553438730999977 ], [ 100.191900407, -0.553210392999974 ], [ 100.191824294, -0.55304645799993 ], [ 100.191701343, -0.552794699999932 ], [ 100.191619375, -0.552636619999937 ], [ 100.191583800639307, -0.552590545658779 ], [ 100.191531553, -0.552525378999978 ], [ 100.191426166, -0.55240242699995 ], [ 100.19130907, -0.552320459999978 ], [ 100.191191973, -0.552273620999929 ], [ 100.191074877, -0.552232637999975 ], [ 100.190910942, -0.552226783 ], [ 100.190817265, -0.552273620999929 ], [ 100.190574259, -0.55236750999996 ], [ 100.19049525, -0.552373152999959 ], [ 100.19032546, -0.55240242699995 ], [ 100.190056138, -0.552466829999968 ], [ 100.18983951, -0.552525378999978 ], [ 100.189605317, -0.552583926999942 ], [ 100.189388688, -0.552619055999972 ], [ 100.18916035, -0.55263076499995 ], [ 100.188914448, -0.552654184999946 ], [ 100.188839689, -0.55266298 ], [ 100.187792831, -0.55265732099998 ], [ 100.186551609, -0.552399708999926 ], [ 100.185913434, -0.552282612999928 ], [ 100.185503596, -0.552235773999944 ], [ 100.18488884, -0.552042564999973 ], [ 100.184701486, -0.551884484999961 ], [ 100.184449728, -0.551673710999979 ], [ 100.184409193288715, -0.551651516479382 ], [ 100.18431036, -0.551596283999977 ], [ 100.184186261, -0.551527340999941 ], [ 100.183981343, -0.551427808999961 ], [ 100.183612489, -0.551375114999928 ], [ 100.183097265, -0.551058954999979 ], [ 100.182664008, -0.550871600999932 ], [ 100.181996558, -0.550684245999954 ], [ 100.181100771, -0.550098763999935 ], [ 100.179683904, -0.549601104999967 ], [ 100.179332615, -0.549530846999973 ], [ 100.179121841, -0.549443023999973 ], [ 100.178881793, -0.54934934699998 ], [ 100.178653455, -0.549273234999933 ], [ 100.178384134, -0.549208830999936 ], [ 100.17817336, -0.549208830999936 ], [ 100.178091392, -0.549208830999936 ], [ 100.177974296, -0.549249814999941 ], [ 100.177775232, -0.549361056999942 ], [ 100.177692341, -0.549366237999946 ], [ 100.177681555, -0.549366911999926 ], [ 100.177611297, -0.549320072999942 ], [ 100.17752933, -0.549173702999957 ], [ 100.177441507, -0.548998057999939 ], [ 100.177371249, -0.548822412999927 ], [ 100.177260008, -0.548406720999943 ], [ 100.177137057, -0.548190092999966 ], [ 100.176949702, -0.547985173999968 ], [ 100.176779912, -0.547832947999955 ], [ 100.176639014, -0.547706624999928 ], [ 100.176610123, -0.547680722999929 ], [ 100.176457897, -0.547505077999975 ], [ 100.176387639, -0.547411400999984 ], [ 100.176288107, -0.547306014999942 ], [ 100.17619443, -0.547171353999952 ], [ 100.175901689, -0.546615145999972 ], [ 100.175790448, -0.54636338799998 ], [ 100.175649932, -0.54607650199995 ], [ 100.175374755, -0.545022633999967 ], [ 100.175333772, -0.544852843999935 ], [ 100.175275223, -0.544577667999931 ], [ 100.175216675, -0.544419587999934 ], [ 100.175090797, -0.54420881399995 ], [ 100.174970773, -0.544138555999945 ], [ 100.174859531, -0.544080007999978 ], [ 100.174701451, -0.544018531999935 ], [ 100.174546298, -0.543998040999959 ], [ 100.174344307, -0.543995112999945 ], [ 100.174241847, -0.543995112999945 ], [ 100.174151098, -0.543995112999945 ], [ 100.173826155, -0.544018531999935 ], [ 100.173647583, -0.543986330999937 ], [ 100.173495358, -0.543977548999978 ], [ 100.173296294, -0.543889725999981 ], [ 100.173106012, -0.543796048999989 ], [ 100.172983061, -0.543661387999981 ], [ 100.172813271, -0.543453541999951 ], [ 100.172658118, -0.543327663999942 ], [ 100.172505893, -0.543204711999983 ], [ 100.172424278, -0.543171029999946 ], [ 100.172288966863917, -0.543341338944456 ], [ 100.172000232522322, -0.543715741717091 ], [ 100.171765437563209, -0.543918807627672 ], [ 100.171216525023667, -0.543420661565777 ], [ 100.170286863901737, -0.542583014684627 ], [ 100.169963227606758, -0.542195920292581 ], [ 100.169170001393567, -0.541662872277304 ], [ 100.168744832143275, -0.541561339322013 ], [ 100.168313317083289, -0.541205973978495 ], [ 100.167749638, -0.54027805899995 ], [ 100.1679967, -0.540314289999973 ], [ 100.16933396, -0.540510429999926 ], [ 100.16941286, -0.540522 ], [ 100.17103669, -0.540760159999938 ], [ 100.171063969, -0.540764705999949 ], [ 100.171046683, -0.540737636999951 ], [ 100.170076456, -0.538914277999948 ], [ 100.16825477, -0.534825939999961 ], [ 100.167880061, -0.533233428999949 ], [ 100.167739546, -0.532062464999978 ], [ 100.167786384, -0.530891499999944 ], [ 100.167897939, -0.530622230999943 ], [ 100.169144703, -0.527612799999936 ], [ 100.169706766, -0.526441835999951 ], [ 100.170456183, -0.525364548999971 ], [ 100.171486631, -0.524193584999981 ], [ 100.172891788, -0.522928942999957 ], [ 100.173428346, -0.522371748999949 ], [ 100.174109591, -0.521664301999977 ], [ 100.174761898, -0.520803256999951 ], [ 100.175280555, -0.520118628999972 ], [ 100.175959177, -0.519187381999938 ], [ 100.176884777, -0.517917215999945 ], [ 100.177118969, -0.517507378999944 ], [ 100.177534662, -0.517290750999969 ], [ 100.179156447, -0.51693360599996 ], [ 100.180468253, -0.517026105999954 ], [ 100.180983151, -0.51706241299997 ], [ 100.181603762, -0.517144379999941 ], [ 100.182306341, -0.517249766999957 ], [ 100.183044048, -0.517390282999947 ], [ 100.183805175, -0.517507378999944 ], [ 100.183952764097768, -0.517535850312853 ], [ 100.184343819, -0.517612765999959 ], [ 100.184917591, -0.517811829999972 ], [ 100.187411745, -0.518362182999968 ], [ 100.188418774, -0.518455859999958 ], [ 100.190362575, -0.518783729999939 ], [ 100.190994896, -0.518830568999934 ], [ 100.19151012, -0.518842277999967 ], [ 100.191972635, -0.51885100499993 ], [ 100.192130731, -0.518853987999942 ], [ 100.192599117, -0.518830568999934 ], [ 100.193336824, -0.518772019999976 ], [ 100.193945726, -0.518772019999976 ], [ 100.194601466, -0.518783729999939 ], [ 100.198325132, -0.518350472999945 ], [ 100.199566354, -0.517905506999966 ], [ 100.200667061, -0.51743712099994 ], [ 100.202236153, -0.516921896999978 ], [ 100.203594471, -0.516781380999936 ], [ 100.203752962, -0.516770449999975 ], [ 100.20495279, -0.516687703999942 ], [ 100.2059364, -0.516617445999951 ], [ 100.207318137, -0.516617445999951 ], [ 100.208067555, -0.516711122999944 ], [ 100.208130438, -0.516719082999949 ], [ 100.208253654, -0.516421309999946 ], [ 100.208470283, -0.51607001999998 ], [ 100.208651782, -0.515812407999943 ], [ 100.208821572, -0.515619198999956 ], [ 100.209020636, -0.515320602999967 ], [ 100.209348506, -0.515191796999946 ], [ 100.209682231, -0.515092264999968 ], [ 100.209963262, -0.515010297999947 ], [ 100.21020331, -0.514934184999969 ], [ 100.210513615, -0.514963458999943 ], [ 100.210671695, -0.515051280999955 ], [ 100.210768822, -0.515113942999961 ], [ 100.210853195, -0.515168377999944 ], [ 100.211286452, -0.515402570999929 ], [ 100.21150308, -0.515478682999973 ], [ 100.21181924, -0.515525521999959 ], [ 100.212076853, -0.515625053999941 ], [ 100.212193952, -0.515682357999933 ], [ 100.212352029, -0.515759714999949 ], [ 100.212556948, -0.515906084999932 ], [ 100.213384289, -0.516689881999987 ], [ 100.213446881, -0.516749179999988 ], [ 100.213727912, -0.51708290399996 ], [ 100.214061637, -0.517393209999969 ], [ 100.214483184, -0.517826466999968 ], [ 100.214863747, -0.518283142999967 ], [ 100.215115505, -0.518587592999947 ], [ 100.215396536, -0.518944737999959 ], [ 100.215560471, -0.51916136599994 ], [ 100.215759535, -0.519465816999978 ], [ 100.215946889, -0.519653170999961 ], [ 100.216163518, -0.51989907299998 ], [ 100.216168363, -0.51990546899998 ], [ 100.21631929, -0.519405249999977 ], [ 100.21685407, -0.517518659999958 ], [ 100.2169763, -0.51708744999997 ], [ 100.21730872, -0.515914759999937 ], [ 100.217360863, -0.515730808999927 ], [ 100.22089889, -0.51749147799995 ], [ 100.223721859, -0.518768534999942 ], [ 100.226299923, -0.519889432999957 ], [ 100.225860566, -0.52142718199997 ], [ 100.224783278, -0.524003302999978 ], [ 100.224417352, -0.524966420999937 ], [ 100.224385151, -0.525142065999941 ], [ 100.224427734, -0.525262300999946 ], [ 100.224434917, -0.525282581999936 ], [ 100.224590069, -0.525314782999948 ], [ 100.224669109, -0.525294290999965 ], [ 100.225020399, -0.525060097999929 ], [ 100.225611736, -0.524714663999933 ], [ 100.22629675, -0.524193584999981 ], [ 100.226905651, -0.523713489999979 ], [ 100.22760823, -0.523274377999947 ], [ 100.2279361, -0.523110442999946 ], [ 100.228401558, -0.52300505599993 ], [ 100.228732355, -0.522987491999978 ], [ 100.22897533, -0.522984563999967 ], [ 100.229238797, -0.522996273999987 ], [ 100.22963107, -0.523016765999953 ], [ 100.2298799, -0.523034329999972 ], [ 100.23037756, -0.523034329999972 ], [ 100.230582479, -0.523040184999958 ], [ 100.230728849, -0.522987491999978 ], [ 100.230804962, -0.522923088999965 ], [ 100.230820795, -0.522886145999959 ], [ 100.230857655, -0.522800136999935 ], [ 100.230904494, -0.522624492999972 ], [ 100.230963042, -0.522243928999957 ], [ 100.231085994, -0.52185751099995 ], [ 100.231167961, -0.521523785999935 ], [ 100.231226509, -0.521254464999975 ], [ 100.231302622, -0.521049545999977 ], [ 100.231396299, -0.52083291699995 ], [ 100.231472933, -0.520613963999958 ], [ 100.231478267, -0.520598724999967 ], [ 100.231577799, -0.520411369999977 ], [ 100.231665621, -0.520218160999952 ], [ 100.231800282, -0.519989822999952 ], [ 100.232116442, -0.519761484999951 ], [ 100.232309651, -0.519609259999931 ], [ 100.232473586, -0.519445324999948 ], [ 100.232625812, -0.519293098999929 ], [ 100.232760472, -0.518935954999964 ], [ 100.232877569, -0.51855539199994 ], [ 100.232906843, -0.518221666999983 ], [ 100.232941972, -0.517958199999961 ], [ 100.232930262, -0.51762447499994 ], [ 100.232947827, -0.517366862999954 ], [ 100.23301223, -0.517085831999976 ], [ 100.233381083, -0.516822364999948 ], [ 100.233603567, -0.516728687999954 ], [ 100.233908017, -0.51669355899998 ], [ 100.234294436, -0.516558897999974 ], [ 100.23465158, -0.516424236999967 ], [ 100.234944321, -0.516277865999947 ], [ 100.235160949, -0.516125640999974 ], [ 100.235365868, -0.515932431999954 ], [ 100.23562348, -0.515657254999956 ], [ 100.23579327, -0.515493319999971 ], [ 100.235945495, -0.515364513999948 ], [ 100.236103575, -0.515194724999963 ], [ 100.23610952, -0.515176888999976 ], [ 100.236138704, -0.515089337999944 ], [ 100.236091866, -0.514878563999961 ], [ 100.235933786, -0.514515564999955 ], [ 100.235922076, -0.514275517999972 ], [ 100.235904511, -0.51409401799998 ], [ 100.235904511, -0.514093851999973 ], [ 100.235904511, -0.514083601999979 ], [ 100.23592328, -0.514077859999937 ], [ 100.23685102, -0.51401316999995 ], [ 100.23748572, -0.514105059999965 ], [ 100.237611774, -0.51410424099993 ], [ 100.237825625, -0.514187694999977 ], [ 100.238059818, -0.514252097999926 ], [ 100.238241317, -0.514257952999977 ], [ 100.238387688, -0.514281371999968 ], [ 100.238580897, -0.514322355999981 ], [ 100.238580897, -0.514462871999974 ], [ 100.238551622, -0.514697064999946 ], [ 100.238510639, -0.514861 ], [ 100.2384638, -0.515060063999952 ], [ 100.238616026, -0.515118611999985 ], [ 100.238867783, -0.515118611999985 ], [ 100.239107831, -0.515130321999954 ], [ 100.239470829, -0.515153740999944 ], [ 100.240056312, -0.515183014999939 ], [ 100.24023114, -0.515186943999931 ], [ 100.240577391, -0.515194724999963 ], [ 100.241203857, -0.515294256999942 ], [ 100.241672242, -0.51533523999996 ], [ 100.242134773, -0.515399642999976 ], [ 100.242462643, -0.515458191999936 ], [ 100.242702691, -0.515510884999966 ], [ 100.242876055, -0.515542405999961 ], [ 100.242888581, -0.515548940999963 ], [ 100.242920783, -0.515569432999943 ], [ 100.242941275, -0.515595779999964 ], [ 100.242969085, -0.515630908999928 ], [ 100.24298665, -0.515657254999956 ], [ 100.24300641, -0.515694579999953 ], [ 100.243012996, -0.515707020999977 ], [ 100.243027633, -0.515743613999973 ], [ 100.243037879, -0.515777278999963 ], [ 100.243045198, -0.515812407999943 ], [ 100.243045198, -0.515841681999983 ], [ 100.243045198, -0.515875347999951 ], [ 100.243043734, -0.51591047599994 ], [ 100.243045198, -0.51593975099997 ], [ 100.243045198, -0.515971951999985 ], [ 100.243052516, -0.516002689999944 ], [ 100.243062762, -0.516052455999964 ], [ 100.24306569, -0.516075874999954 ], [ 100.24306569, -0.516076107999932 ], [ 100.243158635, -0.516342269999946 ], [ 100.243269877, -0.516675993999969 ], [ 100.243597747, -0.51723805699993 ], [ 100.243954891, -0.517636184999965 ], [ 100.244440841, -0.518092860999966 ], [ 100.244601561, -0.518251251999967 ], [ 100.24458964, -0.518262089999961 ], [ 100.24455691, -0.518654879999931 ], [ 100.2449497, -0.519211339999979 ], [ 100.2451212, -0.519578819999942 ], [ 100.24510029, -0.519777449999944 ], [ 100.245084501, -0.519927414999935 ], [ 100.24508063, -0.519964179999935 ], [ 100.24436052, -0.520520629999963 ], [ 100.24423058, -0.520650569999937 ], [ 100.24392344, -0.520733749999979 ], [ 100.24364841, -0.520921929999923 ], [ 100.24346023, -0.521298279999942 ], [ 100.243448027, -0.52137149799995 ], [ 100.24338785, -0.52173253999997 ], [ 100.24356156, -0.52221021999998 ], [ 100.24372778, -0.522716119999934 ], [ 100.2437386, -0.523008299999961 ], [ 100.24367313, -0.523728419999947 ], [ 100.24334581, -0.52467765999996 ], [ 100.24337854, -0.525201379999941 ], [ 100.24318215, -0.525757829999979 ], [ 100.24301849, -0.526412479999983 ], [ 100.24310563, -0.526865639999934 ], [ 100.24318215, -0.527263529999971 ], [ 100.243267997, -0.527402212999969 ], [ 100.24330045, -0.527454639999985 ], [ 100.24323824, -0.527687959999983 ], [ 100.2433009, -0.527968669999952 ], [ 100.24331175, -0.528106179999953 ], [ 100.24323214, -0.528428259999942 ], [ 100.24303672, -0.528652619999947 ], [ 100.24278341, -0.528942129999968 ], [ 100.24261333, -0.529202679999979 ], [ 100.24243962, -0.529372759999948 ], [ 100.24239364, -0.529428059999926 ], [ 100.24225277, -0.529597489999965 ], [ 100.24217183, -0.529694839999945 ], [ 100.24203432, -0.529991579999943 ], [ 100.24204879, -0.53021955999998 ], [ 100.2421465, -0.530429449999924 ], [ 100.242269935, -0.53060386199996 ], [ 100.24231297, -0.530664669999964 ], [ 100.24263866, -0.531004839999984 ], [ 100.24274611, -0.531084259999944 ], [ 100.24280512, -0.531127879999925 ], [ 100.24283045, -0.531232819999955 ], [ 100.24291007, -0.531544039999975 ], [ 100.24309463, -0.531721359999955 ], [ 100.24325448, -0.53180457999998 ], [ 100.2433588, -0.531858879999965 ], [ 100.24344203, -0.531837159999958 ], [ 100.24352513, -0.531818819999957 ], [ 100.24372068, -0.531775639999985 ], [ 100.24390524, -0.531815449999965 ], [ 100.2440429, -0.531869609999949 ], [ 100.24412598, -0.531902299999967 ], [ 100.2442635, -0.532025339999958 ], [ 100.24450865, -0.532280019999981 ], [ 100.24463623, -0.532412549999956 ], [ 100.24483888, -0.532680339999957 ], [ 100.24496554, -0.532948129999971 ], [ 100.24507049, -0.533259349999985 ], [ 100.24505601, -0.533396859999926 ], [ 100.2449764, -0.53361398999994 ], [ 100.24482557, -0.533784779999963 ], [ 100.24473751, -0.533884499999947 ], [ 100.24473032, -0.533892639999981 ], [ 100.24448786, -0.534167669999934 ], [ 100.24440432, -0.534324309999929 ], [ 100.24440101, -0.534330509999962 ], [ 100.24437036, -0.534455289999925 ], [ 100.24435035, -0.534536779999945 ], [ 100.24435759, -0.534739439999949 ], [ 100.24454576, -0.534985519999964 ], [ 100.24496916, -0.535571759999927 ], [ 100.245505254, -0.53631802899997 ], [ 100.245601968, -0.536452659999957 ], [ 100.24560607, -0.536458369999942 ], [ 100.24587992, -0.536743869999949 ], [ 100.24611542, -0.536938759999942 ], [ 100.24625655, -0.537195699999933 ], [ 100.24637597, -0.537601 ], [ 100.24642301, -0.537944789999935 ], [ 100.24634702, -0.538444179999943 ], [ 100.24624931, -0.538849489999968 ], [ 100.24616304, -0.539067559999982 ], [ 100.24611903, -0.539178799999949 ], [ 100.24606113, -0.539399539999976 ], [ 100.24601409, -0.539678189999967 ], [ 100.24609732, -0.540069019999975 ], [ 100.24620892, -0.540920359999983 ], [ 100.24619774, -0.541209849999974 ], [ 100.24617603, -0.54157172999993 ], [ 100.24614732, -0.541750379999948 ], [ 100.24613385, -0.541781349999959 ], [ 100.24610334, -0.541851479999937 ], [ 100.24607435, -0.541962249999922 ], [ 100.24606385, -0.542002359999969 ], [ 100.24603252, -0.542046559999966 ], [ 100.24597782, -0.54212373999997 ], [ 100.24591005, -0.54214529999996 ], [ 100.24567302, -0.542239389999965 ], [ 100.24554165, -0.542289599999948 ], [ 100.24542898, -0.542332659999949 ], [ 100.24478483, -0.542659849999955 ], [ 100.24439762, -0.542884219999961 ], [ 100.24411897, -0.543090489999942 ], [ 100.24399231, -0.543260569999975 ], [ 100.24400644, -0.543460759999963 ], [ 100.24395946, -0.54383136999997 ], [ 100.24345092, -0.544430419999972 ], [ 100.24325099, -0.544665919999952 ], [ 100.24319968, -0.544726369999988 ], [ 100.24306904, -0.544887389999924 ], [ 100.24284132, -0.544767159999941 ], [ 100.2425031, -0.544588599999943 ], [ 100.2408135, -0.544250679999952 ], [ 100.23982817, -0.544522499999978 ], [ 100.239001, -0.54612062499996 ], [ 100.237333088, -0.545554899999966 ], [ 100.234699234, -0.544673532999984 ], [ 100.234715983, -0.544849393999935 ], [ 100.234973595, -0.545317779999954 ], [ 100.235090691, -0.545739326999977 ], [ 100.235090691, -0.546277970999941 ], [ 100.234950176, -0.546840033999955 ], [ 100.234856498, -0.547495773999978 ], [ 100.234669144, -0.548128093999945 ], [ 100.234388113, -0.548807252999953 ], [ 100.234224178, -0.549392735999966 ], [ 100.233966566, -0.550048475999974 ], [ 100.233615276, -0.550680795999936 ], [ 100.233357664, -0.551266277999959 ], [ 100.233240568, -0.551219439999961 ], [ 100.232936117, -0.55182834099997 ], [ 100.232889278, -0.552530919999933 ], [ 100.232771243, -0.553101422999938 ], [ 100.232748763, -0.553210078999946 ], [ 100.232772182, -0.553865818999951 ], [ 100.233076633, -0.554228817999957 ], [ 100.233357664, -0.554662074999952 ], [ 100.233568438, -0.554826009999948 ], [ 100.233720663, -0.554954815999969 ], [ 100.233697244, -0.555200717999986 ], [ 100.233685534, -0.555364652999971 ], [ 100.233685534, -0.555563716999929 ], [ 100.233732373, -0.555821328999971 ], [ 100.233744082, -0.556114069999984 ], [ 100.233779211, -0.556313133999944 ], [ 100.233802631, -0.556523907999975 ], [ 100.233896308, -0.556769809999943 ], [ 100.233884598, -0.557004002999979 ], [ 100.233894956, -0.557242234999933 ], [ 100.23376139, -0.557692484999959 ], [ 100.233732373, -0.557753419999933 ], [ 100.233615276, -0.55803445199997 ], [ 100.233451341, -0.558338901999951 ], [ 100.233287406, -0.558737029999981 ], [ 100.233252277, -0.559053190999986 ], [ 100.233135181, -0.559919703999931 ], [ 100.233136243, -0.559935279999931 ], [ 100.23317031, -0.560434928999943 ], [ 100.233205439, -0.56064570199993 ], [ 100.233240568, -0.560868184999957 ], [ 100.233299116, -0.561008700999935 ], [ 100.233337172, -0.561248748999961 ], [ 100.233319608, -0.561459521999948 ], [ 100.233266914, -0.561588327999966 ], [ 100.233202511, -0.561705424999956 ], [ 100.233141036, -0.561822520999956 ], [ 100.233088342, -0.561960108999936 ], [ 100.233059068, -0.562068423999962 ], [ 100.23301223, -0.562170882999964 ], [ 100.232959536, -0.562267487999973 ], [ 100.232824875, -0.562475333999941 ], [ 100.232728271, -0.562601211999949 ], [ 100.232640449, -0.562694889999933 ], [ 100.232552626, -0.562785638999978 ], [ 100.232491151, -0.562861751999949 ], [ 100.232438457, -0.56292908199993 ], [ 100.232382836, -0.562981775999966 ], [ 100.23234478, -0.56306081599996 ], [ 100.232327216, -0.563116436999968 ], [ 100.23234478, -0.563172056999974 ], [ 100.232429675, -0.563254024999931 ], [ 100.232532134, -0.563315500999981 ], [ 100.232608247, -0.563371120999933 ], [ 100.232725343, -0.563423814999966 ], [ 100.232804384, -0.563476507999959 ], [ 100.232889278, -0.56354383899998 ], [ 100.233018085, -0.563605313999982 ], [ 100.233114689, -0.563658007999953 ], [ 100.233208366, -0.563707773999975 ], [ 100.233302043, -0.563769248999963 ], [ 100.233348882, -0.563795595999979 ], [ 100.233433777, -0.563778030999975 ], [ 100.233492325, -0.563719482999942 ], [ 100.233562583, -0.563640442999943 ], [ 100.233603567, -0.563599458999932 ], [ 100.233723591, -0.563476507999959 ], [ 100.233790921, -0.563362338999987 ], [ 100.233887526, -0.563230605999946 ], [ 100.234001695, -0.563104726999948 ], [ 100.234104154, -0.562975920999976 ], [ 100.234833079, -0.563494072999955 ], [ 100.235070199, -0.563602386999947 ], [ 100.235269263, -0.563701918999926 ], [ 100.235421489, -0.563813159999935 ], [ 100.235526875, -0.563912691999979 ], [ 100.235602988, -0.564018078999943 ], [ 100.235649827, -0.564123465999962 ], [ 100.235664464, -0.564220069999978 ], [ 100.235670319, -0.564310819999949 ], [ 100.235682028, -0.56436058599997 ], [ 100.235696657, -0.564376074999927 ], [ 100.235731794, -0.564413279999942 ], [ 100.235775705, -0.564477682999955 ], [ 100.235813762, -0.564559649999977 ], [ 100.235845963, -0.564656254999939 ], [ 100.235866455, -0.564729439999951 ], [ 100.235866455, -0.564823116999955 ], [ 100.235869383, -0.564881664999971 ], [ 100.235796197, -0.565446655999954 ], [ 100.235772778, -0.565587170999954 ], [ 100.235743504, -0.565666210999949 ], [ 100.235699593, -0.565780379999974 ], [ 100.235643972, -0.565856492999966 ], [ 100.23554444, -0.56592382299994 ], [ 100.235474182, -0.565953097999969 ], [ 100.235383432, -0.565988225999945 ], [ 100.235254626, -0.566014572999963 ], [ 100.235128748, -0.566023354999973 ], [ 100.235011651, -0.566032137999969 ], [ 100.234874063, -0.566040919999979 ], [ 100.234680854, -0.566055556999974 ], [ 100.234505209, -0.566090685999938 ], [ 100.23430029, -0.566163870999965 ], [ 100.234162702, -0.566219491999958 ], [ 100.234016332, -0.566272184999949 ], [ 100.233811413, -0.566342442999942 ], [ 100.233700171, -0.56641855599998 ], [ 100.233413285, -0.566667385999949 ], [ 100.233334245, -0.566723006999953 ], [ 100.233258132, -0.566769844999965 ], [ 100.233149818, -0.566819610999972 ], [ 100.233073705, -0.566845957999938 ], [ 100.232994665, -0.56686644999997 ], [ 100.232900988, -0.566892795999935 ], [ 100.232887223, -0.566896237999976 ], [ 100.232881267, -0.566898768999986 ], [ 100.232858789, -0.566907655999951 ], [ 100.232841015, -0.566913928999964 ], [ 100.232825856, -0.566919678999966 ], [ 100.232808082, -0.566926996999938 ], [ 100.232796747, -0.566931045999977 ], [ 100.232793445, -0.566932224999971 ], [ 100.232777762, -0.566936929999944 ], [ 100.232757375, -0.566939542999936 ], [ 100.232739602, -0.566941111999948 ], [ 100.232719812, -0.566943194999963 ], [ 100.23227539, -0.567087629999946 ], [ 100.23201862, -0.567087629999946 ], [ 100.23192453, -0.567097579999935 ], [ 100.23186754, -0.567116579999949 ], [ 100.23183109, -0.567140499999943 ], [ 100.23176425, -0.567147419999979 ], [ 100.23175862, -0.567148 ], [ 100.23173543, -0.567143099999954 ], [ 100.23171596, -0.567138979999927 ], [ 100.23100795, -0.566989209999971 ], [ 100.22987889, -0.566554949999958 ], [ 100.22941971, -0.566399639999935 ], [ 100.22889457, -0.566222019999942 ], [ 100.22834452, -0.566250969999942 ], [ 100.22799454, -0.566439419999941 ], [ 100.22791127, -0.56648425999992 ], [ 100.227676657, -0.566610587999945 ], [ 100.22740363, -0.566757599999967 ], [ 100.22670882, -0.567148429999978 ], [ 100.22589821, -0.567148429999978 ], [ 100.22484152, -0.567032629999972 ], [ 100.22371246, -0.566699699999965 ], [ 100.223484, -0.566512159999944 ], [ 100.223340378, -0.566394261999957 ], [ 100.223023456527386, -0.566136030365714 ], [ 100.22274262, -0.565903569999944 ], [ 100.22229074, -0.565572189999952 ], [ 100.22209124, -0.565425889999983 ], [ 100.22183068, -0.565440359999979 ], [ 100.22156216, -0.565615489999979 ], [ 100.22116483, -0.565874619999943 ], [ 100.22041212, -0.566468099999955 ], [ 100.21978968, -0.566699699999965 ], [ 100.21777763, -0.566627329999966 ], [ 100.21772401, -0.566608869999926 ], [ 100.217397127229077, -0.56649643120259 ], [ 100.21699187, -0.566356899999967 ], [ 100.21621529, -0.566089639999981 ], [ 100.21456354, -0.564606539999943 ], [ 100.21440931, -0.564230539999933 ], [ 100.21379221, -0.562726139999933 ], [ 100.21374046, -0.562492499999965 ], [ 100.21372832, -0.562437699999984 ], [ 100.213728291, -0.562437570999981 ], [ 100.213726533, -0.562429637999978 ], [ 100.213767929, -0.562418954999939 ], [ 100.213829039, -0.562405049999932 ], [ 100.213885025, -0.562381629999955 ], [ 100.213935523, -0.562362601999956 ], [ 100.213986021, -0.56233588999994 ], [ 100.214018588, -0.562318324999982 ], [ 100.214092505, -0.562282463999964 ], [ 100.214118852, -0.562271852999973 ], [ 100.214140808, -0.562261240999928 ], [ 100.214156909, -0.562253189999985 ], [ 100.214170101, -0.562245371999956 ], [ 100.214311638, -0.56220998799995 ], [ 100.214733185, -0.561987504999938 ], [ 100.215459183, -0.561483989999949 ], [ 100.215986117, -0.561085861999969 ], [ 100.216513051, -0.560558928999971 ], [ 100.216899469, -0.560102251999983 ], [ 100.21720392, -0.559329415999974 ], [ 100.217426403, -0.558556579999959 ], [ 100.217388415, -0.558357139999951 ], [ 100.217379565, -0.558310676999959 ] ] ] ] } },
{ "type": "Feature", "properties": { "fid": null, "kk": null, "gid": 79141, "bstt": null, "luas": 0.79504090251832005, "bsbtt": null, "idsls": "13060600060001", "kdkab": "06", "kdkec": "060", "kdsls": "0001", "nmkab": "PADANG PARIAMAN", "nmkec": "VII KOTO", "nmsls": "KORONG LUBUAK PUA", "bstt_k": null, "kddesa": "006", "kdprov": "13", "khusus": null, "muatan": null, "nmdesa": "BALAH AIE UTARA", "nmprov": "SUMATERA BARAT", "posisi": "", "rw_dki": "", "segmen": "", "sumber": "", "dom_sls": "", "periode": "2024_1", "tingkat": null, "nm_gedung": "", "wil_campur": null, "iddesa": "1306060006", "idkec": "1306060", "idkab": "1306" }, "geometry": { "type": "MultiPolygon", "coordinates": [ [ [ [ 100.17499886, -0.607448129999968 ], [ 100.174981499, -0.607328939999944 ], [ 100.175002072, -0.607289507999961 ], [ 100.175122096, -0.607113862999941 ], [ 100.175209919, -0.606985056999986 ], [ 100.175277249, -0.606838686999943 ], [ 100.175347507, -0.606665968999948 ], [ 100.175381065, -0.606456875999932 ], [ 100.175385563, -0.606428848999939 ], [ 100.175467906, -0.605907942999978 ], [ 100.175520224, -0.605576972999937 ], [ 100.175508515, -0.605301795999934 ], [ 100.175432402, -0.605091022999946 ], [ 100.175245048, -0.604880248999963 ], [ 100.175098677, -0.604722168999955 ], [ 100.17492476, -0.604554048999954 ], [ 100.174926362, -0.60454695399995 ], [ 100.174925791, -0.604516115999953 ], [ 100.174914369, -0.604489275999929 ], [ 100.17490352, -0.604471364999942 ], [ 100.174492931, -0.604335069999936 ], [ 100.174492299, -0.604332000999937 ], [ 100.1743495, -0.604279566999939 ], [ 100.174124787, -0.604188917999985 ], [ 100.174031987, -0.60415740099995 ], [ 100.173994282, -0.604146959999984 ], [ 100.173862074, -0.604110348999945 ], [ 100.173846786, -0.604109272999949 ], [ 100.173354395491756, -0.603976475280103 ], [ 100.173217687, -0.603939604999939 ], [ 100.172713386, -0.603761615999936 ], [ 100.172213126, -0.603556265999946 ], [ 100.17202899, -0.60348068099996 ], [ 100.171750341, -0.603343478999938 ], [ 100.171746367, -0.603341222999979 ], [ 100.171730837, -0.60333513999996 ], [ 100.171699291, -0.603322783999943 ], [ 100.171699316, -0.603322714999934 ], [ 100.17169877, -0.603322579999943 ], [ 100.171697966, -0.603322264999969 ], [ 100.171697927, -0.603322371999988 ], [ 100.171667975, -0.603314964999923 ], [ 100.171658366, -0.603312587999943 ], [ 100.171720431, -0.603139770999979 ], [ 100.171127925, -0.602577649999949 ], [ 100.169874548, -0.601208430999979 ], [ 100.168283139, -0.599476491999956 ], [ 100.167936778, -0.599137320999951 ], [ 100.167799195970886, -0.599002595018204 ], [ 100.167673228, -0.598879241999957 ], [ 100.167185485, -0.598401625999945 ], [ 100.166505623, -0.597660993999964 ], [ 100.16578588, -0.596724758999927 ], [ 100.165785858, -0.596724389999963 ], [ 100.16578508, -0.596724139999941 ], [ 100.165551598, -0.596458821999939 ], [ 100.165391662, -0.596277077999963 ], [ 100.16534116, -0.596219689999945 ], [ 100.16507604, -0.595877389999946 ], [ 100.165067477, -0.595865102999939 ], [ 100.164938932242663, -0.595680658039081 ], [ 100.16488849, -0.595608279999967 ], [ 100.164674089, -0.595226198999973 ], [ 100.164542384, -0.594991487999956 ], [ 100.16393306, -0.593905619999942 ], [ 100.163931382, -0.593902628999957 ], [ 100.16378327, -0.593638669999964 ], [ 100.163780184, -0.593639187999945 ], [ 100.16353964, -0.59318525799996 ], [ 100.163380094, -0.592982847999959 ], [ 100.163379773, -0.592982867999974 ], [ 100.163303827, -0.592987555999975 ], [ 100.16316927, -0.593024997999986 ], [ 100.16315313, -0.593028259999932 ], [ 100.162825629, -0.593187631 ], [ 100.16269917, -0.593249169999985 ], [ 100.16251632, -0.593411219999954 ], [ 100.16244418, -0.593511979999961 ], [ 100.16241522, -0.59355457 ], [ 100.16235744, -0.593639519999958 ], [ 100.162263167, -0.593701753999948 ], [ 100.162262182, -0.593702403999945 ], [ 100.161789117, -0.593493259999949 ], [ 100.160807266, -0.593290085999969 ], [ 100.16057387, -0.593177069999974 ], [ 100.16036959, -0.593078149999944 ], [ 100.159936408, -0.592841475999935 ], [ 100.159394772, -0.593522542999958 ], [ 100.158988815, -0.59319075099996 ], [ 100.158934167, -0.593268818999941 ], [ 100.15877803, -0.593163426999977 ], [ 100.158500886, -0.593495218999975 ], [ 100.157813882, -0.592925316999925 ], [ 100.157735813, -0.592812117999932 ], [ 100.157111264, -0.592328091999946 ], [ 100.157111264, -0.592207085999977 ], [ 100.155893393, -0.591296609999969 ], [ 100.155678932, -0.591085158999931 ], [ 100.15556062, -0.590732379999963 ], [ 100.15545642, -0.590427979999963 ], [ 100.155381402, -0.590039702999954 ], [ 100.155368413757543, -0.590044556120201 ], [ 100.155086167, -0.59015001899997 ], [ 100.154900284, -0.590349893999925 ], [ 100.154779742, -0.590496895999932 ], [ 100.154748745, -0.590511996999968 ], [ 100.15472754, -0.590550986999972 ], [ 100.154721549, -0.590556716999975 ], [ 100.154580977, -0.590691177999934 ], [ 100.154462531, -0.590804788999952 ], [ 100.154392035, -0.590832872999956 ], [ 100.154390541, -0.59083291499997 ], [ 100.154186435, -0.590894426999962 ], [ 100.154082324, -0.590899595999926 ], [ 100.153764992, -0.590915349999939 ], [ 100.153615544, -0.590942249999956 ], [ 100.153241925, -0.590631398999967 ], [ 100.152982662779507, -0.590480962139754 ], [ 100.15297975, -0.590479271999934 ], [ 100.152515609, -0.590209955999973 ], [ 100.1526262, -0.589818402999928 ], [ 100.152458819, -0.589785524999969 ], [ 100.151765382, -0.589618142999945 ], [ 100.150420352, -0.589271424999935 ], [ 100.150049439, -0.589192961999972 ], [ 100.150051395, -0.589163312999981 ], [ 100.150030240200252, -0.589157845013435 ], [ 100.149750716, -0.58908559499998 ], [ 100.149743434, -0.589084202999969 ], [ 100.14970901, -0.589077621999939 ], [ 100.14962633, -0.589085889999989 ], [ 100.14954055, -0.589093123999935 ], [ 100.149467172, -0.589108626999973 ], [ 100.149324549, -0.58916236899995 ], [ 100.14920673, -0.589213009999977 ], [ 100.149116791, -0.589266973999941 ], [ 100.149098364, -0.589272347999959 ], [ 100.149097734, -0.589271714999938 ], [ 100.14908269, -0.589256579999923 ], [ 100.14897858, -0.589151809999987 ], [ 100.14893095, -0.589073939999936 ], [ 100.148907247, -0.58903517999995 ], [ 100.14882771, -0.588905119999935 ], [ 100.1488238, -0.588887429999942 ], [ 100.148513737, -0.588443043999976 ], [ 100.14848018, -0.588413081999929 ], [ 100.148383031, -0.588334535999929 ], [ 100.14831482, -0.588262190999959 ], [ 100.148263145, -0.588150572999961 ], [ 100.148234207, -0.588059624999975 ], [ 100.148236768, -0.588046087999943 ], [ 100.148033011, -0.587754059999958 ], [ 100.14782317, -0.587480198999971 ], [ 100.14774286, -0.587423069999941 ], [ 100.14747, -0.587228979999963 ], [ 100.14715575, -0.587013959999987 ], [ 100.147128978, -0.586992102999942 ], [ 100.14655172, -0.586654396999961 ], [ 100.1464707, -0.586628199999949 ], [ 100.14620039, -0.586509529999955 ], [ 100.14612505, -0.586476449999969 ], [ 100.14558457, -0.586286779999967 ], [ 100.14532061, -0.586153979999946 ], [ 100.145165323, -0.586072844999941 ], [ 100.14502593, -0.586427663999936 ], [ 100.144885905, -0.586749720999944 ], [ 100.144871787, -0.586732827999928 ], [ 100.144831434, -0.586684539999965 ], [ 100.144777594, -0.586507186999945 ], [ 100.144664445, -0.586244387999961 ], [ 100.144427196, -0.586094737999937 ], [ 100.144138847, -0.586032689 ], [ 100.143956348, -0.586003488999953 ], [ 100.143525649, -0.585769889999939 ], [ 100.143160651, -0.585638489999953 ], [ 100.14295929, -0.585645767999951 ], [ 100.14294233, -0.585641139999959 ], [ 100.14275413, -0.585635299999977 ], [ 100.1426481, -0.585628169999958 ], [ 100.14256681, -0.585606839999974 ], [ 100.14248554, -0.585585519999941 ], [ 100.14238298, -0.585510839999933 ], [ 100.14228254, -0.585462419999943 ], [ 100.14221329, -0.585428989999976 ], [ 100.14213552, -0.585375629999931 ], [ 100.142013, -0.585199779999932 ], [ 100.14195569, -0.585035109999981 ], [ 100.14194625, -0.584944959999971 ], [ 100.14194623, -0.584840579999942 ], [ 100.14196505, -0.584707729999938 ], [ 100.14190882, -0.584602889999932 ], [ 100.14187147, -0.58457506999998 ], [ 100.14180106, -0.584514644999956 ], [ 100.14174278, -0.584464629999955 ], [ 100.14169365, -0.584387759999975 ], [ 100.14168271, -0.584277929999933 ], [ 100.141739904, -0.584147717999945 ], [ 100.1417503, -0.584124049999962 ], [ 100.141786596, -0.58405825099993 ], [ 100.14179413, -0.584053713999935 ], [ 100.141922932, -0.583721223999938 ], [ 100.141927991, -0.583708163999971 ], [ 100.14193144, -0.583709539999968 ], [ 100.142079516, -0.583768590999964 ], [ 100.142086094, -0.583771959999979 ], [ 100.142094897, -0.583776468999939 ], [ 100.142119624, -0.583777124999928 ], [ 100.142146898, -0.583777848999941 ], [ 100.1422307, -0.583780073999944 ], [ 100.142694814, -0.583687644999945 ], [ 100.143109764, -0.583510651999973 ], [ 100.143117293, -0.583495764999962 ], [ 100.143176627, -0.583483119999933 ], [ 100.143423912, -0.583403159999944 ], [ 100.143552572, -0.583392437999982 ], [ 100.143737666, -0.583303318999927 ], [ 100.143781484284304, -0.583218116614283 ], [ 100.143810913, -0.583160893999948 ], [ 100.143762669, -0.583046537999963 ], [ 100.143512913, -0.582891177999961 ], [ 100.143555107, -0.582843891999972 ], [ 100.143548701, -0.582839295999974 ], [ 100.14356204, -0.582826499999963 ], [ 100.14356374, -0.582821389999934 ], [ 100.14358078, -0.582769869999934 ], [ 100.14361201, -0.582691219999955 ], [ 100.14361823, -0.582508769999948 ], [ 100.14362446, -0.582414399999948 ], [ 100.1436432, -0.582373499999965 ], [ 100.14369789, -0.582333379999973 ], [ 100.14374943, -0.582307419999945 ], [ 100.14392092, -0.582228739999952 ], [ 100.14400252, -0.582225579999947 ], [ 100.144079092, -0.582199864999957 ], [ 100.14408688, -0.582197249999987 ], [ 100.14414937, -0.582150059999949 ], [ 100.14420248, -0.582096569999979 ], [ 100.144252456, -0.582017470999976 ], [ 100.14425319, -0.582016309999976 ], [ 100.14426808, -0.581992749999925 ], [ 100.14430464, -0.581908549999982 ], [ 100.14435866, -0.581810279999965 ], [ 100.14445864, -0.581731619999966 ], [ 100.14450239, -0.581737899999962 ], [ 100.14453849, -0.581741049999958 ], [ 100.14457426, -0.581744179999938 ], [ 100.14462425, -0.581734729999934 ], [ 100.14466799, -0.581681239999973 ], [ 100.14470234, -0.581549119999988 ], [ 100.14472008, -0.581468669999932 ], [ 100.14472731, -0.58143586999995 ], [ 100.14471793, -0.581385539999926 ], [ 100.14474917, -0.581347779999933 ], [ 100.14478354, -0.581335189999952 ], [ 100.14480906, -0.581335189999952 ], [ 100.14483978, -0.581335179999946 ], [ 100.14488665, -0.581300569999944 ], [ 100.14491163, -0.581247089999979 ], [ 100.14492035, -0.581222709999973 ], [ 100.14493974, -0.581168439999948 ], [ 100.14493973, -0.581096089999964 ], [ 100.14494909, -0.58102687999997 ], [ 100.14499282, -0.58093878999995 ], [ 100.14499905, -0.580872729999964 ], [ 100.14500217, -0.58082239999994 ], [ 100.14503652, -0.58071858999995 ], [ 100.14507088, -0.580633649999923 ], [ 100.14511773, -0.580523539999942 ], [ 100.1451927, -0.580422859999945 ], [ 100.145202662, -0.580415962999954 ], [ 100.14529268, -0.58035363999994 ], [ 100.14530517, -0.58033160999997 ], [ 100.14538016, -0.580300139999971 ], [ 100.145411362, -0.580297143999931 ], [ 100.14544578, -0.580293839999965 ], [ 100.14548953, -0.580315849999983 ], [ 100.14553954, -0.580350439999957 ], [ 100.14558954, -0.58037244999998 ], [ 100.14562391, -0.580359859999941 ], [ 100.14563328, -0.580331549999928 ], [ 100.14560514, -0.580284369999963 ], [ 100.14555514, -0.580224609999957 ], [ 100.145544023, -0.580202240999942 ], [ 100.145527, -0.58016798999995 ], [ 100.14552699, -0.580120809999924 ], [ 100.14554885, -0.580061039999983 ], [ 100.14559572, -0.580042149999937 ], [ 100.14564259, -0.580029559999961 ], [ 100.14571758, -0.579994939999957 ], [ 100.1457707, -0.57999177999995 ], [ 100.145827169, -0.580000865999981 ], [ 100.14584882, -0.580004349999974 ], [ 100.14600784, -0.579978119999969 ], [ 100.1460079, -0.579978109999959 ], [ 100.14602068, -0.579976009999946 ], [ 100.14606755, -0.579982289999987 ], [ 100.1461238, -0.580001149999929 ], [ 100.14618022, -0.580022769999974 ], [ 100.14618943, -0.580026299999934 ], [ 100.14628005, -0.58002942999997 ], [ 100.14639253, -0.579966489999955 ], [ 100.14653625, -0.579856359999959 ], [ 100.14661435, -0.579780849999969 ], [ 100.14664192, -0.57975719999997 ], [ 100.1466987, -0.579708479999973 ], [ 100.14678306, -0.579658139999942 ], [ 100.14678618, -0.579595219999926 ], [ 100.14678928, -0.579500849999931 ], [ 100.14678927, -0.579415919999977 ], [ 100.14680488, -0.579362439999958 ], [ 100.14684237, -0.57933725999993 ], [ 100.14690486, -0.579296359999947 ], [ 100.14699547, -0.579252299999952 ], [ 100.14704545, -0.579192519999947 ], [ 100.14709857, -0.579189359999928 ], [ 100.14716809, -0.579168939999934 ], [ 100.14717356, -0.579167329999959 ], [ 100.14722668, -0.579161029999967 ], [ 100.14731104, -0.579123259999961 ], [ 100.14737041, -0.579085499999965 ], [ 100.147400995, -0.579055799999943 ], [ 100.14745789, -0.57900054999993 ], [ 100.14751099, -0.578934479999937 ], [ 100.14752079, -0.57889768299998 ], [ 100.14754534, -0.578805499999937 ], [ 100.14760781, -0.578679659999981 ], [ 100.14762343, -0.578629329999959 ], [ 100.14762654, -0.57856326999997 ], [ 100.14763903, -0.578522369999969 ], [ 100.14768902, -0.578487759999983 ], [ 100.14772026, -0.578487749999974 ], [ 100.14776089, -0.578503469999931 ], [ 100.14778902, -0.578528629999944 ], [ 100.14778902, -0.578560089999938 ], [ 100.14778278, -0.578594689999931 ], [ 100.14778279, -0.57862929 ], [ 100.14777967, -0.578667039999983 ], [ 100.14777968, -0.578695349999977 ], [ 100.1478025, -0.578712191999964 ], [ 100.14782656, -0.578729949999974 ], [ 100.1478578, -0.578736229999946 ], [ 100.1479078, -0.57871105999994 ], [ 100.14794216, -0.578682739999987 ], [ 100.147943688, -0.578675348999983 ], [ 100.147953997, -0.578625490999973 ], [ 100.14795777, -0.57860723999994 ], [ 100.14796086, -0.578434219999971 ], [ 100.14800231, -0.578222409999971 ], [ 100.14808005, -0.578082579999951 ], [ 100.148085164, -0.578060253999982 ], [ 100.14813001, -0.577864469999959 ], [ 100.14811792, -0.577629599999969 ], [ 100.14816234, -0.577525199999974 ], [ 100.148165371, -0.577479321999938 ], [ 100.14816973, -0.57741334999997 ], [ 100.1481676, -0.577291449999971 ], [ 100.14822803, -0.577233531999985 ], [ 100.148231781, -0.577224278999959 ], [ 100.148266884, -0.577137690999965 ], [ 100.148357347, -0.576771905999978 ], [ 100.148344749, -0.576618625 ], [ 100.14835474, -0.576615479999929 ], [ 100.148409324, -0.576553634999932 ], [ 100.14841398, -0.576548359999953 ], [ 100.14844358, -0.57639176 ], [ 100.14844355, -0.576272459999929 ], [ 100.14835463, -0.576078609999973 ], [ 100.14825088, -0.575795289999981 ], [ 100.14806566, -0.575549259999951 ], [ 100.14788466, -0.57537983999993 ], [ 100.1477471, -0.575251069999983 ], [ 100.14754315, -0.575127179999927 ], [ 100.14751508, -0.575110828999935 ], [ 100.14751508, -0.574905069999947 ], [ 100.147550209, -0.574553780999966 ], [ 100.147960046, -0.57424932999993 ], [ 100.148229368, -0.574050265999982 ], [ 100.148346465, -0.573827782999955 ], [ 100.148475271, -0.573581880999939 ], [ 100.148709464, -0.57333597799994 ], [ 100.149049043, -0.573019817999989 ], [ 100.149341784, -0.572691947999942 ], [ 100.149573267, -0.572357583999981 ], [ 100.149583063, -0.572352685999942 ], [ 100.149597035, -0.572349461999976 ], [ 100.149609931, -0.572348386999983 ], [ 100.149617454, -0.572350535999933 ], [ 100.149626282, -0.572354066999936 ], [ 100.149664741, -0.572405345999923 ], [ 100.149853888, -0.572499919999931 ], [ 100.150051633, -0.572517114999926 ], [ 100.150257976, -0.572336564999951 ], [ 100.150464318, -0.572095831999948 ], [ 100.150533099, -0.57161436599995 ], [ 100.150481514, -0.571330644999938 ], [ 100.150395538, -0.571029727999927 ], [ 100.150358601, -0.570874593999973 ], [ 100.150407362, -0.570736437999925 ], [ 100.15047762, -0.570385147999964 ], [ 100.150618135, -0.570057277999985 ], [ 100.150735232, -0.569811375999966 ], [ 100.151238746, -0.569542053999953 ], [ 100.151859357, -0.569448376999959 ], [ 100.152468259, -0.569436666999936 ], [ 100.152994786, -0.569424562999928 ], [ 100.15301874, -0.569424011999962 ], [ 100.153440994, -0.569414304999956 ], [ 100.15344339, -0.569413377999978 ], [ 100.153456287, -0.569409078999974 ], [ 100.15346381, -0.569404779999961 ], [ 100.153475631, -0.569394032999985 ], [ 100.153484229, -0.569376837999931 ], [ 100.153488955, -0.56936333399995 ], [ 100.153498707, -0.569114651999947 ], [ 100.153522127, -0.568780926999979 ], [ 100.153551401, -0.56848233099993 ], [ 100.15356311, -0.568230573999924 ], [ 100.153510417, -0.567832445999954 ], [ 100.153451869, -0.567551414999973 ], [ 100.153317208, -0.567144504999935 ], [ 100.153285299877936, -0.567028247199965 ], [ 100.153232313, -0.56676979599997 ], [ 100.15316791, -0.566597078999967 ], [ 100.15308887, -0.566488764999979 ], [ 100.15300983, -0.566380450999937 ], [ 100.15290671, -0.566321859999965 ], [ 100.15290175, -0.56630449999995 ], [ 100.15285211, -0.565628619999933 ], [ 100.15289843, -0.564882379999976 ], [ 100.15291735, -0.564658044999943 ], [ 100.15297048, -0.564028059999947 ], [ 100.15300136, -0.563420779999948 ], [ 100.15296132, -0.563010359999961 ], [ 100.15309113, -0.562358119999939 ], [ 100.15309802, -0.562323469999972 ], [ 100.15310943, -0.56226614999997 ], [ 100.15310943, -0.561939529999962 ], [ 100.15310943, -0.561634949999931 ], [ 100.15281094, -0.560049829999976 ], [ 100.15299621, -0.559648399999969 ], [ 100.15352115, -0.559668989999975 ], [ 100.15363437, -0.55985425999995 ], [ 100.15370742, -0.560130199999944 ], [ 100.15379251, -0.560209679999964 ], [ 100.1543044, -0.560252339999982 ], [ 100.15436918, -0.560228269999925 ], [ 100.15451126, -0.560069779999942 ], [ 100.15462956, -0.559945259999959 ], [ 100.15469966, -0.559871479999968 ], [ 100.1547347, -0.559734689999975 ], [ 100.15477264, -0.559512019999948 ], [ 100.154771276, -0.559405651999949 ], [ 100.15477118, -0.559398189999969 ], [ 100.15476872, -0.559206229999976 ], [ 100.15481069, -0.558835419999987 ], [ 100.15476727, -0.558553149999972 ], [ 100.15468042, -0.558412019999939 ], [ 100.15439893, -0.558155739999965 ], [ 100.153842212, -0.55748655899993 ], [ 100.15374465, -0.557369288999951 ], [ 100.15371697, -0.557358216999951 ], [ 100.153706495, -0.557330282999947 ], [ 100.153699307, -0.557325413999944 ], [ 100.153674074, -0.557259807999975 ], [ 100.153676597, -0.557062988999972 ], [ 100.153694261, -0.556909066999936 ], [ 100.153757343, -0.556666827999949 ], [ 100.153797717, -0.556528045999938 ], [ 100.153880986, -0.556353936999934 ], [ 100.153931452, -0.556240387999934 ], [ 100.153971825, -0.556078895999982 ], [ 100.154032385, -0.555940112999965 ], [ 100.154115654, -0.555829086999955 ], [ 100.15415227, -0.555796132999947 ], [ 100.154606210100511, -0.555719849234426 ], [ 100.154900996342448, -0.555772408021749 ], [ 100.155138653467731, -0.555767837692416 ], [ 100.155600256730324, -0.555836392632402 ], [ 100.155917894618923, -0.555776978351081 ], [ 100.156237817672192, -0.555523325073134 ], [ 100.156562311054785, -0.555269671795186 ], [ 100.156914226413377, -0.555077717963226 ], [ 100.157282137924639, -0.55489490478993 ], [ 100.157718604375873, -0.554561270748666 ], [ 100.157933409854493, -0.554305332306053 ], [ 100.158207629614438, -0.554053964192771 ], [ 100.158404153775734, -0.553839158714149 ], [ 100.158321887847748, -0.553290719194263 ], [ 100.158321887847748, -0.552769701650371 ], [ 100.158797202098299, -0.552152707190499 ], [ 100.159393630076167, -0.551892198418553 ], [ 100.159594724566787, -0.551442020979312 ], [ 100.159777537740084, -0.55127520395868 ], [ 100.159882898, -0.550938930999967 ], [ 100.160134656, -0.550991624999941 ], [ 100.160398123, -0.551009188999963 ], [ 100.160721478593132, -0.550567137361537 ], [ 100.161182701370663, -0.549878551242973 ], [ 100.160987818506925, -0.549495281610943 ], [ 100.160870888788679, -0.54929390265174 ], [ 100.160598052779434, -0.548884648637877 ], [ 100.160370689438395, -0.548280511760269 ], [ 100.160383681629312, -0.547650390500829 ], [ 100.160234271433779, -0.546903339523142 ], [ 100.160429154297546, -0.545519671190557 ], [ 100.1606045488749, -0.544584233444584 ], [ 100.160473002941856, -0.544248060504625 ], [ 100.161023547031917, -0.543411688214388 ], [ 100.161296383041162, -0.542872512291362 ], [ 100.161660164386817, -0.542222902745547 ], [ 100.161939496491513, -0.541904594068098 ], [ 100.16226105321671, -0.540608623024198 ], [ 100.162300029789463, -0.540507933544596 ], [ 100.162472176319099, -0.540303306537665 ], [ 100.162767748662446, -0.540085687339817 ], [ 100.163108793673985, -0.539754386471452 ], [ 100.163248459726347, -0.539647200896392 ], [ 100.163717806, -0.539416642999929 ], [ 100.163881741, -0.539404932999961 ], [ 100.164145678, -0.539421428999967 ], [ 100.164350127, -0.539510319999973 ], [ 100.164677997, -0.539592287999935 ], [ 100.165017577, -0.53968596499994 ], [ 100.165462543, -0.539791350999967 ], [ 100.16578585, -0.53990380599993 ], [ 100.16766352, -0.540265429999974 ], [ 100.167749638, -0.54027805899995 ], [ 100.168313317083289, -0.541205973978495 ], [ 100.168744832143275, -0.541561339322013 ], [ 100.169170001393567, -0.541662872277304 ], [ 100.169963227606758, -0.542195920292581 ], [ 100.170286863901737, -0.542583014684627 ], [ 100.171216525023667, -0.543420661565777 ], [ 100.171765437563209, -0.543918807627672 ], [ 100.172000232522322, -0.543715741717091 ], [ 100.172288966863917, -0.543341338944456 ], [ 100.172424278, -0.543171029999946 ], [ 100.172505893, -0.543204711999983 ], [ 100.172658118, -0.543327663999942 ], [ 100.172813271, -0.543453541999951 ], [ 100.172983061, -0.543661387999981 ], [ 100.173106012, -0.543796048999989 ], [ 100.173296294, -0.543889725999981 ], [ 100.173495358, -0.543977548999978 ], [ 100.173647583, -0.543986330999937 ], [ 100.173826155, -0.544018531999935 ], [ 100.174151098, -0.543995112999945 ], [ 100.174241847, -0.543995112999945 ], [ 100.174344307, -0.543995112999945 ], [ 100.174546298, -0.543998040999959 ], [ 100.174701451, -0.544018531999935 ], [ 100.174859531, -0.544080007999978 ], [ 100.174970773, -0.544138555999945 ], [ 100.175090797, -0.54420881399995 ], [ 100.175216675, -0.544419587999934 ], [ 100.175275223, -0.544577667999931 ], [ 100.175333772, -0.544852843999935 ], [ 100.175374755, -0.545022633999967 ], [ 100.175649932, -0.54607650199995 ], [ 100.175790448, -0.54636338799998 ], [ 100.175901689, -0.546615145999972 ], [ 100.17619443, -0.547171353999952 ], [ 100.176288107, -0.547306014999942 ], [ 100.176387639, -0.547411400999984 ], [ 100.176457897, -0.547505077999975 ], [ 100.176610123, -0.547680722999929 ], [ 100.176639014, -0.547706624999928 ], [ 100.176779912, -0.547832947999955 ], [ 100.176949702, -0.547985173999968 ], [ 100.177137057, -0.548190092999966 ], [ 100.177260008, -0.548406720999943 ], [ 100.177371249, -0.548822412999927 ], [ 100.177441507, -0.548998057999939 ], [ 100.17752933, -0.549173702999957 ], [ 100.177611297, -0.549320072999942 ], [ 100.177681555, -0.549366911999926 ], [ 100.177692341, -0.549366237999946 ], [ 100.177775232, -0.549361056999942 ], [ 100.177974296, -0.549249814999941 ], [ 100.178091392, -0.549208830999936 ], [ 100.17817336, -0.549208830999936 ], [ 100.178384134, -0.549208830999936 ], [ 100.178653455, -0.549273234999933 ], [ 100.178881793, -0.54934934699998 ], [ 100.179121841, -0.549443023999973 ], [ 100.179332615, -0.549530846999973 ], [ 100.179683904, -0.549601104999967 ], [ 100.181100771, -0.550098763999935 ], [ 100.181996558, -0.550684245999954 ], [ 100.182664008, -0.550871600999932 ], [ 100.183097265, -0.551058954999979 ], [ 100.183612489, -0.551375114999928 ], [ 100.183981343, -0.551427808999961 ], [ 100.184186261, -0.551527340999941 ], [ 100.18431036, -0.551596283999977 ], [ 100.184409193288715, -0.551651516479382 ], [ 100.184449728, -0.551673710999979 ], [ 100.184701486, -0.551884484999961 ], [ 100.18488884, -0.552042564999973 ], [ 100.185503596, -0.552235773999944 ], [ 100.185913434, -0.552282612999928 ], [ 100.186551609, -0.552399708999926 ], [ 100.187792831, -0.55265732099998 ], [ 100.188839689, -0.55266298 ], [ 100.188914448, -0.552654184999946 ], [ 100.18916035, -0.55263076499995 ], [ 100.189388688, -0.552619055999972 ], [ 100.189605317, -0.552583926999942 ], [ 100.18983951, -0.552525378999978 ], [ 100.190056138, -0.552466829999968 ], [ 100.19032546, -0.55240242699995 ], [ 100.19049525, -0.552373152999959 ], [ 100.190574259, -0.55236750999996 ], [ 100.190817265, -0.552273620999929 ], [ 100.190910942, -0.552226783 ], [ 100.191074877, -0.552232637999975 ], [ 100.191191973, -0.552273620999929 ], [ 100.19130907, -0.552320459999978 ], [ 100.191426166, -0.55240242699995 ], [ 100.191531553, -0.552525378999978 ], [ 100.191583800639307, -0.552590545658779 ], [ 100.191619375, -0.552636619999937 ], [ 100.191701343, -0.552794699999932 ], [ 100.191824294, -0.55304645799993 ], [ 100.191900407, -0.553210392999974 ], [ 100.191988229, -0.553438730999977 ], [ 100.192058487, -0.553573391999983 ], [ 100.192199002, -0.553737326999965 ], [ 100.192298534, -0.553813438999962 ], [ 100.192343082, -0.553839553999974 ], [ 100.192863107, -0.553869268999969 ], [ 100.194209715, -0.553848776999933 ], [ 100.194575642, -0.553857559999922 ], [ 100.194812762, -0.553857559999922 ], [ 100.195046955, -0.553857559999922 ], [ 100.195237237, -0.55386048699996 ], [ 100.195330914, -0.553828284999956 ], [ 100.195445083, -0.553834139999941 ], [ 100.195729042, -0.55390147099996 ], [ 100.195928105, -0.553980510999973 ], [ 100.196229629, -0.554056622999954 ], [ 100.196823893, -0.554147372999979 ], [ 100.196958554, -0.554208848999968 ], [ 100.197222021, -0.554308380999948 ], [ 100.197380101, -0.554369855999941 ], [ 100.197538626, -0.554435614999938 ], [ 100.19814361, -0.554484769999938 ], [ 100.19865288, -0.554290859999987 ], [ 100.202349108, -0.552883489999953 ], [ 100.20512357, -0.551827089999972 ], [ 100.20572888, -0.551354189999928 ], [ 100.20583692, -0.551186909999962 ], [ 100.2059859, -0.551152709999948 ], [ 100.20626777, -0.551157929999927 ], [ 100.20742752, -0.552433659999966 ], [ 100.20743442, -0.552438289999936 ], [ 100.20748546, -0.552472469999943 ], [ 100.20749711, -0.55248026999994 ], [ 100.20749995, -0.552482169999961 ], [ 100.20810126, -0.552884889999975 ], [ 100.208149729, -0.552884229999965 ], [ 100.20865605, -0.552877339999957 ], [ 100.20899307, -0.552476559999948 ], [ 100.20923275, -0.552278269999938 ], [ 100.20935765, -0.552174949999945 ], [ 100.21017152, -0.551266429999953 ], [ 100.21066579, -0.550702959999968 ], [ 100.21167113, -0.551205629999974 ], [ 100.21227907, -0.551914909999944 ], [ 100.212396362, -0.553001792999969 ], [ 100.213128964, -0.552572951999938 ], [ 100.213808124, -0.552291920999959 ], [ 100.214475573, -0.552174823999971 ], [ 100.214955669, -0.552139695999934 ], [ 100.215178152, -0.552151404999965 ], [ 100.215435764, -0.552350468999972 ], [ 100.215634828, -0.552584661999958 ], [ 100.215857311, -0.552982789999931 ], [ 100.216079794, -0.553357497999964 ], [ 100.216185181, -0.553743916999965 ], [ 100.216044665, -0.554106914999981 ], [ 100.215857311, -0.554469913999987 ], [ 100.215822182, -0.554797783999966 ], [ 100.21589244, -0.555242750999986 ], [ 100.216009536, -0.555664297999955 ], [ 100.216196891, -0.556132683999978 ], [ 100.216630147, -0.556671326999953 ], [ 100.216723825, -0.557022615999935 ], [ 100.216969727, -0.557303647999967 ], [ 100.217133662, -0.557596388999972 ], [ 100.217285887, -0.557912548999981 ], [ 100.217379565, -0.558310676999959 ], [ 100.217388415, -0.558357139999951 ], [ 100.217426403, -0.558556579999959 ], [ 100.21720392, -0.559329415999974 ], [ 100.216899469, -0.560102251999983 ], [ 100.216513051, -0.560558928999971 ], [ 100.215986117, -0.561085861999969 ], [ 100.215459183, -0.561483989999949 ], [ 100.214733185, -0.561987504999938 ], [ 100.214311638, -0.56220998799995 ], [ 100.214170101, -0.562245371999956 ], [ 100.214156909, -0.562253189999985 ], [ 100.214140808, -0.562261240999928 ], [ 100.214118852, -0.562271852999973 ], [ 100.214092505, -0.562282463999964 ], [ 100.214018588, -0.562318324999982 ], [ 100.213986021, -0.56233588999994 ], [ 100.213935523, -0.562362601999956 ], [ 100.213885025, -0.562381629999955 ], [ 100.213829039, -0.562405049999932 ], [ 100.213767929, -0.562418954999939 ], [ 100.213726533, -0.562429637999978 ], [ 100.213728291, -0.562437570999981 ], [ 100.21372832, -0.562437699999984 ], [ 100.21374046, -0.562492499999965 ], [ 100.21379221, -0.562726139999933 ], [ 100.21440931, -0.564230539999933 ], [ 100.21456354, -0.564606539999943 ], [ 100.21621529, -0.566089639999981 ], [ 100.21699187, -0.566356899999967 ], [ 100.217397127229077, -0.56649643120259 ], [ 100.21772401, -0.566608869999926 ], [ 100.21777763, -0.566627329999966 ], [ 100.21978968, -0.566699699999965 ], [ 100.22041212, -0.566468099999955 ], [ 100.22116483, -0.565874619999943 ], [ 100.22156216, -0.565615489999979 ], [ 100.22183068, -0.565440359999979 ], [ 100.22209124, -0.565425889999983 ], [ 100.22229074, -0.565572189999952 ], [ 100.22274262, -0.565903569999944 ], [ 100.223023456527386, -0.566136030365714 ], [ 100.223340378, -0.566394261999957 ], [ 100.223484, -0.566512159999944 ], [ 100.22371246, -0.566699699999965 ], [ 100.22484152, -0.567032629999972 ], [ 100.22589821, -0.567148429999978 ], [ 100.22670882, -0.567148429999978 ], [ 100.22740363, -0.566757599999967 ], [ 100.227676657, -0.566610587999945 ], [ 100.22791127, -0.56648425999992 ], [ 100.22799454, -0.566439419999941 ], [ 100.22834452, -0.566250969999942 ], [ 100.22889457, -0.566222019999942 ], [ 100.22941971, -0.566399639999935 ], [ 100.22987889, -0.566554949999958 ], [ 100.23100795, -0.566989209999971 ], [ 100.23171596, -0.567138979999927 ], [ 100.23173543, -0.567143099999954 ], [ 100.23175862, -0.567148 ], [ 100.23176425, -0.567147419999979 ], [ 100.23183109, -0.567140499999943 ], [ 100.23186754, -0.567116579999949 ], [ 100.23192453, -0.567097579999935 ], [ 100.23201862, -0.567087629999946 ], [ 100.23227539, -0.567087629999946 ], [ 100.232719812, -0.566943194999963 ], [ 100.232739602, -0.566941111999948 ], [ 100.232757375, -0.566939542999936 ], [ 100.232777762, -0.566936929999944 ], [ 100.232793445, -0.566932224999971 ], [ 100.232796747, -0.566931045999977 ], [ 100.23288356, -0.567210509999936 ], [ 100.23303742, -0.567442749999939 ], [ 100.23320422, -0.567694509999971 ], [ 100.233251748, -0.567766242999941 ], [ 100.23331779, -0.567865919999983 ], [ 100.23350602, -0.568347219999969 ], [ 100.23362147, -0.568487709999943 ], [ 100.233806380856166, -0.568781181147241 ], [ 100.23382208, -0.568805829999984 ], [ 100.23382516, -0.568810709999987 ], [ 100.23387479, -0.568889399999928 ], [ 100.23396888, -0.569131859999966 ], [ 100.23404618, -0.569513229999931 ], [ 100.23424519, -0.569884579999952 ], [ 100.23469013, -0.570714839999944 ], [ 100.23581923, -0.57286461999997 ], [ 100.23629026, -0.573630879999936 ], [ 100.23669281, -0.573855899999964 ], [ 100.23669461, -0.57385729999993 ], [ 100.23769937, -0.574639949999958 ], [ 100.2379554, -0.574839379999957 ], [ 100.23805167, -0.574859039999985 ], [ 100.24021819, -0.575301559999959 ], [ 100.240315908, -0.575321519999931 ], [ 100.24122963, -0.575508159999968 ], [ 100.24128938, -0.575520359999935 ], [ 100.24146665, -0.575552379999979 ], [ 100.2435786, -0.575933829999947 ], [ 100.245349128, -0.576772275999938 ], [ 100.246334044, -0.577238689999954 ], [ 100.24633481, -0.577239532999955 ], [ 100.24634652, -0.577261488999965 ], [ 100.246358229, -0.57728344399994 ], [ 100.246360234, -0.577294968999984 ], [ 100.246268501, -0.577770312999981 ], [ 100.246057727, -0.578543148999936 ], [ 100.246198243, -0.579245727999929 ], [ 100.246502694, -0.57994830599995 ], [ 100.246690048, -0.580767980999952 ], [ 100.246572951, -0.581751590999941 ], [ 100.246151404, -0.58240733099996 ], [ 100.245753276, -0.582992812999983 ], [ 100.245284891, -0.583297263999958 ], [ 100.244825512895176, -0.583668202601831 ], [ 100.243863781622352, -0.584154792829155 ], [ 100.243440161895037, -0.584498268283737 ], [ 100.24460225384972, -0.586805278420344 ], [ 100.244957021, -0.587559573999957 ], [ 100.244582312, -0.588004539999933 ], [ 100.244301281, -0.588613441999942 ], [ 100.244067088, -0.589081826999973 ], [ 100.243903153, -0.589667308999946 ], [ 100.243879734, -0.590393306999945 ], [ 100.243926572, -0.591259820999933 ], [ 100.24399683, -0.591892141999951 ], [ 100.24399683, -0.592454203999975 ], [ 100.24399683, -0.593196851999952 ], [ 100.24399683, -0.593227040999975 ], [ 100.244769666, -0.593437813999978 ], [ 100.245565922, -0.593461233999958 ], [ 100.246596371, -0.593578329999956 ], [ 100.247462884, -0.593742264999952 ], [ 100.247815954, -0.59383699099993 ], [ 100.248001528, -0.594022564999936 ], [ 100.248071786, -0.594116241999925 ], [ 100.248096997, -0.594217088999935 ], [ 100.24764008, -0.595663509999951 ], [ 100.24753122, -0.595999549999935 ], [ 100.24740334, -0.596394309999944 ], [ 100.24722387, -0.596952099999958 ], [ 100.24683208, -0.598169849999983 ], [ 100.246642062, -0.598855723999973 ], [ 100.245232591, -0.598605656999951 ], [ 100.245132923, -0.598576692999926 ], [ 100.244506593, -0.59924822299997 ], [ 100.244049917, -0.600337219999973 ], [ 100.243405886, -0.602035117999952 ], [ 100.243359048, -0.603018727999938 ], [ 100.2433005, -0.603522242999936 ], [ 100.243417596, -0.604259949999978 ], [ 100.243499564, -0.604857141999956 ], [ 100.243441015, -0.605243559999971 ], [ 100.243433346, -0.605287659999937 ], [ 100.243394177, -0.605512881999982 ], [ 100.24328879, -0.605665106999938 ], [ 100.243089726, -0.605782203999983 ], [ 100.242796985, -0.605875880999971 ], [ 100.242586211, -0.605957847999943 ], [ 100.242024149, -0.606133492999962 ], [ 100.241883633, -0.606192040999929 ], [ 100.241567472, -0.606297427999945 ], [ 100.241344989, -0.606355975999979 ], [ 100.241075667, -0.606367685999947 ], [ 100.240911733, -0.60649649199997 ], [ 100.240900023, -0.606648716999932 ], [ 100.240900023, -0.606660426999951 ], [ 100.240888313, -0.606847780999953 ], [ 100.240806346, -0.607070263999966 ], [ 100.240818055, -0.607199069999988 ], [ 100.240864894, -0.607316166999975 ], [ 100.240864894, -0.607433262999972 ], [ 100.240818055, -0.607503520999958 ], [ 100.240747798, -0.607538649999922 ], [ 100.24066583, -0.607573778999952 ], [ 100.240560443, -0.607655745999983 ], [ 100.240455056, -0.607632326999981 ], [ 100.240197444, -0.60748010199996 ], [ 100.238874255, -0.60689461999994 ], [ 100.238183386, -0.606555039999932 ], [ 100.237949193, -0.606461362999941 ], [ 100.237843806, -0.606519910999973 ], [ 100.237433969, -0.606695555999978 ], [ 100.237223195, -0.606789232999975 ], [ 100.237082679, -0.60698829699993 ], [ 100.23705926, -0.607163941999951 ], [ 100.23704755, -0.607339585999964 ], [ 100.23707097, -0.607515230999983 ], [ 100.23707097, -0.607667455999947 ], [ 100.236989002, -0.607831390999942 ], [ 100.236942164, -0.607913358999956 ], [ 100.236848487, -0.60803045499995 ], [ 100.23671968, -0.608077293999951 ], [ 100.236590874, -0.608100712999941 ], [ 100.236450359, -0.608135841999965 ], [ 100.236257023, -0.608207447999979 ], [ 100.2362608, -0.608239099999932 ], [ 100.2362771, -0.608375689999955 ], [ 100.236860626912474, -0.610314878167978 ], [ 100.237226262, -0.611528250999925 ], [ 100.237222463, -0.611555788999965 ], [ 100.237199044, -0.61169044999997 ], [ 100.237163915, -0.611778272999968 ], [ 100.237128786, -0.611842675999986 ], [ 100.237058528, -0.611907078999942 ], [ 100.23698827, -0.611953916999937 ], [ 100.236941432, -0.611989045999962 ], [ 100.236901302, -0.612013887999986 ], [ 100.237058528, -0.61227593199994 ], [ 100.237269302, -0.612486705999976 ], [ 100.237573753, -0.61273260799994 ], [ 100.237854784, -0.612849704999979 ], [ 100.238059703, -0.612949236999961 ], [ 100.238135815, -0.612984365999988 ], [ 100.238340734, -0.613095606999934 ], [ 100.238510524, -0.61318928399994 ], [ 100.238838394, -0.613359073999959 ], [ 100.239008184, -0.613452750999955 ], [ 100.239107716, -0.613581556999973 ], [ 100.239388747, -0.614243151999979 ], [ 100.239424181, -0.614363626999935 ], [ 100.23930267, -0.61448513899996 ], [ 100.239100631494367, -0.614562232488297 ], [ 100.238841957453516, -0.614077218661707 ], [ 100.238498112104025, -0.613792078615781 ], [ 100.237684624325937, -0.613792078615781 ], [ 100.236896295963675, -0.613959808054561 ], [ 100.236309242927945, -0.61430365340406 ], [ 100.235797668139668, -0.615016503518875 ], [ 100.235604779285069, -0.615729353633689 ], [ 100.235579619869256, -0.616358339029114 ], [ 100.235590139194017, -0.616763333032238 ], [ 100.235174602, -0.616863369999988 ], [ 100.234285182, -0.616998716999952 ], [ 100.232825373, -0.617549769999929 ], [ 100.232013294, -0.617975144999945 ], [ 100.231404235, -0.618709882999952 ], [ 100.231094871, -0.619231933999973 ], [ 100.231114207, -0.619695978999979 ], [ 100.231133542, -0.620256699999972 ], [ 100.231000615, -0.620510824999939 ], [ 100.230979066, -0.620519803999969 ], [ 100.230686325, -0.620753996999957 ], [ 100.23051068, -0.621011608999947 ], [ 100.23020623, -0.621304349999946 ], [ 100.229843231, -0.621515122999938 ], [ 100.229515361, -0.621597090999962 ], [ 100.229046975, -0.62163221999993 ], [ 100.228836846178325, -0.621702161206785 ], [ 100.228361350181103, -0.622211247874907 ], [ 100.228036840111301, -0.622222186416585 ], [ 100.227539155417176, -0.622295305968804 ], [ 100.22739763370322, -0.622557121139649 ], [ 100.227270264160651, -0.622828371091426 ], [ 100.227159405484699, -0.623106697128901 ], [ 100.227206579389346, -0.623420403594869 ], [ 100.227185351132249, -0.623597305737333 ], [ 100.227152329399004, -0.623936957850862 ], [ 100.227128742446681, -0.624172827374146 ], [ 100.227146721352057, -0.624424532049519 ], [ 100.227500871923851, -0.624579668804417 ], [ 100.227606689, -0.624887499999954 ], [ 100.227764777, -0.625482652999949 ], [ 100.22847027, -0.625784699999943 ], [ 100.22896548, -0.625962589999968 ], [ 100.22903608, -0.625987949999966 ], [ 100.22921574, -0.626052489999956 ], [ 100.229347307, -0.626087787999957 ], [ 100.229321214, -0.626254782999982 ], [ 100.229296447, -0.626568505999961 ], [ 100.229321214, -0.626857461999975 ], [ 100.229180864, -0.627105137999937 ], [ 100.229172609, -0.627336302999931 ], [ 100.229147841, -0.627501419999933 ], [ 100.229131329, -0.628079331999974 ], [ 100.229040514, -0.62881410499995 ], [ 100.229065282, -0.629070036999968 ], [ 100.228982723, -0.629515854999974 ], [ 100.228916676, -0.63029190699996 ], [ 100.229013629577935, -0.630515438820811 ], [ 100.229046322502242, -0.630583870854362 ], [ 100.229075064799503, -0.630630433375939 ], [ 100.228944410949325, -0.630608354158868 ], [ 100.228733978598299, -0.630643426217374 ], [ 100.228650682459346, -0.630748642392892 ], [ 100.22852354624726, -0.630796866473337 ], [ 100.228569049, -0.631022947999954 ], [ 100.228311437, -0.631128334999975 ], [ 100.228065535, -0.631233720999946 ], [ 100.227807922, -0.631280559999943 ], [ 100.227620568, -0.631222011999964 ], [ 100.227468343, -0.631151753999973 ], [ 100.227269279, -0.63103465799998 ], [ 100.227105344, -0.630940979999943 ], [ 100.226988248, -0.630870722999929 ], [ 100.226789184, -0.630741916999973 ], [ 100.226648668, -0.630636529999944 ], [ 100.226543281, -0.630460884999942 ], [ 100.226508152, -0.630285239999987 ], [ 100.226508152, -0.630168143999925 ], [ 100.226437894, -0.629945660999971 ], [ 100.226297379, -0.629758306999974 ], [ 100.226133444, -0.629688048999982 ], [ 100.225887541, -0.629723177999947 ], [ 100.225618219, -0.629816854999956 ], [ 100.224798544, -0.630156433999962 ], [ 100.224435545, -0.630226691999956 ], [ 100.224037418, -0.630320368999944 ], [ 100.223826644, -0.630378917999971 ], [ 100.223440226, -0.630496013999964 ], [ 100.223135775, -0.630624819999986 ], [ 100.22296013, -0.630788754999968 ], [ 100.222749357, -0.631058076999982 ], [ 100.222643304167988, -0.6311014590683 ], [ 100.222618982440281, -0.630941711465848 ], [ 100.222608841, -0.63083559399997 ], [ 100.222667389, -0.630659948999949 ], [ 100.222679099, -0.630460884999942 ], [ 100.222702518, -0.630285239999987 ], [ 100.222772776, -0.630133014999961 ], [ 100.222889873, -0.629945660999971 ], [ 100.22298355, -0.629793434999959 ], [ 100.223135775, -0.62960608099997 ], [ 100.22329971, -0.629325049999978 ], [ 100.223545613, -0.628950340999952 ], [ 100.22362758, -0.628681018999948 ], [ 100.223721257, -0.628458535999924 ], [ 100.223850063, -0.628177504999941 ], [ 100.223838354, -0.627919892999957 ], [ 100.223650999, -0.627592022999976 ], [ 100.223440226, -0.627381248999944 ], [ 100.223229452, -0.627065088999935 ], [ 100.223053808, -0.626748927999938 ], [ 100.222737647, -0.626397638999955 ], [ 100.222503454, -0.626093187999975 ], [ 100.222480035, -0.625823866999959 ], [ 100.222515164, -0.625542834999988 ], [ 100.222526874, -0.625308641999936 ], [ 100.222526874, -0.624992481999932 ], [ 100.222433197, -0.624734869999943 ], [ 100.222234133, -0.62453580599993 ], [ 100.22198823, -0.624336741999973 ], [ 100.221695489, -0.624032290999946 ], [ 100.221578393, -0.623774678999958 ], [ 100.221748182, -0.62351999399994 ], [ 100.221803803, -0.62342924499996 ], [ 100.221874061, -0.623318002999956 ], [ 100.221973593, -0.62321261599994 ], [ 100.222035069, -0.623069172999978 ], [ 100.222073125, -0.622984277999937 ], [ 100.222128746, -0.622893528999961 ], [ 100.222187294, -0.622796923999938 ], [ 100.222196076, -0.622741302999948 ], [ 100.222125818, -0.622720810999966 ], [ 100.222017504, -0.622706173999983 ], [ 100.221894553, -0.622679827999944 ], [ 100.2217394, -0.622621278999935 ], [ 100.221598885, -0.622600787999948 ], [ 100.221399821, -0.62251589299996 ], [ 100.221259305, -0.622463198999985 ], [ 100.221110007, -0.622419287999949 ], [ 100.220960709, -0.622360739999984 ], [ 100.220808484, -0.622310973999967 ], [ 100.220726516, -0.622284626999945 ], [ 100.220547944, -0.622205586999945 ], [ 100.220378154, -0.62212947399997 ], [ 100.220301008479538, -0.62235453249137 ], [ 100.220191920136372, -0.622712566027895 ], [ 100.220074440382206, -0.622953119810248 ], [ 100.21997933772407, -0.623185282181588 ], [ 100.219875843654918, -0.623423038826937 ], [ 100.219831089462843, -0.623492967252039 ], [ 100.219562564310451, -0.623420241689933 ], [ 100.219397472, -0.623370696999929 ], [ 100.219315504, -0.623350204999963 ], [ 100.219098876, -0.623262381999949 ], [ 100.218934941, -0.623233107999971 ], [ 100.218771006, -0.623268236999936 ], [ 100.218767296, -0.623272564999982 ], [ 100.218665619, -0.623391187999969 ], [ 100.218607071, -0.62351999399994 ], [ 100.218536813, -0.623707348999982 ], [ 100.218454846, -0.623912266999985 ], [ 100.218349459, -0.624140605999972 ], [ 100.218249927, -0.624450910999943 ], [ 100.218103556, -0.624620700999976 ], [ 100.21798646, -0.624743651999946 ], [ 100.217845944, -0.624913441999979 ], [ 100.217740557, -0.625200327999948 ], [ 100.217708217, -0.625266413999953 ], [ 100.21770652, -0.625251141999973 ], [ 100.217612843, -0.625198447999941 ], [ 100.217498674, -0.625154536999958 ], [ 100.217349376, -0.625063787999976 ], [ 100.217238135, -0.625052077999951 ], [ 100.217162022, -0.625128190999928 ], [ 100.21706249, -0.625186738999961 ], [ 100.216977595, -0.625177956999953 ], [ 100.216831224, -0.625101843999975 ], [ 100.216594104, -0.625037440999956 ], [ 100.216450661, -0.624970109999938 ], [ 100.216228178, -0.624891069999942 ], [ 100.216061315, -0.624791537999963 ], [ 100.215850542, -0.624633457999953 ], [ 100.215590002, -0.624449030999926 ], [ 100.215481688, -0.62433193499993 ], [ 100.21526506, -0.624232402999947 ], [ 100.215042577, -0.624150434999938 ], [ 100.214679578, -0.624124088999972 ], [ 100.214240466, -0.624100668999979 ], [ 100.213936015, -0.624077249999975 ], [ 100.213602291, -0.624033338999937 ], [ 100.213516134, -0.624027594999972 ], [ 100.213426646, -0.624021628999979 ], [ 100.213227582, -0.624004064999947 ], [ 100.212952405, -0.623983572999981 ], [ 100.212700648, -0.623968935999932 ], [ 100.212390343, -0.623925024999947 ], [ 100.212131038, -0.623900790999932 ], [ 100.212131009, -0.623900974999972 ], [ 100.21210828, -0.62404188999995 ], [ 100.211858202, -0.624672090999986 ], [ 100.211855895, -0.624745919999957 ], [ 100.211833571, -0.624814749999924 ], [ 100.211833571, -0.624858506999947 ], [ 100.211693808, -0.625502971999946 ], [ 100.211600632, -0.625766968999931 ], [ 100.211375458, -0.626458020999963 ], [ 100.21130255, -0.626658517999949 ], [ 100.211304273, -0.626711919999929 ], [ 100.211280854, -0.626992950999976 ], [ 100.211105209, -0.627355949999981 ], [ 100.210941274, -0.627660400999957 ], [ 100.210789049, -0.628128785999934 ], [ 100.21075392, -0.628444946999933 ], [ 100.210684383, -0.628731787999924 ], [ 100.210474761, -0.628634058999984 ], [ 100.210268998, -0.628511765999973 ], [ 100.210022471, -0.62832541499995 ], [ 100.209810885, -0.62818565199996 ], [ 100.209630357, -0.627987653999986 ], [ 100.20933336, -0.627871183999953 ], [ 100.209304242, -0.627867301999965 ], [ 100.20903248, -0.62784400799996 ], [ 100.20872966, -0.627828478999956 ], [ 100.208614172, -0.62782503099993 ], [ 100.20857546, -0.627856829999926 ], [ 100.20846381, -0.627909039999972 ], [ 100.20838278, -0.627946929999951 ], [ 100.20830317, -0.627965019999976 ], [ 100.20787977, -0.628028349999968 ], [ 100.2075396, -0.628075389999942 ], [ 100.20717953, -0.628127869999957 ], [ 100.207009327, -0.628142886999972 ], [ 100.207008763, -0.628142936999952 ], [ 100.20700853, -0.628142881999969 ], [ 100.207008336, -0.62814279599996 ], [ 100.207008147, -0.628142783999982 ], [ 100.207007972, -0.628142768999963 ], [ 100.206984911, -0.628136311999929 ], [ 100.206703879, -0.628089473999975 ], [ 100.206452122, -0.628036779999951 ], [ 100.206157941, -0.628036779999951 ], [ 100.206112542, -0.628036779999951 ], [ 100.205743689, -0.628124601999961 ], [ 100.205386544, -0.628288536999954 ], [ 100.205140642, -0.628417343999953 ], [ 100.204878003, -0.62851918299998 ], [ 100.204853756, -0.628528584999979 ], [ 100.204601998, -0.62861640699992 ], [ 100.204315112, -0.628715938999968 ], [ 100.203906961, -0.628785907999948 ], [ 100.203905275, -0.628786196999954 ], [ 100.203703156, -0.628828500999932 ], [ 100.203653517, -0.62883889099993 ], [ 100.203249535, -0.62890768499995 ], [ 100.202997777, -0.628925248999967 ], [ 100.202707964, -0.628945740999944 ], [ 100.202494263, -0.628948668999962 ], [ 100.202306908, -0.628951595999981 ], [ 100.202163465, -0.628951595999981 ], [ 100.201979038, -0.628948668999962 ], [ 100.201891216, -0.628922321999941 ], [ 100.20176241, -0.628822789999963 ], [ 100.201651168, -0.62875545899993 ], [ 100.201487233, -0.628688128999957 ], [ 100.201299879, -0.628629580999924 ], [ 100.201059832, -0.628568104999944 ], [ 100.200758308, -0.62853297599998 ], [ 100.200626575, -0.62851248399994 ], [ 100.20046264, -0.62850077499997 ], [ 100.200263576, -0.628494919999982 ], [ 100.200070367, -0.62850077499997 ], [ 100.199850811, -0.628509556999979 ], [ 100.199473175, -0.628588596999975 ], [ 100.199277038, -0.628620798999984 ], [ 100.198870128, -0.628655926999953 ], [ 100.198621298, -0.628655926999953 ], [ 100.198299283, -0.628664709999951 ], [ 100.1980768, -0.628664709999951 ], [ 100.19776064, -0.628629580999924 ], [ 100.197339093, -0.628650072999959 ], [ 100.197063659844687, -0.628624795358999 ], [ 100.196411103, -0.628565177999976 ], [ 100.196024685, -0.62853297599998 ], [ 100.195740726, -0.628477354999976 ], [ 100.195248921, -0.628401242999926 ], [ 100.194964963, -0.628330984999937 ], [ 100.194779555, -0.628287358999956 ], [ 100.194765899, -0.628284145999948 ], [ 100.194490722, -0.628228525999938 ], [ 100.194256529, -0.628216815999966 ], [ 100.194118941, -0.628187541999987 ], [ 100.193952078, -0.628152412999958 ], [ 100.193650555, -0.628064590999938 ], [ 100.193527604, -0.628008969999947 ], [ 100.193474911, -0.627991404999937 ], [ 100.193378306, -0.627953348999935 ], [ 100.193269992, -0.627871380999972 ], [ 100.193167532, -0.627722082999988 ], [ 100.192968468, -0.627467398999958 ], [ 100.192895283, -0.627280043999983 ], [ 100.192807461, -0.627107326999977 ], [ 100.192748913, -0.626966811999975 ], [ 100.192664018, -0.626814585999977 ], [ 100.192602742, -0.626744556999947 ], [ 100.19097893, -0.625950959999956 ], [ 100.19046969, -0.625976559999979 ], [ 100.19038338, -0.625958679999943 ], [ 100.19008513, -0.625896879999976 ], [ 100.189777733, -0.62574435799997 ], [ 100.189776336, -0.625746498999947 ], [ 100.189753335, -0.625784137999979 ], [ 100.189711515, -0.625832230999958 ], [ 100.189682241, -0.625865686999936 ], [ 100.189642512, -0.625888687999981 ], [ 100.189606965, -0.625888687999981 ], [ 100.189573509, -0.625867777999931 ], [ 100.189519142, -0.625821775999955 ], [ 100.189454321, -0.625761136999934 ], [ 100.189383227, -0.625685859999975 ], [ 100.189328861, -0.625608492999959 ], [ 100.189291223, -0.625514397999954 ], [ 100.189284949, -0.625453757999946 ], [ 100.189283087, -0.625417448999948 ], [ 100.1889631, -0.625226409999926 ], [ 100.187726094, -0.62448608499995 ], [ 100.18756959, -0.624392419999931 ], [ 100.18754693, -0.624379299999934 ], [ 100.18754187, -0.624376369999936 ], [ 100.18676727, -0.62392791999998 ], [ 100.1859755, -0.623463409999942 ], [ 100.18472532, -0.622716179999948 ], [ 100.184391452, -0.622516626999935 ], [ 100.18430884, -0.622467249999944 ], [ 100.1841386, -0.622365489999934 ], [ 100.183872287, -0.622207922999962 ], [ 100.183913818, -0.622206978999944 ], [ 100.184148247, -0.622136278999963 ], [ 100.184319417, -0.622028366999935 ], [ 100.184423608, -0.621950223999928 ], [ 100.18446454, -0.621801380999956 ], [ 100.184520356, -0.621790216999952 ], [ 100.184598499, -0.621801380999956 ], [ 100.184628267, -0.621842312999947 ], [ 100.184676642, -0.621849754999981 ], [ 100.184747342, -0.621864638999967 ], [ 100.184851872, -0.621777325999979 ], [ 100.18490147, -0.621748319999942 ], [ 100.18499901, -0.621661649999968 ], [ 100.184999585, -0.62166104399995 ], [ 100.18511949, -0.621534519999955 ], [ 100.184737911010174, -0.621127056503951 ], [ 100.18472471, -0.621112959999949 ], [ 100.184703865, -0.621090700999964 ], [ 100.184321751, -0.620798572999945 ], [ 100.18429881, -0.620795369999951 ], [ 100.18426916, -0.620791229999958 ], [ 100.18414291, -0.620787409999932 ], [ 100.18406256, -0.620779719999976 ], [ 100.18393246, -0.62067960999997 ], [ 100.18377939, -0.620540989999948 ], [ 100.18364842, -0.620458 ], [ 100.183583029, -0.620437144999924 ], [ 100.18343925, -0.620391289999934 ], [ 100.18336782, -0.620319409999976 ], [ 100.1833831, -0.620232109999957 ], [ 100.18346878, -0.620067739999976 ], [ 100.18349018, -0.620026669999966 ], [ 100.18351055, -0.61986233999994 ], [ 100.1834954, -0.619715261999942 ], [ 100.183486736, -0.619705548999951 ], [ 100.183419345, -0.619642947999984 ], [ 100.183340427, -0.619605512999955 ], [ 100.183327747, -0.619618961999954 ], [ 100.183266349, -0.619700825999933 ], [ 100.183158437, -0.619786410999946 ], [ 100.182994709, -0.619922230999983 ], [ 100.1827762, -0.620098986999957 ], [ 100.182128945, -0.620896388999939 ], [ 100.182055134, -0.620917621999986 ], [ 100.181948034, -0.620940277999985 ], [ 100.181934199, -0.620939948999938 ], [ 100.181792798, -0.620917621999986 ], [ 100.181684221, -0.620912451999967 ], [ 100.180973964, -0.620200354999958 ], [ 100.180970437, -0.620165961999939 ], [ 100.180966716, -0.620024560999982 ], [ 100.180966716, -0.619946417999928 ], [ 100.180970437, -0.619924090999975 ], [ 100.181093233, -0.619492444999932 ], [ 100.181271845, -0.619243131999956 ], [ 100.18121975, -0.619146383999981 ], [ 100.181041138, -0.619075682999952 ], [ 100.180788104, -0.619116614999948 ], [ 100.180680192, -0.619053355999941 ], [ 100.180561117, -0.619057076999984 ], [ 100.180482974, -0.61910917299998 ], [ 100.180423437, -0.619053355999941 ], [ 100.180315525, -0.619034750999963 ], [ 100.180166682, -0.619071961999961 ], [ 100.18012575, -0.619027308999931 ], [ 100.18002528, -0.619045913999974 ], [ 100.179889981, -0.619113563999985 ], [ 100.179846668, -0.619135219999976 ], [ 100.179712709, -0.619176151999971 ], [ 100.179589913, -0.619075682999952 ], [ 100.179619682, -0.618926838999924 ], [ 100.179697824, -0.618759389999979 ], [ 100.179816899, -0.618629151999934 ], [ 100.179880514, -0.618604091999941 ], [ 100.179992025, -0.618433421999956 ], [ 100.18010804, -0.618247798999956 ], [ 100.180409678, -0.617986765999943 ], [ 100.180635907, -0.617505303999974 ], [ 100.180785752, -0.617093230999955 ], [ 100.18071559, -0.617037979999968 ], [ 100.18065946, -0.616981499999952 ], [ 100.18060334, -0.616919889999971 ], [ 100.18055741, -0.616858279999972 ], [ 100.18054209, -0.616781249999978 ], [ 100.18053697, -0.616699089999945 ], [ 100.18053669, -0.616645249999975 ], [ 100.18053645, -0.616596699999953 ], [ 100.18053621, -0.616547829999943 ], [ 100.18068331, -0.616501329999948 ], [ 100.18072397, -0.616497549999971 ], [ 100.1807525, -0.61649634999998 ], [ 100.180801, -0.616493459999962 ], [ 100.18081942, -0.61649406 ], [ 100.18083785, -0.616495849999977 ], [ 100.18087648, -0.616505409999947 ], [ 100.18092808, -0.61650721999997 ], [ 100.18097968, -0.616505409999947 ], [ 100.18108191, -0.616528719999966 ], [ 100.18113326, -0.616523309999934 ], [ 100.18118412, -0.616514319999968 ], [ 100.18126436, -0.61652805999996 ], [ 100.1812712, -0.616526869999979 ], [ 100.18127814, -0.616526759999947 ], [ 100.18128502, -0.616527739999923 ], [ 100.18129166, -0.616529779999945 ], [ 100.18134219, -0.616542329999956 ], [ 100.18134844, -0.616545379999934 ], [ 100.18135414, -0.616549369999976 ], [ 100.18135916, -0.616554199999945 ], [ 100.18139011, -0.616556499999949 ], [ 100.18140525, -0.61656918999995 ], [ 100.18141401, -0.616576529999971 ], [ 100.18144451, -0.61658612999997 ], [ 100.1814758, -0.616592649999975 ], [ 100.18150683, -0.616592289999973 ], [ 100.18153862, -0.616595639999964 ], [ 100.18157048, -0.616592389999946 ], [ 100.18162692, -0.616586609999958 ], [ 100.18168231, -0.616564789999929 ], [ 100.18174572, -0.616539809999945 ], [ 100.18184964, -0.616498869999933 ], [ 100.18193087, -0.616466869999957 ], [ 100.18195086, -0.616453609999955 ], [ 100.18199289, -0.616421819999974 ], [ 100.18200803, -0.61640934999997 ], [ 100.18208574, -0.616286449999965 ], [ 100.1821399, -0.616200799999948 ], [ 100.18214078, -0.616199399999975 ], [ 100.18214089, -0.616197419999934 ], [ 100.18215468, -0.615940969999951 ], [ 100.18215888, -0.615862859999942 ], [ 100.1822023, -0.61560591999995 ], [ 100.1822097, -0.615383969999934 ], [ 100.18221393, -0.615257229999944 ], [ 100.18221678, -0.615171669999942 ], [ 100.18217357, -0.615026459999978 ], [ 100.18217259, -0.61502055999995 ], [ 100.18213255, -0.614883679999941 ], [ 100.18205454, -0.614667059999943 ], [ 100.18200761, -0.614536759999969 ], [ 100.18200092, -0.61451816999994 ], [ 100.18191953, -0.61422989999995 ], [ 100.18186283, -0.614029089999969 ], [ 100.181860403, -0.614023004999978 ], [ 100.18170707, -0.613638639999979 ], [ 100.181597029, -0.613362796999987 ], [ 100.18154073, -0.613221669999978 ], [ 100.18143594, -0.612959 ], [ 100.18128201, -0.61257313999994 ], [ 100.18113978, -0.612216609999968 ], [ 100.18110875, -0.612138809999975 ], [ 100.18108855, -0.612088189999951 ], [ 100.18098041, -0.61181711999996 ], [ 100.18086679, -0.611532289999963 ], [ 100.18082981, -0.611439589999973 ], [ 100.18081248, -0.611396169999975 ], [ 100.18070922, -0.611041149999955 ], [ 100.180688347, -0.610969377999934 ], [ 100.18068238, -0.610948859999952 ], [ 100.18061838, -0.610728839999982 ], [ 100.18058833, -0.610459709999925 ], [ 100.18058756, -0.610452759999939 ], [ 100.18054484, -0.610070069999949 ], [ 100.18052381, -0.609881699999961 ], [ 100.1805184, -0.609833269999973 ], [ 100.18049905, -0.609659949999986 ], [ 100.18049019, -0.609580549999987 ], [ 100.18047741, -0.609507369999954 ], [ 100.18038798, -0.608995329999979 ], [ 100.18029413, -0.608763959999984 ], [ 100.1801977, -0.608632109999983 ], [ 100.18015302, -0.608571009999935 ], [ 100.18014701, -0.608562799999962 ], [ 100.18010549, -0.60851953999998 ], [ 100.17994247, -0.608349709999969 ], [ 100.1793943, -0.607999119999928 ], [ 100.17931596, -0.607962569999924 ], [ 100.17923122, -0.607907749999933 ], [ 100.17919567, -0.607888219999957 ], [ 100.17915868, -0.607871599999959 ], [ 100.1791205, -0.607858009999977 ], [ 100.17909202, -0.60784441999993 ], [ 100.17905288, -0.60783393999998 ], [ 100.17902328, -0.607823049999985 ], [ 100.17898343, -0.607815759999942 ], [ 100.17895296, -0.607807669999949 ], [ 100.17890514, -0.607798469999981 ], [ 100.17887405, -0.607793249999936 ], [ 100.17882571, -0.60778739999996 ], [ 100.17879428, -0.607785099999947 ], [ 100.17874566, -0.607782609999958 ], [ 100.17871414, -0.60778324999996 ], [ 100.17871127, -0.607783299999943 ], [ 100.17866444, -0.607776739999962 ], [ 100.1776989, -0.607846779999937 ], [ 100.17723012, -0.607930209999949 ], [ 100.176867747, -0.608050348999943 ], [ 100.17686533, -0.608051149999937 ], [ 100.17660906, -0.608136109999977 ], [ 100.17626462, -0.60824722999996 ], [ 100.17621899, -0.608261949999929 ], [ 100.17591981, -0.608315359999958 ], [ 100.17563575, -0.608243019999982 ], [ 100.17535545, -0.608048749999965 ], [ 100.175249196, -0.607901518999947 ], [ 100.17508959, -0.607680359999965 ], [ 100.17499886, -0.607448129999968 ] ] ] ] } },
{ "type": "Feature", "properties": { "fid": null, "kk": null, "gid": 79310, "bstt": null, "luas": 0.67398457178931903, "bsbtt": null, "idsls": "13060800010004", "kdkab": "06", "kdkec": "080", "kdsls": "0004", "nmkab": "PADANG PARIAMAN", "nmkec": "SUNGAI LIMAU", "nmsls": "KORONG KAMPUANG JUA", "bstt_k": null, "kddesa": "001", "kdprov": "13", "khusus": null, "muatan": null, "nmdesa": "PILUBANG", "nmprov": "SUMATERA BARAT", "posisi": "", "rw_dki": "", "segmen": "", "sumber": "", "dom_sls": "", "periode": "2024_1", "tingkat": null, "nm_gedung": "", "wil_campur": null, "iddesa": "1306080001", "idkec": "1306080", "idkab": "1306" }, "geometry": { "type": "MultiPolygon", "coordinates": [ [ [ [ 100.06152653, -0.529504659999935 ], [ 100.06085144, -0.528713329999959 ], [ 100.06011265, -0.527851949999964 ], [ 100.05950762, -0.52703514999996 ], [ 100.059391124133384, -0.526879728375148 ], [ 100.05884526, -0.526151469999949 ], [ 100.05818927, -0.525264619999973 ], [ 100.05757786, -0.524438259999954 ], [ 100.0573868, -0.524183509999944 ], [ 100.05686371, -0.523474969999938 ], [ 100.05686137, -0.523471799999926 ], [ 100.056730274017511, -0.523296449839587 ], [ 100.05664426, -0.523181399999948 ], [ 100.05660662, -0.523131059999981 ], [ 100.05611304, -0.522467109999984 ], [ 100.05547297, -0.52160891999995 ], [ 100.05495391, -0.520909939999973 ], [ 100.05436798, -0.520121799999973 ], [ 100.05368333, -0.519199909999944 ], [ 100.05350182, -0.518948339999955 ], [ 100.05276941, -0.518160199999954 ], [ 100.05188096, -0.517200099999969 ], [ 100.05142022, -0.516707369999948 ], [ 100.05107849, -0.516341899999936 ], [ 100.050808344, -0.51605008599995 ], [ 100.05022506, -0.515420019999967 ], [ 100.05012953, -0.515317289999924 ], [ 100.0493589, -0.514488579999983 ], [ 100.04839403, -0.513445679999962 ], [ 100.04753105, -0.512520609999971 ], [ 100.04666171, -0.511579619999972 ], [ 100.04632125, -0.511211609999986 ], [ 100.046025332993324, -0.510891748563719 ], [ 100.0459741, -0.510836369999937 ], [ 100.04589427, -0.510750079999983 ], [ 100.04503448, -0.509828189999955 ], [ 100.04416513, -0.508887199999957 ], [ 100.04340911, -0.508074819999934 ], [ 100.04328942, -0.507946209999946 ], [ 100.043252571, -0.507906363999957 ], [ 100.04248695, -0.507078459999957 ], [ 100.04223538, -0.506814149999967 ], [ 100.04158258, -0.50610561999998 ], [ 100.04139151, -0.505898629999932 ], [ 100.04114313, -0.505631139999937 ], [ 100.04096162, -0.505452819999961 ], [ 100.04053809, -0.505040439999963 ], [ 100.03966875, -0.504210899999984 ], [ 100.03870706, -0.503279459999936 ], [ 100.03781542, -0.50242443999997 ], [ 100.03750972, -0.502131479999949 ], [ 100.037342338, -0.501970177999972 ], [ 100.03685175, -0.501497409999962 ], [ 100.03681506, -0.501462049999938 ], [ 100.03676457, -0.501413389999932 ], [ 100.0365735, -0.501228699999967 ], [ 100.03614679, -0.50081790999997 ], [ 100.03576148, -0.500450109999975 ], [ 100.03550036, -0.500192169999942 ], [ 100.0346533, -0.499410399999935 ], [ 100.03430822, -0.499093729999967 ], [ 100.03386039, -0.498682759999955 ], [ 100.03305155, -0.497945569999953 ], [ 100.03291943, -0.497826549999965 ], [ 100.03269808, -0.49762712999996 ], [ 100.03242422, -0.497375559999971 ], [ 100.0319774, -0.496955499999954 ], [ 100.03197203, -0.49695043999998 ], [ 100.0315899, -0.496612099999942 ], [ 100.031290105, -0.496340060999967 ], [ 100.03116001, -0.496222009999936 ], [ 100.03074603, -0.495841869999933 ], [ 100.0304674, -0.495599059999968 ], [ 100.02954392, -0.494753199999935 ], [ 100.02935286, -0.494574079999954 ], [ 100.0290384, -0.494295439999979 ], [ 100.02805123, -0.49338987999994 ], [ 100.02702824, -0.492460429999941 ], [ 100.02688576, -0.492330169999948 ], [ 100.0267496, -0.492205679999933 ], [ 100.02654839, -0.492022069999966 ], [ 100.02643116, -0.491915099999971 ], [ 100.02599729, -0.491525009999978 ], [ 100.02563506, -0.491196619999932 ], [ 100.02521312, -0.490802549999963 ], [ 100.02467178, -0.490316919999947 ], [ 100.02442896, -0.490084059999958 ], [ 100.02371542, -0.489442329999981 ], [ 100.02318306, -0.488963549999947 ], [ 100.0223588, -0.488200403999937 ], [ 100.02213619, -0.487994299999972 ], [ 100.02194114, -0.487831089999939 ], [ 100.02088631, -0.486865819999944 ], [ 100.02061962, -0.486626989999938 ], [ 100.01949313, -0.485594049999983 ], [ 100.01943824, -0.485545329999979 ], [ 100.01944009, -0.485542989999947 ], [ 100.01914814, -0.48528383999997 ], [ 100.01801369, -0.484242939999948 ], [ 100.01760516, -0.483875069999952 ], [ 100.01715391, -0.483468729999979 ], [ 100.01684342, -0.483182129999927 ], [ 100.01680665, -0.483148599999943 ], [ 100.01643741, -0.482811939999981 ], [ 100.0158439, -0.482312709999975 ], [ 100.01567316, -0.482169089999964 ], [ 100.01456259, -0.481251579999942 ], [ 100.01445104, -0.481158869999943 ], [ 100.01337242, -0.480262429999931 ], [ 100.01207477, -0.479189679999943 ], [ 100.01144427, -0.478662467999936 ], [ 100.01067761, -0.478021399999942 ], [ 100.00939191, -0.476964569999958 ], [ 100.00802261, -0.47582813999998 ], [ 100.00681254, -0.474819079999979 ], [ 100.00672054, -0.47474411999997 ], [ 100.00669726, -0.474725149999927 ], [ 100.00627517, -0.47438121999994 ], [ 100.0057179, -0.473915499999976 ], [ 100.00534373, -0.473571189999972 ], [ 100.00522099, -0.47345542999995 ], [ 100.00397841, -0.472283489999938 ], [ 100.003203811, -0.471553263999967 ], [ 100.003553405, -0.471091799999959 ], [ 100.003697989769861, -0.470824605752185 ], [ 100.004041183, -0.470235059999945 ], [ 100.004360116, -0.469628463999932 ], [ 100.004772851, -0.469096909999961 ], [ 100.005129305, -0.468690427999949 ], [ 100.005429477, -0.468321466999954 ], [ 100.005499636468144, -0.46824981296571 ], [ 100.005629591, -0.468096337999956 ], [ 100.005892241, -0.467827434999957 ], [ 100.008506235, -0.46520093399995 ], [ 100.010482364, -0.462549418999982 ], [ 100.011457921, -0.460723375999983 ], [ 100.012133307, -0.459722803999973 ], [ 100.013033821, -0.458547131999986 ], [ 100.013340246, -0.458103128999944 ], [ 100.013354814, -0.458086977999928 ], [ 100.013627911, -0.457784195999982 ], [ 100.013996872, -0.457346445999974 ], [ 100.017192448, -0.454982596 ], [ 100.017905355, -0.453906980999932 ], [ 100.018755841, -0.453031480999929 ], [ 100.019293648, -0.45249367399993 ], [ 100.020131627, -0.451580651999961 ], [ 100.020706956, -0.451380537999972 ], [ 100.021720034, -0.45109287299994 ], [ 100.022295363, -0.450955294999967 ], [ 100.022507985, -0.450880251999934 ], [ 100.022604697, -0.450932637999926 ], [ 100.022808156, -0.451042844999971 ], [ 100.02309582, -0.451155408999969 ], [ 100.023383485, -0.451130394999961 ], [ 100.023808728, -0.450855236999933 ], [ 100.024171435, -0.450317429999935 ], [ 100.024304257, -0.449761992999931 ], [ 100.024301197, -0.449742100999975 ], [ 100.024301197, -0.449656114999931 ], [ 100.024304323, -0.449552930999981 ], [ 100.024316831, -0.449438802999964 ], [ 100.024351225, -0.449277773999948 ], [ 100.02446848, -0.449074532999942 ], [ 100.024520072, -0.449027630999986 ], [ 100.024671721, -0.44882438999998 ], [ 100.024771778, -0.448727458999948 ], [ 100.024871835, -0.448639908999962 ], [ 100.024979709, -0.448519527999959 ], [ 100.025043808, -0.44844135799997 ], [ 100.025137612, -0.448345990999948 ], [ 100.025204838, -0.448289708999941 ], [ 100.025286134, -0.448216229999963 ], [ 100.025387755, -0.448103664999969 ], [ 100.025426844, -0.448075890999974 ], [ 100.025447164, -0.448061453999977 ], [ 100.025495629, -0.44802549599996 ], [ 100.025536277, -0.447986410999931 ], [ 100.025595686, -0.44793169199995 ], [ 100.025675419, -0.447858212999973 ], [ 100.025700102, -0.447831937999987 ], [ 100.02579964, -0.44774586999995 ], [ 100.02583851, -0.447689579999983 ], [ 100.0258435, -0.447682349999988 ], [ 100.02588576, -0.447605199999944 ], [ 100.02590015, -0.447584409999938 ], [ 100.02595976, -0.447498309999955 ], [ 100.0261111, -0.447293369999956 ], [ 100.02621672, -0.447162529999961 ], [ 100.02632707, -0.447037989999959 ], [ 100.0263917, -0.446968629999955 ], [ 100.02653426, -0.446815449999982 ], [ 100.02658875, -0.44676290999996 ], [ 100.0266928, -0.446646249999965 ], [ 100.02678896, -0.446532749999964 ], [ 100.02682758, -0.44648072999997 ], [ 100.02694818, -0.446304169999968 ], [ 100.02700966, -0.446250569999958 ], [ 100.02706168, -0.446222189999964 ], [ 100.02711843, -0.446182779999962 ], [ 100.02723666, -0.446051939999967 ], [ 100.027325417, -0.445966735999948 ], [ 100.027371701, -0.445933674999936 ], [ 100.027515533, -0.44588989999995 ], [ 100.02768438, -0.44588989999995 ], [ 100.027765676, -0.445946182999934 ], [ 100.027884494, -0.44602122599998 ], [ 100.027978298, -0.446077507999973 ], [ 100.028084608, -0.446127535999956 ], [ 100.028222187, -0.44613378999998 ], [ 100.02823386, -0.446133372999962 ], [ 100.028397287, -0.446127535999956 ], [ 100.028497344, -0.446127535999956 ], [ 100.028566134, -0.446221339999968 ], [ 100.028684951, -0.446371425999935 ], [ 100.028847544, -0.446584046999939 ], [ 100.029003884, -0.44680917599993 ], [ 100.029153969, -0.447015543999954 ], [ 100.029966934, -0.447816000999983 ], [ 100.030217077, -0.448122425999948 ], [ 100.030335895, -0.448303779999953 ], [ 100.030492234, -0.448466372999975 ], [ 100.030811166, -0.448678993999977 ], [ 100.031130098, -0.448729022999939 ], [ 100.031461538, -0.448729022999939 ], [ 100.031861767, -0.448710261999961 ], [ 100.032136924, -0.448691500999936 ], [ 100.032530899, -0.448697754999957 ], [ 100.033243806, -0.448879107999981 ], [ 100.033737838, -0.449122997999958 ], [ 100.034181842, -0.449398154999933 ], [ 100.034600832, -0.449767115999977 ], [ 100.035345007, -0.450336190999959 ], [ 100.035832785, -0.450636361999952 ], [ 100.036126703, -0.450855236999933 ], [ 100.036526932, -0.451055351999973 ], [ 100.036977189, -0.451199183999968 ], [ 100.037252347, -0.451292987999982 ], [ 100.037633814, -0.451418058999934 ], [ 100.038109086, -0.451493101999969 ], [ 100.038471793, -0.451580651999961 ], [ 100.038721936, -0.451593158999979 ], [ 100.038765711, -0.45158690599993 ], [ 100.038778465, -0.451556295999985 ], [ 100.038828247, -0.451436819999975 ], [ 100.038847008, -0.451199183999968 ], [ 100.038847008, -0.451011576999973 ], [ 100.03881574, -0.450830222999972 ], [ 100.038740697, -0.450661376999969 ], [ 100.038734443, -0.450486276999926 ], [ 100.03872819, -0.450317429999935 ], [ 100.038678161, -0.45012982299995 ], [ 100.038690668, -0.44993596199993 ], [ 100.038796979, -0.449773368999961 ], [ 100.038872022, -0.449717086999956 ], [ 100.039034615, -0.449548240999945 ], [ 100.039209715, -0.449416915999956 ], [ 100.039384815, -0.449279336999958 ], [ 100.039559915, -0.449210547999949 ], [ 100.039760029, -0.449160518999975 ], [ 100.039947637, -0.449022940999955 ], [ 100.040035187, -0.448835332999977 ], [ 100.040060201, -0.448691500999936 ], [ 100.040179019, -0.448278764999952 ], [ 100.040322851, -0.448084904999973 ], [ 100.040516712, -0.447947325999962 ], [ 100.040748094, -0.447822254999958 ], [ 100.040835644, -0.447747211999972 ], [ 100.040904433, -0.447565857999969 ], [ 100.040929448, -0.447353236999967 ], [ 100.040941955, -0.447121853999938 ], [ 100.041067026, -0.446884218999979 ], [ 100.041167083, -0.446752893999936 ], [ 100.041329676, -0.446596553999943 ], [ 100.041592326, -0.446358917999939 ], [ 100.041742412, -0.446171310999941 ], [ 100.041980048, -0.445896153999969 ], [ 100.042180162, -0.445583474999982 ], [ 100.042311487, -0.445370853999973 ], [ 100.042642927, -0.444695467999962 ], [ 100.042793012, -0.444376535999936 ], [ 100.042924337, -0.444082617999926 ], [ 100.043080677, -0.443732417999972 ], [ 100.043230762, -0.443394724999969 ], [ 100.04341837, -0.443207117999977 ], [ 100.043599723, -0.443069538999961 ], [ 100.043812345, -0.442931959999965 ], [ 100.04404998, -0.442831902999957 ], [ 100.044218827, -0.442769367999985 ], [ 100.044286342, -0.442741747999946 ], [ 100.044301687, -0.44273653599993 ], [ 100.044368913, -0.442722465999963 ], [ 100.044381118, -0.442721839999934 ], [ 100.044429885, -0.442719338999959 ], [ 100.044472097, -0.442728718999946 ], [ 100.044526815, -0.442745916999974 ], [ 100.044564337, -0.442759986999938 ], [ 100.044620619, -0.442775620999951 ], [ 100.044670648, -0.442785000999952 ], [ 100.044733183, -0.442792817999935 ], [ 100.044803536, -0.442802198999976 ], [ 100.044864508, -0.442803761999927 ], [ 100.044917664, -0.442797508999945 ], [ 100.044981763, -0.442774057999948 ], [ 100.045041172, -0.442759986999938 ], [ 100.045084947, -0.44273653599993 ], [ 100.045108398, -0.442711521999969 ], [ 100.045131849, -0.442681816999936 ], [ 100.045139962, -0.442672930999953 ], [ 100.04516468, -0.442645858999921 ], [ 100.045208485, -0.442613358999945 ], [ 100.045250666, -0.442600520999973 ], [ 100.045303822, -0.442580196999928 ], [ 100.045363231, -0.442548928999945 ], [ 100.045405442, -0.442523914999925 ], [ 100.045449217, -0.442498899999976 ], [ 100.045486739, -0.442475449999972 ], [ 100.045532077, -0.44244261799998 ], [ 100.045575852, -0.442409786999973 ], [ 100.045608684, -0.442387899999983 ], [ 100.045646205, -0.44236132199995 ], [ 100.04568529, -0.442340997999961 ], [ 100.045704141, -0.442327382999969 ], [ 100.04607456, -0.442118499999944 ], [ 100.04621569, -0.442042509999969 ], [ 100.04628373, -0.442024359999949 ], [ 100.04632426, -0.442013559999968 ], [ 100.04647625, -0.442017179999945 ], [ 100.04677661, -0.442071459999972 ], [ 100.04707764, -0.442109769999943 ], [ 100.04717467, -0.442122119999969 ], [ 100.04726876, -0.442132979999949 ], [ 100.04737906, -0.442172259999955 ], [ 100.04739904, -0.442176399999944 ], [ 100.04786224, -0.442194499999974 ], [ 100.04791291, -0.442161929999948 ], [ 100.04794548, -0.442104029999946 ], [ 100.04798166, -0.442028029999967 ], [ 100.04803957, -0.441991839999961 ], [ 100.0481228, -0.441977369999961 ], [ 100.04824584, -0.441923089999938 ], [ 100.04835078, -0.441872419999929 ], [ 100.04849915, -0.441854329999959 ], [ 100.04870904, -0.441883279999956 ], [ 100.04902388, -0.441973749999935 ], [ 100.04924101, -0.441995459999935 ], [ 100.04938214, -0.441955659999967 ], [ 100.04964631, -0.441829 ], [ 100.04975488, -0.441753 ], [ 100.04979106, -0.441677009999984 ], [ 100.04982363, -0.441525019999975 ], [ 100.04983449, -0.441333219999943 ], [ 100.04982363, -0.441166759999931 ], [ 100.04983811, -0.441061809999953 ], [ 100.04995029, -0.440949629999983 ], [ 100.05003352, -0.440888109999957 ], [ 100.05018189, -0.440873639999961 ], [ 100.05026151, -0.440837449999956 ], [ 100.05029769, -0.440761449999976 ], [ 100.05031217, -0.440627559999946 ], [ 100.05032303, -0.440341669999952 ], [ 100.05033388, -0.44028376999995 ], [ 100.05043596, -0.440090959999965 ], [ 100.05048371, -0.440019129999945 ], [ 100.05050636, -0.439982489999974 ], [ 100.05053301, -0.439932519999967 ], [ 100.05054167, -0.439917199999971 ], [ 100.05055606, -0.439895619999955 ], [ 100.05056166, -0.439887219999947 ], [ 100.05058231, -0.439866559999926 ], [ 100.05060696, -0.439837909999944 ], [ 100.05065422, -0.439800019999949 ], [ 100.05067159, -0.439783279999975 ], [ 100.05069757, -0.439763289999978 ], [ 100.05074007, -0.439736389999959 ], [ 100.05074733, -0.439730099999965 ], [ 100.05081066, -0.439688479999978 ], [ 100.0508651, -0.439676709999959 ], [ 100.05087761, -0.439674 ], [ 100.05096084, -0.439619719999944 ], [ 100.05103864, -0.439527439999944 ], [ 100.05105493, -0.439409829999934 ], [ 100.05106036, -0.439252419999953 ], [ 100.05105918, -0.439243379999937 ], [ 100.0510694, -0.43920174999994 ], [ 100.05112007, -0.439131189999962 ], [ 100.05126663, -0.43903166999996 ], [ 100.05147652, -0.438892339999945 ], [ 100.05158146, -0.438819969999944 ], [ 100.05165022, -0.43874216999996 ], [ 100.051757263, -0.438657654999926 ], [ 100.052482924, -0.440202275999982 ], [ 100.053145803, -0.442078347999943 ], [ 100.053458481, -0.44307891899996 ], [ 100.053546031, -0.443979433999977 ], [ 100.053195831, -0.445367726999972 ], [ 100.052870645, -0.446030605999967 ], [ 100.05261852, -0.446377277999944 ], [ 100.052570474, -0.446443341999951 ], [ 100.051945116, -0.447619012999955 ], [ 100.051507366, -0.448119298999933 ], [ 100.050894516, -0.448707134999957 ], [ 100.05087054, -0.448727514999972 ], [ 100.05039423, -0.449132377999947 ], [ 100.050269159, -0.449357506999947 ], [ 100.049893945, -0.450758306999944 ], [ 100.049706337, -0.451396171999929 ], [ 100.04934363, -0.45230919299996 ], [ 100.04916853, -0.452959564999961 ], [ 100.049018444, -0.453384807999951 ], [ 100.048960234, -0.453541526999966 ], [ 100.048855851, -0.453822557999963 ], [ 100.048780809, -0.453847571999971 ], [ 100.04838058, -0.453897600999942 ], [ 100.04803038, -0.453960136999974 ], [ 100.047667672, -0.454110221999951 ], [ 100.047292458, -0.454385378999971 ], [ 100.047004794, -0.454648029999929 ], [ 100.046341915, -0.45552352999994 ], [ 100.046116786, -0.456011307999967 ], [ 100.045973286, -0.456310267999929 ], [ 100.045966701, -0.45632398699996 ], [ 100.045766586, -0.456711708999937 ], [ 100.045553965, -0.456999372999972 ], [ 100.045303822, -0.457399601999951 ], [ 100.045066186, -0.457737294999964 ], [ 100.044966129, -0.457937408999952 ], [ 100.044791029, -0.458250087999945 ], [ 100.044665957, -0.458400172999969 ], [ 100.044588883, -0.458496515999969 ], [ 100.04427284, -0.459693649999965 ], [ 100.04426751, -0.459922839999934 ], [ 100.04429949, -0.460279949999973 ], [ 100.04429949, -0.46059553999993 ], [ 100.0443328, -0.460823599999969 ], [ 100.04437011, -0.461044799999976 ], [ 100.0443919, -0.461125779999975 ], [ 100.0444947, -0.461507849999971 ], [ 100.0445433, -0.461839319999964 ], [ 100.04473122, -0.463120829999989 ], [ 100.04483782, -0.463792399999937 ], [ 100.04521092, -0.46554063999998 ], [ 100.0453495, -0.466212219999931 ], [ 100.04535136, -0.466459699999978 ], [ 100.04536016, -0.467629989999986 ], [ 100.04532519, -0.46808460999995 ], [ 100.04531752, -0.468184309999968 ], [ 100.04514696, -0.468504109999968 ], [ 100.0441236, -0.469292949999956 ], [ 100.043866749, -0.46960444699994 ], [ 100.04385612, -0.469623773999964 ], [ 100.043821725, -0.469695689999979 ], [ 100.04378264, -0.46974415499995 ], [ 100.043752936, -0.469786366999924 ], [ 100.043702907, -0.469858282999952 ], [ 100.043634118, -0.469909874999928 ], [ 100.043576272, -0.469936451999963 ], [ 100.043502793, -0.46996302999998 ], [ 100.043452764, -0.469969283999948 ], [ 100.043419427, -0.469969283999948 ], [ 100.042367099, -0.471351992999932 ], [ 100.041891828, -0.472352564999941 ], [ 100.041066356, -0.473903450999958 ], [ 100.04074117, -0.47502909399998 ], [ 100.040703649, -0.475466843999929 ], [ 100.040591085, -0.476279808999956 ], [ 100.040678635, -0.47683012299996 ], [ 100.041522867, -0.47917521299996 ], [ 100.041904335, -0.479713019999958 ], [ 100.042811103, -0.480432180999975 ], [ 100.043448967, -0.480626041999931 ], [ 100.043730378, -0.480676070999958 ], [ 100.043915620317918, -0.480974780263291 ], [ 100.044116091056111, -0.481392427634516 ], [ 100.044316561794304, -0.481826780900591 ], [ 100.044700797375825, -0.482411487220307 ], [ 100.044854458, -0.482681903999948 ], [ 100.045223419, -0.482219139999932 ], [ 100.045448547, -0.482000264999957 ], [ 100.045742465, -0.481600035999974 ], [ 100.045980548, -0.481480994999967 ], [ 100.04628809, -0.481526556999946 ], [ 100.046694572, -0.48133269599993 ], [ 100.047107308, -0.481138834999975 ], [ 100.047501309, -0.480921628999967 ], [ 100.04751506, -0.48091404899998 ], [ 100.047595086, -0.480869930999969 ], [ 100.04795154, -0.480644802999957 ], [ 100.048185690021484, -0.480562161686337 ], [ 100.048376783, -0.48049471699994 ], [ 100.048708222, -0.480419673999968 ], [ 100.049033408, -0.480407166999955 ], [ 100.049314819, -0.480438434999951 ], [ 100.049690033, -0.480563505999953 ], [ 100.050090262, -0.480682323999933 ], [ 100.050459223, -0.480744859999967 ], [ 100.050628069, -0.480794889 ], [ 100.050647173244229, -0.480899962041228 ], [ 100.050554995169378, -0.48107574348632 ], [ 100.050427169893354, -0.481336310395139 ], [ 100.05030917733086, -0.481555088271411 ], [ 100.050154312092602, -0.481823029715385 ], [ 100.050065817670742, -0.481992644023956 ], [ 100.050028944994949, -0.48211063658644 ], [ 100.050097773989734, -0.482290083608551 ], [ 100.050193642946752, -0.482378578030414 ], [ 100.050343591828238, -0.482528526911904 ], [ 100.050429628071711, -0.482604730441842 ], [ 100.050523038850343, -0.482676017615009 ], [ 100.05058449330997, -0.482759595680102 ], [ 100.050635018724876, -0.482877371422304 ], [ 100.050640576, -0.482946117999973 ], [ 100.050740634, -0.483608996999979 ], [ 100.051015791, -0.483790349999941 ], [ 100.051359737, -0.483884153999953 ], [ 100.053054456, -0.484622074999955 ], [ 100.055268221, -0.48557261799994 ], [ 100.058069821, -0.486660739999939 ], [ 100.05969575, -0.486948404999966 ], [ 100.060933958, -0.487161025999973 ], [ 100.061871994, -0.487436182999944 ], [ 100.062322251, -0.48757376199996 ], [ 100.062485579, -0.487617581999933 ], [ 100.062727952, -0.486126059999952 ], [ 100.063178209, -0.485075458999968 ], [ 100.063678495, -0.483849758999949 ], [ 100.064353881, -0.482599043999933 ], [ 100.065429495, -0.480747986999971 ], [ 100.065899064, -0.478822753999964 ], [ 100.066617674, -0.475876452999958 ], [ 100.066630181, -0.475632563999967 ], [ 100.066648942, -0.475394927999962 ], [ 100.06668021, -0.475101009999947 ], [ 100.066811535, -0.474757063999968 ], [ 100.066880324, -0.474175481999965 ], [ 100.066905338, -0.47404415599993 ], [ 100.066955367, -0.473794013999965 ], [ 100.066989797, -0.473714279999972 ], [ 100.067074185, -0.473518855999953 ], [ 100.067336835, -0.471649037999953 ], [ 100.067418131, -0.471286330999938 ], [ 100.067440661354297, -0.47091477865125 ], [ 100.067443146, -0.470873594999943 ], [ 100.067454712, -0.470661544999934 ], [ 100.067449631, -0.47064376399993 ], [ 100.067443622, -0.470615217999975 ], [ 100.067440617, -0.470586671999972 ], [ 100.067437612, -0.470555121999952 ], [ 100.067431603, -0.470528078999967 ], [ 100.067422588, -0.470489015999934 ], [ 100.067418081, -0.470448451999979 ], [ 100.067413574, -0.470328259999976 ], [ 100.067415076, -0.470283187999938 ], [ 100.067415076, -0.470238115999967 ], [ 100.067419583, -0.47018402899994 ], [ 100.067452636, -0.470105904999972 ], [ 100.067472167, -0.470071348999979 ], [ 100.067493029, -0.470045271999944 ], [ 100.067502215, -0.470033788999962 ], [ 100.067529259, -0.470000736999965 ], [ 100.067553297, -0.469985712999974 ], [ 100.06758635, -0.469972190999955 ], [ 100.067613393, -0.469967683999935 ], [ 100.067616283, -0.469967201999961 ], [ 100.067718541, -0.46989334899996 ], [ 100.067790219, -0.470032488999952 ], [ 100.067940305, -0.47025761799995 ], [ 100.067950912, -0.470353080999934 ], [ 100.068021667, -0.47035 ], [ 100.068784428, -0.470081890999954 ], [ 100.069657315, -0.469848378999931 ], [ 100.071269653, -0.469270161999938 ], [ 100.073393492, -0.468725302999929 ], [ 100.074413333, -0.468708332999949 ], [ 100.074445859075169, -0.468720822202089 ], [ 100.074950232, -0.468914334999969 ], [ 100.075584048, -0.469425835999969 ], [ 100.075962113, -0.470504433999962 ], [ 100.076340178, -0.471416238999956 ], [ 100.077196667, -0.472061666999944 ], [ 100.077930277, -0.472272445999983 ], [ 100.078708648, -0.472572674999987 ], [ 100.078918452, -0.47260583499997 ], [ 100.079093552, -0.472693384999961 ], [ 100.079368709, -0.472868484999938 ], [ 100.079643867, -0.47306859899994 ], [ 100.079944038, -0.473193670999937 ], [ 100.080369281, -0.473268712999925 ], [ 100.080494353, -0.473393784999932 ], [ 100.080494353, -0.473618913999935 ], [ 100.080356774, -0.47388156399995 ], [ 100.080194181, -0.47404415599993 ], [ 100.079969052, -0.474219256999968 ], [ 100.079668881, -0.474344327999971 ], [ 100.079593838, -0.474381848999948 ], [ 100.079381217, -0.474419370999952 ], [ 100.079068538, -0.474419370999952 ], [ 100.078955974, -0.474406863999951 ], [ 100.078805888, -0.47450692099994 ], [ 100.078893438, -0.474744556999946 ], [ 100.079043524, -0.475007206999981 ], [ 100.079293667, -0.475307377999974 ], [ 100.079352879, -0.475355203999928 ], [ 100.079618852, -0.475570027999941 ], [ 100.079881502, -0.475795156999939 ], [ 100.080094124, -0.476020285999942 ], [ 100.080231703, -0.476307949999981 ], [ 100.080381788, -0.476670656999942 ], [ 100.080494353, -0.477658721999947 ], [ 100.081094696, -0.479809950999941 ], [ 100.081444896, -0.482161293999986 ], [ 100.081795096, -0.482836679999933 ], [ 100.081982703, -0.483149358999926 ], [ 100.082175601, -0.483380835999989 ], [ 100.082187126, -0.483503772999946 ], [ 100.082487353, -0.48398316699997 ], [ 100.082647151, -0.484418980999982 ], [ 100.082574516, -0.485063015999979 ], [ 100.082579358, -0.485595676999941 ], [ 100.082690733, -0.486084755999971 ], [ 100.082729471, -0.486573834999946 ], [ 100.082632624, -0.487009648999959 ], [ 100.082692137, -0.487276040999976 ], [ 100.082622939, -0.487440619999978 ], [ 100.082356609, -0.487656104999939 ], [ 100.082012801, -0.487881275999942 ], [ 100.081785209, -0.487995070999954 ], [ 100.081770296, -0.488069638999943 ], [ 100.081744291, -0.488076139999974 ], [ 100.081724832, -0.488173435999953 ], [ 100.081758191, -0.488334669999975 ], [ 100.081761484, -0.488365407999934 ], [ 100.08178321, -0.48856818099996 ], [ 100.081816568, -0.488726634999982 ], [ 100.081860758, -0.488918279999949 ], [ 100.081785715, -0.489274733999942 ], [ 100.081804476, -0.489581158999957 ], [ 100.081804476, -0.489750004999963 ], [ 100.08182949, -0.489993894999942 ], [ 100.081873265, -0.490375362999942 ], [ 100.082026049, -0.490064121999982 ], [ 100.082595215, -0.49004021099995 ], [ 100.083253359, -0.490503902999934 ], [ 100.083911504, -0.490773143999946 ], [ 100.085227794, -0.490488945999966 ], [ 100.086274842, -0.490189788999939 ], [ 100.086992818, -0.490189788999939 ], [ 100.087965077, -0.490309451999971 ], [ 100.089550608, -0.490354324999939 ], [ 100.089812639, -0.490312399999938 ], [ 100.090354515, -0.490526892999981 ], [ 100.091977106, -0.49081535299996 ], [ 100.093034795, -0.491139871999968 ], [ 100.094780584, -0.490896482999981 ], [ 100.094930823, -0.490911506999971 ], [ 100.095198251, -0.490947563999952 ], [ 100.095425783, -0.491018667999932 ], [ 100.095438634, -0.491022683999967 ], [ 100.095727095, -0.491184943999938 ], [ 100.095928417, -0.491305134999949 ], [ 100.096285988, -0.491404293999955 ], [ 100.096655578, -0.491545518999948 ], [ 100.096938029, -0.491644677999946 ], [ 100.097133341, -0.491722801999968 ], [ 100.097271562, -0.49178590299994 ], [ 100.097367715, -0.491830974999976 ], [ 100.097436826, -0.491782897999943 ], [ 100.097529974, -0.491752849999961 ], [ 100.097626128, -0.491743835999966 ], [ 100.09774031, -0.491749845999954 ], [ 100.097881536, -0.49178590299994 ], [ 100.098019757, -0.491839989999966 ], [ 100.098200045, -0.491888065999955 ], [ 100.098404371, -0.491924123999979 ], [ 100.098596678, -0.491996238999944 ], [ 100.098837062, -0.492092392999946 ], [ 100.098969273, -0.492152488999984 ], [ 100.09916158, -0.492152488999984 ], [ 100.099245714, -0.492056334999975 ], [ 100.099222761664976, -0.491815331662891 ], [ 100.099221676, -0.491803931999925 ], [ 100.099269753, -0.491467394999978 ], [ 100.099534175, -0.491166914999952 ], [ 100.099666386, -0.490193359999986 ], [ 100.099594271, -0.489892879999955 ], [ 100.099459607, -0.48979312899997 ], [ 100.100035987, -0.489782836999952 ], [ 100.100386187, -0.489807850999975 ], [ 100.100949008, -0.489807850999975 ], [ 100.101399266, -0.489545200999944 ], [ 100.101736959, -0.489132464999957 ], [ 100.101974594, -0.48873223599998 ], [ 100.102237245, -0.488156907999948 ], [ 100.102437359, -0.487794199999945 ], [ 100.10291263, -0.487243885999928 ], [ 100.103362888, -0.486668556999973 ], [ 100.103813145, -0.486193285999954 ], [ 100.104213374, -0.485905620999969 ], [ 100.104626109, -0.48565547799996 ], [ 100.104963802, -0.485492884999935 ], [ 100.106339588, -0.485192713999939 ], [ 100.107640332, -0.485217727999952 ], [ 100.108190646, -0.484992599999938 ], [ 100.108293991, -0.48491916999996 ], [ 100.108745701270223, -0.484599357448885 ], [ 100.109151590169986, -0.484317213999929 ], [ 100.109841589, -0.48374188499997 ], [ 100.110252517, -0.483293600999959 ], [ 100.110942218, -0.482541198999973 ], [ 100.111542561, -0.481840798999935 ], [ 100.112167919, -0.480965297999946 ], [ 100.113331083, -0.479664554999943 ], [ 100.113681321457165, -0.479470754843329 ], [ 100.11378134, -0.479414411999931 ], [ 100.114094019, -0.479301847999981 ], [ 100.114569291, -0.479164268999965 ], [ 100.11584502, -0.479026690999944 ], [ 100.115906351, -0.479018512999967 ], [ 100.11591784, -0.479018512999967 ], [ 100.116047047, -0.479021517999967 ], [ 100.116095753, -0.479029635999949 ], [ 100.116119162, -0.47903353699997 ], [ 100.116167239, -0.479051565999959 ], [ 100.116239354, -0.479084618999937 ], [ 100.116314474, -0.479120675999983 ], [ 100.116404618, -0.479147719999959 ], [ 100.116475015, -0.479159134999974 ], [ 100.117298975, -0.479406594999943 ], [ 100.118565324, -0.47973178099994 ], [ 100.120510185, -0.480375898999972 ], [ 100.123136686, -0.481564077999963 ], [ 100.124573898720485, -0.482155282473806 ], [ 100.124900193, -0.482289492999936 ], [ 100.126526122, -0.482777270999979 ], [ 100.127639258, -0.482852313999959 ], [ 100.12837718, -0.482939863999949 ], [ 100.128599822, -0.48284709699993 ], [ 100.129115102, -0.483141541999938 ], [ 100.12968229, -0.484225125999964 ], [ 100.129766255, -0.484253114999951 ], [ 100.129991384, -0.484253114999951 ], [ 100.130178991, -0.48410302899993 ], [ 100.130254034, -0.483915421999949 ], [ 100.130254034, -0.483677785999931 ], [ 100.130153976, -0.483315078999966 ], [ 100.130103948, -0.482977385999971 ], [ 100.130178991, -0.482714735999936 ], [ 100.130366598, -0.482502113999941 ], [ 100.130566712, -0.482327013999963 ], [ 100.130904405, -0.482101884999965 ], [ 100.131217084, -0.481951799999933 ], [ 100.131704863, -0.481714163999928 ], [ 100.131713346053488, -0.481710770778532 ], [ 100.132142613, -0.481539063999951 ], [ 100.132580363, -0.481413991999941 ], [ 100.132868027, -0.481338948999959 ], [ 100.133230734, -0.48125139899997 ], [ 100.133493384, -0.481226384999964 ], [ 100.133655977, -0.481213877999955 ], [ 100.133893613, -0.481201370999953 ], [ 100.133992744, -0.481219394999925 ], [ 100.133996797, -0.481221694999932 ], [ 100.134029628, -0.481237328999954 ], [ 100.134059333, -0.481252962999979 ], [ 100.13408266, -0.481259442999948 ], [ 100.13407527, -0.481271079999943 ], [ 100.13384395, -0.481635409999975 ], [ 100.13367387, -0.48191405999995 ], [ 100.1335246, -0.482185049999951 ], [ 100.13320729, -0.483532129999966 ], [ 100.1326436, -0.485589619999938 ], [ 100.132597166, -0.485875354999964 ], [ 100.131964436359269, -0.485407295141861 ], [ 100.131264473323085, -0.484952319168347 ], [ 100.130797831298992, -0.485232304382817 ], [ 100.130307857173648, -0.486089759102132 ], [ 100.129981207756757, -0.486369744316603 ], [ 100.129491233631441, -0.486731391885294 ], [ 100.129642892289269, -0.487180534833506 ], [ 100.129578729010987, -0.487367191643153 ], [ 100.129228747492888, -0.488382138045608 ], [ 100.128645444962743, -0.489455414701077 ], [ 100.128470454203708, -0.491006999431266 ], [ 100.128564322058509, -0.491331926620977 ], [ 100.12821558, -0.491696329999977 ], [ 100.12794491, -0.492052709999938 ], [ 100.12692612, -0.494004769999951 ], [ 100.126851333359923, -0.494149357999392 ], [ 100.12659222005658, -0.494069337714535 ], [ 100.126125578032472, -0.493981842335013 ], [ 100.125623937856545, -0.493958510233807 ], [ 100.124923974820362, -0.494180165195263 ], [ 100.124579826327576, -0.494798465877218 ], [ 100.124690653808315, -0.495580091267614 ], [ 100.124960220070989, -0.496073435930303 ], [ 100.125555591791255, -0.49650055042527 ], [ 100.12518779, -0.497056909999974 ], [ 100.124817002, -0.497768557999962 ], [ 100.12478054, -0.497838539999982 ], [ 100.12461534, -0.498155619999983 ], [ 100.12451029, -0.498413669999931 ], [ 100.12434923, -0.498832419999925 ], [ 100.12388217, -0.500064489999943 ], [ 100.12384311, -0.500117429999941 ], [ 100.12357617, -0.500479209999987 ], [ 100.12308495, -0.500841589999943 ], [ 100.12276284, -0.500978479999961 ], [ 100.12234409, -0.501179799999932 ], [ 100.12215082, -0.501228119999957 ], [ 100.12141607, -0.501391949999971 ], [ 100.12099361, -0.501725159999981 ], [ 100.12085508, -0.501992319999944 ], [ 100.120553875, -0.504573552999952 ], [ 100.12052748, -0.50479974999996 ], [ 100.12042062, -0.505715529999973 ], [ 100.120357793, -0.505890486999937 ], [ 100.120304272, -0.505952241999982 ], [ 100.120063539, -0.506180938999939 ], [ 100.119774659, -0.50649389199998 ], [ 100.119582073, -0.506854990999963 ], [ 100.11926912, -0.507492933999977 ], [ 100.11898024, -0.508588268999978 ], [ 100.118570994, -0.509563237999938 ], [ 100.118306187, -0.510177107999942 ], [ 100.118005271, -0.510851159999958 ], [ 100.117762579, -0.511304887999927 ], [ 100.117641915, -0.511389800999957 ], [ 100.117274797, -0.511636551999976 ], [ 100.116967862, -0.511835156999952 ], [ 100.116775275, -0.512063852999968 ], [ 100.116704523, -0.512197909999946 ], [ 100.116546579, -0.512497172999937 ], [ 100.116522506, -0.512677722999974 ], [ 100.116335938, -0.513327701999979 ], [ 100.116143351, -0.513748984999955 ], [ 100.116016966, -0.514122120999968 ], [ 100.115950765, -0.514705898999978 ], [ 100.115794288, -0.515036906999976 ], [ 100.115716262, -0.515151344999941 ], [ 100.11541003, -0.515316689999966 ], [ 100.11444993, -0.516054559999937 ], [ 100.11380725, -0.516548499999948 ], [ 100.113352042, -0.516890069999942 ], [ 100.11320534, -0.51700014999995 ], [ 100.11281177, -0.517362235999944 ], [ 100.112798666, -0.517378787999975 ], [ 100.112784372, -0.517393833999969 ], [ 100.11276707, -0.517414897999972 ], [ 100.112749015, -0.517443484999949 ], [ 100.112732464, -0.51746906299997 ], [ 100.112709896, -0.51750667799997 ], [ 100.112685822, -0.517552566999935 ], [ 100.11266551, -0.517591686999941 ], [ 100.112631657, -0.517651117999952 ], [ 100.112614337, -0.517673813999976 ], [ 100.112613602, -0.517675942999972 ], [ 100.112517309, -0.517832419999942 ], [ 100.112402961, -0.517988895999969 ], [ 100.112300649, -0.518175463999969 ], [ 100.112150191, -0.518392123999955 ], [ 100.111885385, -0.518720122999989 ], [ 100.111752982, -0.518891644999941 ], [ 100.111370818, -0.519249735999948 ], [ 100.111145131, -0.519424266999976 ], [ 100.110949535, -0.519574724999926 ], [ 100.110738894, -0.519749256999946 ], [ 100.110456032, -0.519986980999933 ], [ 100.11021229, -0.520155493999937 ], [ 100.110061832, -0.520296924999976 ], [ 100.110022759467341, -0.52033432390032 ], [ 100.109998639, -0.520357107999929 ], [ 100.109986603, -0.520387198999982 ], [ 100.109968548, -0.520433339999966 ], [ 100.109968548, -0.520501547999969 ], [ 100.109944474, -0.520549693999965 ], [ 100.109896328, -0.520573767999962 ], [ 100.109878273, -0.520579785999927 ], [ 100.109763925, -0.520579785999927 ], [ 100.109655595, -0.520543675999936 ], [ 100.109559301, -0.520549693999965 ], [ 100.109511155, -0.52060987799996 ], [ 100.10945699, -0.520712188999943 ], [ 100.109438935, -0.520820518999933 ], [ 100.109396807, -0.520892738999986 ], [ 100.109306532, -0.520983013999967 ], [ 100.109210238, -0.521079307 ], [ 100.109119964, -0.521205691999966 ], [ 100.109065799, -0.521320039999976 ], [ 100.109011634, -0.52156077299998 ], [ 100.109011634, -0.521717249999933 ], [ 100.108764882, -0.52254777899998 ], [ 100.108506094, -0.52296906199996 ], [ 100.108301471, -0.523312105999934 ], [ 100.108181105, -0.523522747999952 ], [ 100.108114903, -0.523751443999967 ], [ 100.108036665, -0.523998195999982 ], [ 100.107964445, -0.524244946999953 ], [ 100.107856115, -0.524624101999966 ], [ 100.107735748, -0.524967145999948 ], [ 100.107633437, -0.525243988999931 ], [ 100.107531125, -0.525484721999932 ], [ 100.10740474, -0.525695363999952 ], [ 100.1072603, -0.525833784999971 ], [ 100.107043641, -0.525972206999933 ], [ 100.106977439, -0.526008316999941 ], [ 100.106688559, -0.526200902999965 ], [ 100.106604303, -0.526387470999967 ], [ 100.106538101, -0.526549965999953 ], [ 100.106441808, -0.526748570999934 ], [ 100.106369588, -0.526880973999936 ], [ 100.106267277, -0.526947175999973 ], [ 100.106152928, -0.527019395999964 ], [ 100.105954324, -0.527218000999944 ], [ 100.105936269, -0.527224018999955 ], [ 100.105888122, -0.527404568999947 ], [ 100.105845994, -0.527500861999955 ], [ 100.105779792, -0.527615209999968 ], [ 100.105244161, -0.52797630999993 ], [ 100.105099721, -0.528192969999968 ], [ 100.104967318, -0.528313335999947 ], [ 100.104786768, -0.528433702999972 ], [ 100.10463631, -0.528523977999962 ], [ 100.104521962, -0.528590178999931 ], [ 100.104490868, -0.528605725999964 ], [ 100.104473815, -0.528614251999951 ], [ 100.104434365, -0.528651072999945 ], [ 100.10442524, -0.52867337999993 ], [ 100.10442337, -0.528677949999972 ], [ 100.10435823, -0.528772039999981 ], [ 100.10435823, -0.528819089999963 ], [ 100.10452469, -0.529003649999946 ], [ 100.1047382, -0.529329339999949 ], [ 100.10486848, -0.529571799999938 ], [ 100.10500961, -0.529676739999964 ], [ 100.10528102, -0.529669499999964 ], [ 100.10551986, -0.529680359999926 ], [ 100.10579851, -0.529763589999968 ], [ 100.10597221, -0.52989024999994 ], [ 100.10609525, -0.529911959999937 ], [ 100.10621467, -0.529973479999967 ], [ 100.10625793, -0.530025059999959 ], [ 100.10630876, -0.530085669999951 ], [ 100.10632305, -0.530135199999964 ], [ 100.10636304, -0.530273839999953 ], [ 100.10633047, -0.530494589999929 ], [ 100.10635218, -0.530610389999939 ], [ 100.10646437, -0.530704479999941 ], [ 100.10661274, -0.530798569999946 ], [ 100.10669235, -0.530965029999955 ], [ 100.10682987, -0.531218349999972 ], [ 100.10706509, -0.531497 ], [ 100.10730031, -0.531670699999959 ], [ 100.10749934, -0.531869729999923 ], [ 100.10776351, -0.532047049999958 ], [ 100.107814, -0.532073579999972 ], [ 100.10797702, -0.532159229999939 ], [ 100.10825205, -0.532354649999953 ], [ 100.10842937, -0.532553679999985 ], [ 100.10848627, -0.532659349999966 ], [ 100.10844023, -0.532825089999964 ], [ 100.10837114, -0.532912369999965 ], [ 100.108370233, -0.532933214999968 ], [ 100.108337581, -0.532947447999961 ], [ 100.108283416, -0.532968511999969 ], [ 100.108205178, -0.533037722999954 ], [ 100.108138976, -0.533115960999963 ], [ 100.108003564, -0.533170125999964 ], [ 100.107877179, -0.533170125999964 ], [ 100.107753803, -0.533170125999964 ], [ 100.107642464, -0.533179152999944 ], [ 100.107531125, -0.533233317999928 ], [ 100.107492006, -0.533413867999968 ], [ 100.107422795, -0.533552289999933 ], [ 100.107425804, -0.533681683999935 ], [ 100.107488997, -0.533820104999968 ], [ 100.107558208, -0.533922416999939 ], [ 100.107618391, -0.533970562999965 ], [ 100.107699638, -0.534015700999935 ], [ 100.107826023, -0.534033755999939 ], [ 100.108084811, -0.534054819999939 ], [ 100.108313508, -0.534072874999931 ], [ 100.108548222, -0.534145094999937 ], [ 100.108699429, -0.534207197999939 ], [ 100.108704699, -0.534211296999958 ], [ 100.108752846, -0.534241387999949 ], [ 100.108816038, -0.534274488999929 ], [ 100.108855157, -0.53430157099996 ], [ 100.108906313, -0.534334671999941 ], [ 100.108966496, -0.53437680099996 ], [ 100.109026679, -0.534418928999968 ], [ 100.109068808, -0.534443001999943 ], [ 100.109088622, -0.534454147999963 ], [ 100.109116954, -0.534470084999957 ], [ 100.109165101, -0.534512212999977 ], [ 100.10920422, -0.534578413999963 ], [ 100.109214072, -0.534592813999957 ], [ 100.109243339, -0.534635588999952 ], [ 100.109261394, -0.534683734999931 ], [ 100.109306532, -0.534804101999953 ], [ 100.109327596, -0.534870302999935 ], [ 100.109369724, -0.53496960599995 ], [ 100.109414862, -0.53515918299997 ], [ 100.109450972, -0.535339732999946 ], [ 100.109466017, -0.535490190999955 ], [ 100.109472036, -0.535706850999937 ], [ 100.109607448, -0.536185307999981 ], [ 100.109589393, -0.536296646999976 ], [ 100.109607448, -0.536519324999975 ], [ 100.109730824, -0.536693855999945 ], [ 100.109821099, -0.536808204999948 ], [ 100.109932438, -0.536907506999976 ], [ 100.110049795, -0.537054955999967 ], [ 100.110122015, -0.537202404999966 ], [ 100.110200253, -0.537322771999926 ], [ 100.1102484, -0.537419064999948 ], [ 100.110263446, -0.537590586999963 ], [ 100.1102484, -0.537677852999938 ], [ 100.110203262, -0.537780163999967 ], [ 100.11014007, -0.537891503999957 ], [ 100.110082896, -0.537954695999936 ], [ 100.109977575, -0.538035942999959 ], [ 100.109890309, -0.538129226999956 ], [ 100.109757906, -0.538210474999966 ], [ 100.109676659, -0.538276675999963 ], [ 100.109651995, -0.538311616999985 ], [ 100.109604439, -0.538378987999985 ], [ 100.109568329, -0.53843917099993 ], [ 100.109532219, -0.538523427999963 ], [ 100.109505136, -0.538589628999944 ], [ 100.109473841, -0.538640182999932 ], [ 100.109396807, -0.538685922999946 ], [ 100.109249358, -0.538679903999939 ], [ 100.109135009, -0.538637775999973 ], [ 100.109038716, -0.538577592999958 ], [ 100.108924368, -0.538511390999939 ], [ 100.108816038, -0.538517409999944 ], [ 100.108710717, -0.538559537999972 ], [ 100.108608406, -0.538622729999937 ], [ 100.108590351, -0.538691940999976 ], [ 100.108611415, -0.538815316999949 ], [ 100.108659562, -0.538932673999962 ], [ 100.108671598, -0.539010911999986 ], [ 100.108641507, -0.539089150999931 ], [ 100.108563268, -0.539158360999978 ], [ 100.108500076, -0.539191461999974 ], [ 100.108418828, -0.539191461999974 ], [ 100.108307489, -0.539212525999977 ], [ 100.108307489, -0.539293773999937 ], [ 100.108331563, -0.539384048999983 ], [ 100.108373691, -0.539471313999971 ], [ 100.108361654, -0.539552561999936 ], [ 100.108325544, -0.539678946999974 ], [ 100.108253324, -0.539928706999945 ], [ 100.108229251, -0.540003935999949 ], [ 100.108144995, -0.540148375999938 ], [ 100.108036665, -0.540229623999956 ], [ 100.107934353, -0.54026573399995 ], [ 100.10787417, -0.540256705999989 ], [ 100.107816996, -0.540190503999954 ], [ 100.107798941, -0.54008518399996 ], [ 100.107783895, -0.540018981999938 ], [ 100.107699638, -0.539892596999947 ], [ 100.107600336, -0.539844450999968 ], [ 100.107531125, -0.539826395999965 ], [ 100.107464924, -0.53983241399993 ], [ 100.107329511, -0.53987153299994 ], [ 100.107248264, -0.539892596999947 ], [ 100.107115861, -0.539934725999963 ], [ 100.107007531, -0.539982871999943 ], [ 100.106935311, -0.540009954999969 ], [ 100.10682999, -0.540055091999933 ], [ 100.106772816, -0.540118284999954 ], [ 100.106703605, -0.540208558999953 ], [ 100.106622358, -0.540310870999976 ], [ 100.106520046, -0.540365035999974 ], [ 100.10639968, -0.540401145999969 ], [ 100.106306396, -0.540398136999954 ], [ 100.106207093, -0.540383090999966 ], [ 100.106089736, -0.540340962999956 ], [ 100.105942287, -0.54032892599998 ], [ 100.105830948, -0.540289806999967 ], [ 100.105725627, -0.540271751999968 ], [ 100.105587206, -0.540283787999963 ], [ 100.105478876, -0.54029883399995 ], [ 100.105340454, -0.540349989999936 ], [ 100.105238143, -0.540434246999951 ], [ 100.105168932, -0.540527530999956 ], [ 100.105123794, -0.54065090599994 ], [ 100.105075648, -0.540771272999961 ], [ 100.105015465, -0.540939785999977 ], [ 100.105003428, -0.541072188999984 ], [ 100.105021483, -0.541270793999963 ], [ 100.105015465, -0.541349031999979 ], [ 100.104948014, -0.541420570999945 ], [ 100.104916162, -0.54145435299995 ], [ 100.104801814, -0.541577728999922 ], [ 100.104696493, -0.541625874999963 ], [ 100.104576127, -0.541698094999969 ], [ 100.104503907, -0.541779342999977 ], [ 100.104395577, -0.541890681999979 ], [ 100.104299284, -0.541999011999964 ], [ 100.1042391, -0.542119377999945 ], [ 100.10420299, -0.542302936999937 ], [ 100.104221045, -0.542513578999949 ], [ 100.104314329, -0.542808476999937 ], [ 100.10434743, -0.542916806999923 ], [ 100.10434743, -0.543004071999978 ], [ 100.104326366, -0.543106383999944 ], [ 100.104293265, -0.543157539999925 ], [ 100.10424211, -0.543178603999936 ], [ 100.104184935, -0.543178603999936 ], [ 100.104112715, -0.543151520999969 ], [ 100.104013413, -0.543061245999987 ], [ 100.10391712, -0.543004071999978 ], [ 100.103823836, -0.542986016999987 ], [ 100.103742588, -0.542998053999962 ], [ 100.103667359, -0.543073282999962 ], [ 100.103598149, -0.543163557999942 ], [ 100.103534956, -0.543247814999974 ], [ 100.103441672, -0.543344107999934 ], [ 100.103384498, -0.543434382999978 ], [ 100.10333936, -0.543557757999973 ], [ 100.103354406, -0.543675115999977 ], [ 100.103372461, -0.543771408999937 ], [ 100.103423617, -0.543891775999963 ], [ 100.103477782, -0.54401214199993 ], [ 100.103598149, -0.544189682999969 ], [ 100.103658332, -0.544295002999945 ], [ 100.103682405, -0.544325094999985 ], [ 100.103754625, -0.544391296999945 ], [ 100.10380879, -0.544379259999971 ], [ 100.103884019, -0.544373241999954 ], [ 100.103941193, -0.544379259999971 ], [ 100.103974294, -0.544397314999978 ], [ 100.104010404, -0.54445147999996 ], [ 100.104070587, -0.544526708999964 ], [ 100.104103688, -0.544592910999942 ], [ 100.104178917, -0.544701240999922 ], [ 100.104196958, -0.544760284999935 ], [ 100.104212018, -0.544809569999931 ], [ 100.104212018, -0.544848689999983 ], [ 100.104145816, -0.544947991999956 ], [ 100.104037486, -0.544987110999952 ], [ 100.103983321, -0.544972064999974 ], [ 100.103923138, -0.544908872999946 ], [ 100.103878001, -0.544878780999969 ], [ 100.10380879, -0.544878780999969 ], [ 100.103769671, -0.54491188199995 ], [ 100.103718515, -0.544954009999972 ], [ 100.103655323, -0.544984101999952 ], [ 100.10355602, -0.545020211999944 ], [ 100.103471764, -0.545029238999975 ], [ 100.103381489, -0.545056321999944 ], [ 100.103291214, -0.545098449999952 ], [ 100.103255104, -0.545170669999954 ], [ 100.103254889, -0.545171242999974 ], [ 100.103218994, -0.545266962999964 ], [ 100.103255104, -0.545324136999965 ], [ 100.10325577, -0.545324432999966 ], [ 100.103336351, -0.545360246999964 ], [ 100.103420608, -0.545375292999952 ], [ 100.103501855, -0.545399365999968 ], [ 100.103583103, -0.54542945799995 ], [ 100.10363706950497, -0.545489089999649 ], [ 100.103667359, -0.545549824999974 ], [ 100.10370046, -0.545664172999984 ], [ 100.103709488, -0.545820648999949 ], [ 100.103694442, -0.545947033999937 ], [ 100.103709488, -0.546031290999966 ], [ 100.103733561, -0.546205821999934 ], [ 100.103793744, -0.54630512499995 ], [ 100.10388101, -0.546359289999948 ], [ 100.103938184, -0.546362298999947 ], [ 100.104046514, -0.54633822499995 ], [ 100.104154844, -0.54629910599994 ], [ 100.104236091, -0.546269014999952 ], [ 100.104326366, -0.546211840999953 ], [ 100.104359467, -0.546148647999932 ], [ 100.104371504, -0.546064391999943 ], [ 100.104392568, -0.545980134999984 ], [ 100.104452751, -0.545916942999951 ], [ 100.104506916, -0.54591092399994 ], [ 100.104591172, -0.545913932999959 ], [ 100.104648347, -0.545953052999948 ], [ 100.104720567, -0.545983143999936 ], [ 100.104768713, -0.546082446999948 ], [ 100.104774731, -0.546190775999953 ], [ 100.104699502, -0.546350261999974 ], [ 100.104603209, -0.54645558299996 ], [ 100.104500898, -0.546509747999958 ], [ 100.10441965, -0.546554884999981 ], [ 100.104341412, -0.546603031999951 ], [ 100.104272201, -0.546693306999945 ], [ 100.104248128, -0.546816681999928 ], [ 100.10424211, -0.546949085999924 ], [ 100.104227064, -0.547117598999941 ], [ 100.104193963, -0.547289120999952 ], [ 100.104157853, -0.547403468999969 ], [ 100.104073596, -0.547496752999962 ], [ 100.103992349, -0.547538881999965 ], [ 100.103896056, -0.547565963999952 ], [ 100.103775689, -0.547565963999952 ], [ 100.103694442, -0.547571981999969 ], [ 100.103580094, -0.547590036999974 ], [ 100.103498846, -0.54765322999998 ], [ 100.103462736, -0.547755540999956 ], [ 100.103474336, -0.547786473999967 ], [ 100.103480791, -0.547803687999938 ], [ 100.103493826, -0.547813760999931 ], [ 100.103546993, -0.547854843999978 ], [ 100.103622222, -0.547921044999955 ], [ 100.103688423, -0.547987246999979 ], [ 100.103799762, -0.548083539999939 ], [ 100.103862955, -0.548179833999941 ], [ 100.103878001, -0.548252052999941 ], [ 100.10388101, -0.548342327999935 ], [ 100.103884019, -0.548447648999971 ], [ 100.103884019, -0.548555978999968 ], [ 100.103896056, -0.548694399999939 ], [ 100.103914111, -0.548811757999946 ], [ 100.103965266, -0.548920087999931 ], [ 100.104040496, -0.54901638099995 ], [ 100.104124752, -0.549031426999941 ], [ 100.104248128, -0.54907054599994 ], [ 100.104317339, -0.549130728999956 ], [ 100.104365485, -0.54923905899995 ], [ 100.104422659, -0.549386507999947 ], [ 100.104431687, -0.549570066999938 ], [ 100.104422659, -0.549750616999975 ], [ 100.104407613, -0.549922138999941 ], [ 100.10438354, -0.550078615999953 ], [ 100.104353364, -0.550155217999935 ], [ 100.10435661, -0.550194539999954 ], [ 100.10431299, -0.55020616999997 ], [ 100.10423809, -0.550287379999935 ], [ 100.10415722, -0.550395489999972 ], [ 100.10404997, -0.550572139999927 ], [ 100.10401992, -0.550606989999955 ], [ 100.103894487, -0.550752424999932 ], [ 100.10386283, -0.55078912999994 ], [ 100.10379494, -0.550973809999964 ], [ 100.10357057, -0.551133039999978 ], [ 100.10329554, -0.551212649999977 ], [ 100.1029988, -0.551198179999977 ], [ 100.102784626, -0.551204296999978 ], [ 100.102747872, -0.551217019999975 ], [ 100.102660606, -0.551244101999946 ], [ 100.102606441, -0.551289239999965 ], [ 100.102522184, -0.551370486999933 ], [ 100.102495102, -0.551442706999973 ], [ 100.102495102, -0.551569091999967 ], [ 100.10253723, -0.55169246799995 ], [ 100.102567322, -0.55177973299994 ], [ 100.102591395, -0.551876026999939 ], [ 100.102636533, -0.551984357 ], [ 100.102705743, -0.552125786999973 ], [ 100.102723798, -0.552228098999931 ], [ 100.102765927, -0.552324391999956 ], [ 100.102820092, -0.552441748999972 ], [ 100.102868238, -0.552556097999977 ], [ 100.102868238, -0.552628317999967 ], [ 100.10289833, -0.552691509999931 ], [ 100.102928422, -0.552805857999947 ], [ 100.102874257, -0.552857013999934 ], [ 100.102808055, -0.552884095999966 ], [ 100.102726808, -0.55291117899998 ], [ 100.102624496, -0.552914187999931 ], [ 100.102543249, -0.552914187999931 ], [ 100.102440937, -0.552899141999941 ], [ 100.102320571, -0.552869050999967 ], [ 100.102203213, -0.552844976999957 ], [ 100.102079837, -0.552817894999986 ], [ 100.101974517, -0.552790811999956 ], [ 100.101857159, -0.552715582999951 ], [ 100.101787949, -0.552622298999957 ], [ 100.101649527, -0.552535032999981 ], [ 100.101553234, -0.552456794999959 ], [ 100.101195143, -0.552237125999971 ], [ 100.101002557, -0.552152869999939 ], [ 100.10084909, -0.55206861299996 ], [ 100.100722705, -0.551996392999969 ], [ 100.100599329, -0.551933200999938 ], [ 100.10034355, -0.551836907999927 ], [ 100.100159991, -0.551794778999978 ], [ 100.100060689, -0.551764687999944 ], [ 100.099983478, -0.551766718999952 ], [ 100.09997949, -0.551767809999951 ], [ 100.09933658, -0.551943649999939 ], [ 100.09867072, -0.552247629999957 ], [ 100.09839569, -0.552471989999963 ], [ 100.09833779, -0.552674639999958 ], [ 100.09838122, -0.553079949999935 ], [ 100.09848255, -0.553557629999946 ], [ 100.09856595, -0.553923339999933 ], [ 100.09867072, -0.55438271999998 ], [ 100.09867211, -0.554399057999942 ], [ 100.09872862, -0.555063049999949 ], [ 100.098716377, -0.555105345999949 ], [ 100.0985694, -0.555613109999969 ], [ 100.0982919, -0.555927 ], [ 100.09826891, -0.555953 ], [ 100.0981279, -0.55611249999993 ], [ 100.09784564, -0.556278969999943 ], [ 100.09759232, -0.556278969999943 ], [ 100.09696265, -0.556148689999928 ], [ 100.09638364, -0.556141449999928 ], [ 100.09594215, -0.556213829999936 ], [ 100.09544999, -0.556430959999946 ], [ 100.09514602, -0.556387529999946 ], [ 100.09475519, -0.556061839999927 ], [ 100.094487173, -0.555910133999931 ], [ 100.094444085, -0.555879718999968 ], [ 100.094400452, -0.555848121999932 ], [ 100.094367351, -0.555824048999964 ], [ 100.094331241, -0.555801479999958 ], [ 100.094271058, -0.555777406999937 ], [ 100.094203352, -0.555756342999928 ], [ 100.094152196, -0.555736782999937 ], [ 100.094105554, -0.555723241999951 ], [ 100.094058912, -0.555711205999955 ], [ 100.094009261, -0.555676599999971 ], [ 100.093962619, -0.555640489999974 ], [ 100.093897922, -0.555607388999934 ], [ 100.093845262, -0.555590838999933 ], [ 100.093789592, -0.555580306999962 ], [ 100.093736932, -0.555581811999961 ], [ 100.093702326, -0.555607388999934 ], [ 100.093640638, -0.555619425999967 ], [ 100.093572932, -0.555620930999976 ], [ 100.093523281, -0.555629957999943 ], [ 100.093457079, -0.555655535999965 ], [ 100.093404419, -0.555759351999946 ], [ 100.093314144, -0.555988048999949 ], [ 100.093223869, -0.556270909999966 ], [ 100.093151649, -0.556523679999941 ], [ 100.093175723, -0.557227823999936 ], [ 100.093175723, -0.557697252999968 ], [ 100.093091466, -0.558208810999939 ], [ 100.093056738, -0.558335975999974 ], [ 100.092886843, -0.558958092999947 ], [ 100.092868788, -0.559114568999974 ], [ 100.092847724, -0.559361320999937 ], [ 100.092796568, -0.559683300999948 ], [ 100.092736385, -0.559845795999944 ], [ 100.092729011, -0.559869883999968 ], [ 100.092691247, -0.559993244999937 ], [ 100.092643101, -0.560146712999938 ], [ 100.092605863, -0.560221186999975 ], [ 100.0922365, -0.560462299999932 ], [ 100.09182396, -0.561186049999951 ], [ 100.09158512, -0.561859149999972 ], [ 100.09148105, -0.562038479999959 ], [ 100.09111468, -0.562669759999951 ], [ 100.0909869, -0.562846779999981 ], [ 100.09079461, -0.563113189999977 ], [ 100.09067367, -0.563280739999925 ], [ 100.09041987, -0.563632359999929 ], [ 100.09011262, -0.563975329999955 ], [ 100.08985705, -0.56426061999997 ], [ 100.089793388735103, -0.564302991515376 ], [ 100.08910974, -0.56476411999995 ], [ 100.08889548, -0.564222249999941 ], [ 100.08841036, -0.562981449999941 ], [ 100.08816157, -0.562340839999933 ], [ 100.08806828, -0.562098279999934 ], [ 100.08761425, -0.561199549999976 ], [ 100.08669376, -0.55939898999998 ], [ 100.08594509, -0.557950709999948 ], [ 100.085842959989392, -0.557753131505935 ], [ 100.08579193, -0.55765440999994 ], [ 100.08569701, -0.557466569999974 ], [ 100.0850518, -0.556189709999955 ], [ 100.084881483, -0.555844708999933 ], [ 100.08485444, -0.555789929999951 ], [ 100.08480924, -0.555698359999956 ], [ 100.08409663, -0.554627239999945 ], [ 100.08380167, -0.554183899999948 ], [ 100.08265105, -0.552414439999957 ], [ 100.08190224744159, -0.551277446046352 ], [ 100.08163727, -0.550875099999926 ], [ 100.08100909, -0.549904849999967 ], [ 100.08070323, -0.549500389999938 ], [ 100.07945157, -0.547845259999972 ], [ 100.07920427, -0.547521279999956 ], [ 100.07878921, -0.546977509999985 ], [ 100.07815233, -0.546154339999939 ], [ 100.07802495, -0.545985569999972 ], [ 100.07734349, -0.545089159999981 ], [ 100.07730521, -0.545050979999926 ], [ 100.077072983, -0.544819362999931 ], [ 100.07674164, -0.544488889999965 ], [ 100.07643275, -0.544186369999976 ], [ 100.07640415, -0.544157879999947 ], [ 100.07479596, -0.542555959999959 ], [ 100.07304772, -0.540820449999959 ], [ 100.07140138, -0.539180479999969 ], [ 100.06987605, -0.53766788999997 ], [ 100.06963722, -0.537429059999963 ], [ 100.0693156, -0.537110619999972 ], [ 100.06891118, -0.53674281999997 ], [ 100.06863732, -0.536497619999976 ], [ 100.06771065, -0.535671269999973 ], [ 100.06684768, -0.534899049999975 ], [ 100.06666935, -0.53472708999994 ], [ 100.06591414, -0.533982159999945 ], [ 100.06585096, -0.533919839999957 ], [ 100.065787526, -0.533857650999955 ], [ 100.06570221, -0.533774009999949 ], [ 100.06568855, -0.533760619999957 ], [ 100.06537648, -0.533451729999971 ], [ 100.0648829, -0.532959739999967 ], [ 100.06463133, -0.532714539999969 ], [ 100.06392439, -0.532018749999971 ], [ 100.06330343, -0.531399379999934 ], [ 100.06298499, -0.531096859999939 ], [ 100.06223665, -0.530331009999948 ], [ 100.06193546, -0.529980519999932 ], [ 100.06174833, -0.529762759999926 ], [ 100.061742851, -0.529756383999941 ], [ 100.06152653, -0.529504659999935 ] ] ] ] } },
{ "type": "Feature", "properties": { "fid": null, "kk": null, "gid": 78874, "bstt": null, "luas": 0.88841424415383596, "bsbtt": null, "idsls": "13060100020002", "kdkab": "06", "kdkec": "010", "kdsls": "0002", "nmkab": "PADANG PARIAMAN", "nmkec": "BATANG ANAI", "nmsls": "KORONG DUKU", "bstt_k": null, "kddesa": "002", "kdprov": "13", "khusus": null, "muatan": null, "nmdesa": "KASANG", "nmprov": "SUMATERA BARAT", "posisi": "", "rw_dki": "", "segmen": "", "sumber": "", "dom_sls": "", "periode": "2024_1", "tingkat": null, "nm_gedung": "", "wil_campur": null, "iddesa": "1306010002", "idkec": "1306010", "idkab": "1306" }, "geometry": { "type": "MultiPolygon", "coordinates": [ [ [ [ 100.296084021, -0.807314059999959 ], [ 100.29567471, -0.808004769999974 ], [ 100.29556968, -0.808378229999969 ], [ 100.29555532, -0.808388479999965 ], [ 100.29551468, -0.808408279999982 ], [ 100.2953059, -0.808509988999963 ], [ 100.29526999, -0.808520469999974 ], [ 100.29515241, -0.808554759999937 ], [ 100.295068091, -0.80854538999995 ], [ 100.29506133, -0.80855323999998 ], [ 100.294423457, -0.808542696999946 ], [ 100.29428748, -0.808540449999959 ], [ 100.29400608, -0.808386959999958 ], [ 100.29398887, -0.808368919999972 ], [ 100.29398704, -0.808367919999968 ], [ 100.29359052, -0.807952219999948 ], [ 100.29330912, -0.807632449999972 ], [ 100.29317482, -0.807319069999953 ], [ 100.29298296, -0.806986509999951 ], [ 100.29283586, -0.806679519999927 ], [ 100.29274402, -0.80642441999993 ], [ 100.29273933, -0.806420898999931 ], [ 100.29273644, -0.806413979999945 ], [ 100.2927203, -0.806401859999936 ], [ 100.2926344, -0.806196669999965 ], [ 100.29243318, -0.805892109999947 ], [ 100.29236179, -0.805831299999973 ], [ 100.29213541, -0.805723248999924 ], [ 100.291809241, -0.805691278999976 ], [ 100.29155342, -0.805691278999976 ], [ 100.29127842, -0.805729649999937 ], [ 100.290965041, -0.805844769999966 ], [ 100.290722011, -0.805998258999979 ], [ 100.29049178, -0.806202909999973 ], [ 100.290309, -0.806425199999985 ], [ 100.29023655, -0.806608459999946 ], [ 100.29021677, -0.806733739999975 ], [ 100.29014003, -0.807136649999961 ], [ 100.2901848, -0.807520379999973 ], [ 100.29021354, -0.807621929999927 ], [ 100.29028073, -0.807859329999925 ], [ 100.29042782, -0.808147129999961 ], [ 100.29056867, -0.80831731999996 ], [ 100.29058131, -0.808332599999973 ], [ 100.29066481, -0.808381709999945 ], [ 100.290687606, -0.808395119999945 ], [ 100.29090748, -0.808524459999939 ], [ 100.29113002, -0.808672819999981 ], [ 100.29112987, -0.808674589999959 ], [ 100.29155619, -0.808995579999935 ], [ 100.29212776, -0.809489069999933 ], [ 100.29268858, -0.810038379999976 ], [ 100.292885161, -0.810293969999972 ], [ 100.29297594, -0.810464 ], [ 100.29307211, -0.810743149999951 ], [ 100.29309847, -0.810852148999966 ], [ 100.29328536, -0.81162492999994 ], [ 100.29342122, -0.812089538999946 ], [ 100.29350026, -0.812276229999948 ], [ 100.29361668, -0.812485568999933 ], [ 100.293684479, -0.812607499999961 ], [ 100.293127791, -0.813612889999949 ], [ 100.292963501, -0.813993189999968 ], [ 100.2928166, -0.814333209999978 ], [ 100.2927398, -0.814510989999984 ], [ 100.29250958, -0.814826579999936 ], [ 100.29234573, -0.815051179999956 ], [ 100.29223568, -0.815202029999974 ], [ 100.29185177, -0.815918669999983 ], [ 100.29172952, -0.816213189999927 ], [ 100.29171255, -0.816231479999945 ], [ 100.29173411, -0.816247809999937 ], [ 100.29173159, -0.816250519999924 ], [ 100.29164457, -0.816344379999974 ], [ 100.29145518, -0.816548679999925 ], [ 100.29138336, -0.816626149999941 ], [ 100.2909094, -0.817137409999929 ], [ 100.2908622, -0.817057289999979 ], [ 100.2905508, -0.816413469999936 ], [ 100.29030864, -0.816030669999983 ], [ 100.29015277, -0.815195359999959 ], [ 100.29015235, -0.813872709999953 ], [ 100.28741004, -0.808171159999975 ], [ 100.28729951, -0.808011549999951 ], [ 100.28512844, -0.804876559999965 ], [ 100.28390367, -0.803108 ], [ 100.28107769, -0.79902729999998 ], [ 100.2776003, -0.794349139999954 ], [ 100.27258621, -0.787603609999964 ], [ 100.26895348, -0.783179759999945 ], [ 100.26645868, -0.780141629999952 ], [ 100.26543511, -0.779038209999955 ], [ 100.26432249, -0.777712539999936 ], [ 100.26218675, -0.77560316999996 ], [ 100.25778093, -0.770823969999983 ], [ 100.25203096, -0.765074009999976 ], [ 100.24592639, -0.758880309999945 ], [ 100.2453849, -0.758465279999947 ], [ 100.24071772, -0.754507509999936 ], [ 100.24029182, -0.75379926999995 ], [ 100.23758137, -0.751371159999965 ], [ 100.23425834, -0.747600079999928 ], [ 100.23387693, -0.747059169999943 ], [ 100.22539104, -0.738151439999972 ], [ 100.22538716, -0.738147699999954 ], [ 100.22491075, -0.737652399999954 ], [ 100.2246772, -0.737441369999949 ], [ 100.22441181, -0.737133669999933 ], [ 100.2241942, -0.736907439999926 ], [ 100.22404133, -0.736759649999951 ], [ 100.22415447, -0.73663161999997 ], [ 100.22430382, -0.736505599999926 ], [ 100.22448584, -0.736435599999944 ], [ 100.22491056, -0.736029549999957 ], [ 100.224933085, -0.736013329999936 ], [ 100.224941677, -0.73600317599994 ], [ 100.224952238914113, -0.735992614085841 ], [ 100.224962786, -0.735982066999959 ], [ 100.225003497, -0.735953418999949 ], [ 100.225033653, -0.73593532499996 ], [ 100.225072856, -0.735897629999954 ], [ 100.225110551, -0.735859934999961 ], [ 100.225158801, -0.735814700999922 ], [ 100.22520705, -0.735778513999947 ], [ 100.225253792, -0.735737802999955 ], [ 100.225299026, -0.735691060999953 ], [ 100.22534426, -0.735660904999978 ], [ 100.22539251, -0.735629240999967 ], [ 100.225425682, -0.735611146999926 ], [ 100.225558368, -0.735538772999974 ], [ 100.22566693, -0.735466397999973 ], [ 100.22570681548865, -0.735440360915086 ], [ 100.225726839069523, -0.735426537104011 ], [ 100.225749208509271, -0.735411540363511 ], [ 100.225817711, -0.735490522999953 ], [ 100.225890085, -0.73556892899995 ], [ 100.225968491, -0.735677490999938 ], [ 100.226077053, -0.73577398999993 ], [ 100.226125302, -0.735852395999927 ], [ 100.226191646, -0.735936832999922 ], [ 100.226257989, -0.736015238999934 ], [ 100.226325565, -0.736090322999924 ], [ 100.22633221, -0.736084459999977 ], [ 100.22762139, -0.734949979999964 ], [ 100.22781993, -0.735088089999981 ], [ 100.229953228, -0.737235149999949 ], [ 100.230033528, -0.737233543999946 ], [ 100.230250652, -0.737197355999974 ], [ 100.230473807, -0.737179262999974 ], [ 100.230582369, -0.737203387999951 ], [ 100.230702993, -0.737179262999974 ], [ 100.23083568, -0.737155137999936 ], [ 100.230968366, -0.737149106999938 ], [ 100.231149303, -0.73711895099996 ], [ 100.231288021, -0.73711291899997 ], [ 100.231450863, -0.737100856999981 ], [ 100.231589581, -0.737100856999981 ], [ 100.231740362, -0.737100856999981 ], [ 100.231873048, -0.737100856999981 ], [ 100.23198161, -0.73707673199994 ], [ 100.232126359, -0.737040544999961 ], [ 100.232259046, -0.73702245099997 ], [ 100.232433951, -0.73702245099997 ], [ 100.232572669, -0.73702245099997 ], [ 100.232735512, -0.737010388999983 ], [ 100.232910417, -0.736992294999941 ], [ 100.233097384, -0.736986263999946 ], [ 100.233290383, -0.736986263999946 ], [ 100.233429101, -0.736986263999946 ], [ 100.233591944, -0.736974200999954 ], [ 100.233790974, -0.736938013999972 ], [ 100.233996035, -0.736919920999988 ], [ 100.234128722, -0.736907857999946 ], [ 100.234162091, -0.736906574999976 ], [ 100.234285533, -0.736901826999944 ], [ 100.234472501, -0.736913888999931 ], [ 100.234653437, -0.736913888999931 ], [ 100.234858499, -0.736913888999931 ], [ 100.235027373, -0.736931982999973 ], [ 100.235057788102424, -0.736933921521641 ], [ 100.235141966, -0.736931982999973 ], [ 100.235274652, -0.736853576999978 ], [ 100.235371152, -0.736714858999967 ], [ 100.235479714, -0.736582172999939 ], [ 100.235570182, -0.736443454999976 ], [ 100.23566065, -0.736322830999938 ], [ 100.235751118, -0.736196174999973 ], [ 100.236004429, -0.735864457999976 ], [ 100.236112991, -0.735743833999954 ], [ 100.236245678, -0.735599084999939 ], [ 100.236342177, -0.735490522999953 ], [ 100.23645677, -0.73536989899998 ], [ 100.236541207, -0.735279430999922 ], [ 100.236649769, -0.735231180999964 ], [ 100.236752299, -0.735201025 ], [ 100.236866892, -0.735188962999926 ], [ 100.236981485, -0.735188962999926 ], [ 100.237090047, -0.735188962999926 ], [ 100.237126235, -0.735164837999946 ], [ 100.237162422, -0.73506833799996 ], [ 100.237156391, -0.734905495999959 ], [ 100.237156391, -0.734760745999957 ], [ 100.237156391, -0.734573778999964 ], [ 100.237153233, -0.734482215999952 ], [ 100.237150359, -0.73439887399997 ], [ 100.237150359, -0.734193811999948 ], [ 100.237180516, -0.734024937999954 ], [ 100.237228765, -0.733928438999961 ], [ 100.237234796, -0.733837970999964 ], [ 100.237240652, -0.733750137999957 ], [ 100.237295109, -0.733681158999956 ], [ 100.237415733, -0.733590690999965 ], [ 100.237524295, -0.733512284999968 ], [ 100.237584607, -0.73342784799997 ], [ 100.237687137, -0.733319286999974 ], [ 100.237723325, -0.733204692999945 ], [ 100.237763533, -0.733160464999969 ], [ 100.237765076, -0.73315876699996 ], [ 100.237783637, -0.733138349999944 ], [ 100.237813793, -0.733041850999948 ], [ 100.237825855, -0.732897101999935 ], [ 100.237829448, -0.732814458999943 ], [ 100.237831886, -0.73275838399997 ], [ 100.23784998, -0.732661883999932 ], [ 100.237856011, -0.732565384999937 ], [ 100.237892199, -0.73242063599997 ], [ 100.237940448, -0.732330167999976 ], [ 100.237994729, -0.732221605999937 ], [ 100.238020219, -0.732162978999953 ], [ 100.238039397, -0.732118870999965 ], [ 100.238055041, -0.732082888 ], [ 100.23809726, -0.73201051299998 ], [ 100.238106429, -0.732003963999943 ], [ 100.238139478, -0.731980356999946 ], [ 100.238211853, -0.732022575999966 ], [ 100.238272165, -0.732076856999921 ], [ 100.23834454, -0.73200448199998 ], [ 100.238392789, -0.731944169999972 ], [ 100.238471195, -0.731835607999935 ], [ 100.238511939, -0.731718468999935 ], [ 100.238519445, -0.731696889999969 ], [ 100.238585788, -0.731540078999954 ], [ 100.238664194, -0.731413422999944 ], [ 100.238730537, -0.731274704999979 ], [ 100.238772756, -0.731117893999962 ], [ 100.238833068, -0.731009331999924 ], [ 100.238856966, -0.730974570999934 ], [ 100.238899411, -0.730912832999929 ], [ 100.238953692, -0.730810301999959 ], [ 100.239014004, -0.730713802999962 ], [ 100.239062254, -0.730629365999964 ], [ 100.23907914, -0.730561822999961 ], [ 100.239080348, -0.730556990999957 ], [ 100.239062254, -0.730490647999951 ], [ 100.239007973, -0.730400179999958 ], [ 100.238989879, -0.730303679999966 ], [ 100.238983848, -0.73019511799993 ], [ 100.238977817, -0.730092587999935 ], [ 100.238977817, -0.729953869999971 ], [ 100.239001942, -0.729839276999948 ], [ 100.239020971, -0.72978932599995 ], [ 100.2391447, -0.729232519999929 ], [ 100.23933288, -0.728733119999963 ], [ 100.23957896, -0.728262679999951 ], [ 100.24018691, -0.727169799999955 ], [ 100.24080211, -0.726163779999982 ], [ 100.24142454, -0.725512389999956 ], [ 100.24198908, -0.724824819999985 ], [ 100.24264046, -0.724224099999969 ], [ 100.242776219, -0.724185315999933 ], [ 100.24280533, -0.724177 ], [ 100.24288235, -0.724108079999951 ], [ 100.24356974, -0.724055209999966 ], [ 100.24400198, -0.724183279999979 ], [ 100.24428339, -0.724347139999964 ], [ 100.24471041, -0.724195149999963 ], [ 100.24489135, -0.724245809999966 ], [ 100.245173507, -0.724462349999958 ], [ 100.245189966, -0.724435309999938 ], [ 100.245250224, -0.724366443999947 ], [ 100.245274403, -0.724338810999944 ], [ 100.245382965, -0.724206123999978 ], [ 100.245491527, -0.724109624999934 ], [ 100.24560612, -0.723982968999967 ], [ 100.245714682, -0.723868375999929 ], [ 100.245811181, -0.723777907999938 ], [ 100.245877524, -0.723699501999943 ], [ 100.245925774, -0.723729657999969 ], [ 100.245932841, -0.723742782999976 ], [ 100.245967993, -0.723808063999978 ], [ 100.246028305, -0.72388043799998 ], [ 100.246088617, -0.723928687999953 ], [ 100.246148929, -0.723940750999931 ], [ 100.246215272, -0.723910594999952 ], [ 100.246293678, -0.723844250999955 ], [ 100.246339051, -0.723804795999979 ], [ 100.246432396, -0.723723626999969 ], [ 100.246565083, -0.723603002999945 ], [ 100.246617605, -0.723538359999969 ], [ 100.246721894, -0.723410003999963 ], [ 100.246890768, -0.723186848999948 ], [ 100.247059642, -0.722987818999969 ], [ 100.247186298, -0.722867194999931 ], [ 100.247306922, -0.722722445999979 ], [ 100.247415484, -0.722583727999969 ], [ 100.247518014, -0.722487227999981 ], [ 100.247632607, -0.72242691599996 ], [ 100.2477472, -0.722366603999945 ], [ 100.247861793, -0.722384697999932 ], [ 100.247988449, -0.722420884999963 ], [ 100.248133198, -0.722463102999938 ], [ 100.248259853, -0.722420884999963 ], [ 100.248374446, -0.722318353999922 ], [ 100.248483008, -0.722179635999971 ], [ 100.248573477, -0.722077105999981 ], [ 100.248621726, -0.721944418999964 ], [ 100.248682038, -0.721811732999929 ], [ 100.248844881, -0.721630795999946 ], [ 100.248971537, -0.721437796999974 ], [ 100.249146442, -0.721256860999972 ], [ 100.249297222, -0.72110608099997 ], [ 100.249411815, -0.720943237999965 ], [ 100.249538471, -0.720786425999969 ], [ 100.249821938, -0.720490896999942 ], [ 100.249900343, -0.720340116999979 ], [ 100.249901101, -0.720338643999981 ], [ 100.250008905, -0.720129023999967 ], [ 100.250153654, -0.719960149999965 ], [ 100.250304435, -0.719785244999972 ], [ 100.250425059, -0.719628432999965 ], [ 100.250551714, -0.719483683999965 ], [ 100.250666307, -0.719369090999977 ], [ 100.250768838, -0.719248466999942 ], [ 100.250883431, -0.71914593599997 ], [ 100.250961837, -0.719007218999928 ], [ 100.251022149, -0.71885040699994 ], [ 100.25107643, -0.718735813999964 ], [ 100.251118648, -0.718518689999943 ], [ 100.251118648, -0.718410127999967 ], [ 100.25112468, -0.718301566999976 ], [ 100.25112468, -0.71822316099998 ], [ 100.251130711, -0.71816284899996 ], [ 100.251142773, -0.71811459899994 ], [ 100.25117896, -0.718036192999931 ], [ 100.251215148, -0.717945724999934 ], [ 100.251311647, -0.717837162999958 ], [ 100.251414178, -0.717716538999987 ], [ 100.25152274, -0.717620039999929 ], [ 100.251782082, -0.717463227999933 ], [ 100.251908737, -0.717330540999969 ], [ 100.252053486, -0.717209916999934 ], [ 100.252216329, -0.71707722999997 ], [ 100.252415359, -0.716932480999955 ], [ 100.252542015, -0.716793762999941 ], [ 100.25266867, -0.71667916999997 ], [ 100.252759138, -0.716588701999975 ], [ 100.252843575, -0.716486171999976 ], [ 100.252976262, -0.71635348499996 ], [ 100.253072761, -0.716220797999948 ], [ 100.253132247, -0.716149414999967 ], [ 100.253169261, -0.71612429899995 ], [ 100.253205448, -0.716094142999962 ], [ 100.253232588, -0.716057954999945 ], [ 100.253258221, -0.71602478399996 ], [ 100.25327933, -0.716005181999954 ], [ 100.253303455, -0.715975025999974 ], [ 100.253333611, -0.715947885999933 ], [ 100.253362259, -0.715911698999956 ], [ 100.253377337, -0.715889081999941 ], [ 100.253386296, -0.715872656999975 ], [ 100.253404478, -0.715852893999973 ], [ 100.25366382, -0.715551333999946 ], [ 100.253844756, -0.715334209999982 ], [ 100.25385388, -0.715325085999959 ], [ 100.260370716, -0.717265620999966 ], [ 100.260370897, -0.717265674999972 ], [ 100.260370988, -0.717265701999965 ], [ 100.260371033, -0.717265715999924 ], [ 100.260371065, -0.717265724999957 ], [ 100.260371923, -0.717265980999977 ], [ 100.260373196, -0.717266359999946 ], [ 100.262541181, -0.713771519999963 ], [ 100.26254671, -0.713781109999966 ], [ 100.26255769, -0.713800149999942 ], [ 100.26255854, -0.713802079999939 ], [ 100.2651539, -0.719722339999975 ], [ 100.26545332, -0.720405339999953 ], [ 100.26546562, -0.720433409999938 ], [ 100.26600108, -0.721654829999977 ], [ 100.26772064, -0.724189444999986 ], [ 100.267829458, -0.72440154799995 ], [ 100.268169038, -0.725016303999956 ], [ 100.26846296, -0.725593833999936 ], [ 100.268502763, -0.725672043999964 ], [ 100.268900891, -0.726327783999974 ], [ 100.269796678, -0.72790273099997 ], [ 100.270317757, -0.728704841999956 ], [ 100.270815417, -0.729424984999984 ], [ 100.271119868, -0.729852386999944 ], [ 100.271488722, -0.730244659999924 ], [ 100.272065421, -0.730827213999931 ], [ 100.2721913, -0.730961874999933 ], [ 100.272264485, -0.731055551999928 ], [ 100.272311324, -0.731111172999935 ], [ 100.272267413, -0.731172648999979 ], [ 100.272352308, -0.731269252999949 ], [ 100.27242842, -0.731345365999972 ], [ 100.272501606, -0.731444897999951 ], [ 100.272551372, -0.731509300999966 ], [ 100.272539662, -0.731564921999965 ], [ 100.272513315, -0.731617614999954 ], [ 100.272492823, -0.731664453999943 ], [ 100.272486969, -0.731725928999945 ], [ 100.272618702, -0.731843025999985 ], [ 100.272782637, -0.731992323999976 ], [ 100.274293181, -0.733409189999979 ], [ 100.275645645, -0.734896314999963 ], [ 100.27661169, -0.735991166999954 ], [ 100.277396236, -0.736927937999955 ], [ 100.277653955, -0.737172769999972 ], [ 100.27819257, -0.737838559999944 ], [ 100.278207666, -0.737857219999966 ], [ 100.278314733, -0.737967089999922 ], [ 100.278314779, -0.737967773999975 ], [ 100.28119588, -0.734961409999929 ], [ 100.28173764, -0.734330419999937 ], [ 100.28238443, -0.733577099999939 ], [ 100.28238923, -0.733571669999944 ], [ 100.28241159, -0.733546379999947 ], [ 100.28244062, -0.733508039999953 ], [ 100.28252359, -0.733414539999964 ], [ 100.28252423, -0.733414269999966 ], [ 100.2829511, -0.732917099999953 ], [ 100.28297638, -0.732887649999958 ], [ 100.283337355136979, -0.73241605910953 ], [ 100.28358384, -0.73209166999993 ], [ 100.28461025, -0.731086209999941 ], [ 100.285001944, -0.730638553999946 ], [ 100.285008333, -0.730631251999962 ], [ 100.285182422076986, -0.730673393127676 ], [ 100.285199989623891, -0.730616926012658 ], [ 100.285849361446594, -0.727801726622821 ], [ 100.286174432151711, -0.726533022993265 ], [ 100.286359723945367, -0.725498661698852 ], [ 100.28693649, -0.722380159999945 ], [ 100.28720599, -0.721184679999966 ], [ 100.28739844, -0.720331 ], [ 100.28746952, -0.720015709999935 ], [ 100.28780984, -0.718403669999931 ], [ 100.28786751, -0.718130479999957 ], [ 100.28803261, -0.717291649999944 ], [ 100.28830222, -0.715921819999948 ], [ 100.28873788, -0.713708279999944 ], [ 100.28890439, -0.71286230999994 ], [ 100.2889748, -0.712593059999964 ], [ 100.288997421, -0.712506568999971 ], [ 100.28906665, -0.712241869999961 ], [ 100.28908243, -0.712181529999955 ], [ 100.28906022, -0.712082179999931 ], [ 100.28868444, -0.710401029999967 ], [ 100.28865838, -0.71030328999996 ], [ 100.28930564, -0.710235159999975 ], [ 100.28944942, -0.710187939999969 ], [ 100.28952891, -0.710125599999967 ], [ 100.28972079, -0.709975099999963 ], [ 100.28988699, -0.709752149999929 ], [ 100.28993895, -0.70968244999995 ], [ 100.29006208, -0.709256239999946 ], [ 100.29011438, -0.709075219999938 ], [ 100.29015944, -0.708522149999962 ], [ 100.29042017, -0.706611919999948 ], [ 100.29043347, -0.706188899999982 ], [ 100.2904654, -0.705811109999968 ], [ 100.29050264, -0.705702029999943 ], [ 100.29055319, -0.70566212999995 ], [ 100.29066227, -0.705619559999946 ], [ 100.290722789904578, -0.7056215923932 ], [ 100.290801891712519, -0.70561469089318 ], [ 100.29082603, -0.705608639999989 ], [ 100.29086181, -0.705606259999963 ], [ 100.29098419, -0.705600929999941 ], [ 100.29111456, -0.705569009999979 ], [ 100.29126886, -0.705475889999956 ], [ 100.29151097, -0.705263049999929 ], [ 100.29157482, -0.705161959999949 ], [ 100.29174509, -0.704898569999953 ], [ 100.29188876, -0.704792149999945 ], [ 100.2921548, -0.704680409999978 ], [ 100.2923703, -0.704632519999958 ], [ 100.29263635, -0.704563349999941 ], [ 100.29300616, -0.704504819999955 ], [ 100.29321102, -0.704459589999948 ], [ 100.29326689, -0.704440959999943 ], [ 100.29330147, -0.704414359999935 ], [ 100.29332653, -0.704382709999952 ], [ 100.29335202, -0.704350509999928 ], [ 100.29337863, -0.704297299999958 ], [ 100.29342386, -0.70419885999997 ], [ 100.29345447, -0.704142 ], [ 100.2934611, -0.704129689999955 ], [ 100.29348505, -0.70409243999995 ], [ 100.29351431, -0.704073819999965 ], [ 100.29356663, -0.704066549999941 ], [ 100.29361009, -0.704060509999978 ], [ 100.2937264, -0.704044549999933 ], [ 100.29388146, -0.704023269999936 ], [ 100.29391844, -0.704019519999979 ], [ 100.29398213, -0.704007499999939 ], [ 100.29427282, -0.703952779999957 ], [ 100.29432337, -0.703964269999971 ], [ 100.29433449, -0.703966799999936 ], [ 100.29436464, -0.704088459999978 ], [ 100.29438944, -0.704184689999982 ], [ 100.29439477, -0.704205369999955 ], [ 100.2944214, -0.704300059999987 ], [ 100.29442731, -0.704321079999945 ], [ 100.29452494, -0.704460889999949 ], [ 100.29460978, -0.704502929999937 ], [ 100.29466113, -0.70452837999994 ], [ 100.2947334, -0.70454290999993 ], [ 100.29488892, -0.704574179999962 ], [ 100.29519988, -0.704570569999928 ], [ 100.29549035, -0.704569359999936 ], [ 100.29570174, -0.704575529999944 ], [ 100.29585916, -0.704588649999943 ], [ 100.295946868026192, -0.704589834742312 ], [ 100.2963268, -0.704593469999968 ], [ 100.29682819, -0.704583829999932 ], [ 100.29728619, -0.70455007999993 ], [ 100.29786954, -0.704579 ], [ 100.29940862, -0.70463 ], [ 100.29941382, -0.704788459999985 ], [ 100.29940423, -0.704835609999976 ], [ 100.29939989, -0.705045279999976 ], [ 100.29939415, -0.705321909999954 ], [ 100.29938982, -0.705530969999928 ], [ 100.29934593, -0.705652299999949 ], [ 100.2993024, -0.705950579999986 ], [ 100.29893382, -0.706903409999938 ], [ 100.29891314, -0.706956859999934 ], [ 100.29887841, -0.707351489999949 ], [ 100.29887536, -0.707412469999962 ], [ 100.29894435, -0.707603509999955 ], [ 100.29904669, -0.707806569999954 ], [ 100.29921705, -0.708144579999961 ], [ 100.29927966, -0.708279119999933 ], [ 100.299317296, -0.708359996999949 ], [ 100.29944584, -0.708636229999964 ], [ 100.29950398, -0.708877529999945 ], [ 100.29954319, -0.709040269999953 ], [ 100.29982066, -0.709434559999982 ], [ 100.30016141, -0.709677959999967 ], [ 100.30065307, -0.709892139999968 ], [ 100.300933364, -0.709903352999966 ], [ 100.30099478, -0.709905809999958 ], [ 100.30113985, -0.709911609999957 ], [ 100.301297255, -0.709812425999934 ], [ 100.30149521, -0.709687689999956 ], [ 100.30197713, -0.70908407999997 ], [ 100.30231788, -0.708611889999938 ], [ 100.30247395, -0.708483769999942 ], [ 100.30264402, -0.708344159999967 ], [ 100.30314055, -0.708198129999976 ], [ 100.3037539, -0.708353899999966 ], [ 100.30403137, -0.708796869999965 ], [ 100.30409714, -0.709080194999959 ], [ 100.304092244, -0.709120337999942 ], [ 100.304083197, -0.709364601999935 ], [ 100.304131447, -0.709693302999933 ], [ 100.304125416, -0.709928519999962 ], [ 100.304233978, -0.710148658999976 ], [ 100.304402852, -0.710398954999957 ], [ 100.304556648, -0.710537672999985 ], [ 100.304737584, -0.710658296999959 ], [ 100.305012004, -0.710887482999967 ], [ 100.305410064, -0.711255386999942 ], [ 100.30576289, -0.711565993999953 ], [ 100.306061435, -0.711816289999949 ], [ 100.306230309, -0.712102771999984 ], [ 100.306501714, -0.712392270999942 ], [ 100.306591173, -0.712478150999977 ], [ 100.306745978, -0.712337989999985 ], [ 100.306834023, -0.712255813999953 ], [ 100.306932946, -0.712129912999958 ], [ 100.307050554, -0.71202135099998 ], [ 100.3070755, -0.712005843999976 ], [ 100.30707679, -0.712002619999967 ], [ 100.30763168, -0.711375349999966 ], [ 100.30766224, -0.711310639999968 ], [ 100.30804182, -0.710506819999985 ], [ 100.30816245, -0.71009667999994 ], [ 100.30862084, -0.709372909999958 ], [ 100.308646372, -0.709311632 ], [ 100.3088864, -0.708735559999978 ], [ 100.30898273, -0.708504379999975 ], [ 100.30903098, -0.707901239999956 ], [ 100.30922398, -0.707370469999946 ], [ 100.30946524, -0.707153339999937 ], [ 100.31014076, -0.707153339999937 ], [ 100.31071978, -0.707225719999943 ], [ 100.31085096, -0.707284019999975 ], [ 100.310855093, -0.707285856999935 ], [ 100.31115405, -0.707418719999968 ], [ 100.311612279, -0.707641645999965 ], [ 100.3120467, -0.707852989999934 ], [ 100.31301173, -0.708190749999974 ], [ 100.31371138, -0.708504379999975 ], [ 100.3152313, -0.708962769999977 ], [ 100.31581032, -0.709179899999928 ], [ 100.31684772, -0.709300529999948 ], [ 100.31761979, -0.709361489999932 ], [ 100.317673282146288, -0.709367105211735 ], [ 100.3177645, -0.709372909999958 ], [ 100.31800238, -0.709308619999947 ], [ 100.31865715, -0.70913164999997 ], [ 100.3192603, -0.708914519999957 ], [ 100.31991169, -0.708986899999966 ], [ 100.32097323, -0.70925227999993 ], [ 100.32242077, -0.709276409999973 ], [ 100.32411772, -0.709310689999942 ], [ 100.32572911, -0.708964679999954 ], [ 100.32700715, -0.709116669999963 ], [ 100.32822301, -0.709275559999989 ], [ 100.32926271, -0.709403359999953 ], [ 100.32941469, -0.709451719999952 ], [ 100.329686120594971, -0.70952899545627 ], [ 100.33110032, -0.709935299999927 ], [ 100.3319155, -0.710177089999949 ], [ 100.33257524, -0.710360159999934 ], [ 100.33342496, -0.710698669999945 ], [ 100.33502769, -0.711375679999949 ], [ 100.33845766, -0.712746979999968 ], [ 100.33938337, -0.713140749999983 ], [ 100.33992567, -0.713220199999965 ], [ 100.34114844, -0.713579429999929 ], [ 100.34228979, -0.713921059999962 ], [ 100.34317948, -0.714187359999926 ], [ 100.34513108, -0.714591489999977 ], [ 100.34633312, -0.714826379999985 ], [ 100.34824327, -0.714898909999936 ], [ 100.34936241, -0.714968 ], [ 100.35022595, -0.71502325999995 ], [ 100.35116116, -0.71504829999998 ], [ 100.35287096, -0.715410989999961 ], [ 100.35370859, -0.715566429999974 ], [ 100.35481392, -0.715747769999957 ], [ 100.35849691, -0.716270209999944 ], [ 100.36271529, -0.716870369999933 ], [ 100.36412286, -0.71732803999993 ], [ 100.36727909, -0.718325429999942 ], [ 100.36897162, -0.718843549999975 ], [ 100.37060803, -0.719365989999974 ], [ 100.37190333, -0.719927289999939 ], [ 100.3737513, -0.720713109999973 ], [ 100.37631169, -0.721779579999981 ], [ 100.37753791, -0.722513589999951 ], [ 100.37836691, -0.722997169999936 ], [ 100.38189446, -0.725108519999942 ], [ 100.38260256, -0.725618009999954 ], [ 100.38323294, -0.726075679999954 ], [ 100.38609557, -0.728126579999987 ], [ 100.38707137, -0.728817409999976 ], [ 100.38848325, -0.729823429999957 ], [ 100.38943314, -0.730358829999942 ], [ 100.39214648, -0.731980329999941 ], [ 100.39303841, -0.732513349999975 ], [ 100.39322371, -0.732623440999933 ], [ 100.39450643, -0.733385529999969 ], [ 100.39717044, -0.734978749999931 ], [ 100.39824986, -0.73560049999998 ], [ 100.40106931, -0.737349159999951 ], [ 100.40395784, -0.739141 ], [ 100.40451051, -0.739391429999956 ], [ 100.4056072, -0.73989227999994 ], [ 100.40949744, -0.74159776999995 ], [ 100.41051209, -0.742025219999959 ], [ 100.4120751, -0.742448349999957 ], [ 100.41323469, -0.742794409999938 ], [ 100.41372445, -0.742940569999984 ], [ 100.415927947, -0.74323665399993 ], [ 100.41677706, -0.743350749999945 ], [ 100.41726128, -0.743261079999974 ], [ 100.41764483, -0.743190049999961 ], [ 100.41770968, -0.743178039999983 ], [ 100.41815775, -0.742910779999929 ], [ 100.41760335, -0.743775239999937 ], [ 100.41693357, -0.744218639999936 ], [ 100.41643506, -0.744680069999962 ], [ 100.41606176, -0.745087199999953 ], [ 100.41496048, -0.745674699999934 ], [ 100.41495907, -0.745675449999972 ], [ 100.41476123, -0.745723729999959 ], [ 100.414427, -0.745805309999986 ], [ 100.41419593, -0.745861709999929 ], [ 100.41367211, -0.745989549999938 ], [ 100.41342413, -0.74608828999993 ], [ 100.41310277, -0.746218719999948 ], [ 100.41256768, -0.746408829999958 ], [ 100.41255075, -0.746412649999967 ], [ 100.41124589, -0.746707719999962 ], [ 100.41050467, -0.746780319999969 ], [ 100.40986624, -0.746916189999978 ], [ 100.40948808, -0.746962959999968 ], [ 100.40889646, -0.74698885999993 ], [ 100.40840909, -0.747031229999951 ], [ 100.40801981, -0.747065059999959 ], [ 100.40753868, -0.74710687999994 ], [ 100.40663683, -0.747089079999972 ], [ 100.4061236, -0.74718873999996 ], [ 100.40546095, -0.74712563999998 ], [ 100.404947281, -0.747214694999974 ], [ 100.40483374, -0.747234379999951 ], [ 100.40400041, -0.747261779999971 ], [ 100.40382274, -0.747292939999972 ], [ 100.40322551, -0.747397699999968 ], [ 100.40293255, -0.747482359999939 ], [ 100.40261822, -0.747573199999975 ], [ 100.4024034, -0.747659129999931 ], [ 100.40240337, -0.747659149999948 ], [ 100.40240282, -0.747659369999958 ], [ 100.40197442, -0.747830719999977 ], [ 100.4013168, -0.74806632999997 ], [ 100.40102072, -0.748212199999955 ], [ 100.40033307, -0.74855227999996 ], [ 100.40014188, -0.748646839999935 ], [ 100.39967703, -0.749026859999962 ], [ 100.39961921, -0.749145629999934 ], [ 100.39948457, -0.749422229999944 ], [ 100.39936997, -0.74965763999995 ], [ 100.39916222, -0.750084419999949 ], [ 100.39765989, -0.752451279999946 ], [ 100.3976039, -0.752539479999942 ], [ 100.39718218, -0.753203869999933 ], [ 100.3957465, -0.75456421999996 ], [ 100.3957188, -0.754590459999977 ], [ 100.3926187, -0.755890989999963 ], [ 100.38435554, -0.759270799999969 ], [ 100.38435195, -0.75927226999995 ], [ 100.38359752, -0.759537269999955 ], [ 100.38264089, -0.759873289999976 ], [ 100.38263349, -0.759901619999936 ], [ 100.38245616, -0.760580299999968 ], [ 100.38229254, -0.76145996999998 ], [ 100.38221017, -0.762083729999982 ], [ 100.38213624, -0.762824869999972 ], [ 100.38208434, -0.763566629999954 ], [ 100.38202883, -0.764359949999969 ], [ 100.382026822, -0.764388636999972 ], [ 100.3819642, -0.76528341999995 ], [ 100.3819619, -0.765316369999937 ], [ 100.38188964, -0.76634895999997 ], [ 100.38183911, -0.767071029999964 ], [ 100.3817502, -0.767459289999986 ], [ 100.38166205, -0.767844199999964 ], [ 100.38154426, -0.768358539999961 ], [ 100.38144843, -0.768776969999984 ], [ 100.38097735, -0.76906650999996 ], [ 100.38082493, -0.769160199999937 ], [ 100.3804737, -0.769376069999967 ], [ 100.3802246, -0.769529169999947 ], [ 100.38009288, -0.769610129999933 ], [ 100.37942666, -0.770019609999961 ], [ 100.37907841, -0.770233649999969 ], [ 100.3786729, -0.770482889999929 ], [ 100.378399581, -0.770650868999957 ], [ 100.37806572, -0.77085606999998 ], [ 100.37776532, -0.771040708999984 ], [ 100.37745101, -0.771233889999972 ], [ 100.37725106, -0.77165405999995 ], [ 100.37707777, -0.772018219999957 ], [ 100.3769092, -0.77237243999998 ], [ 100.37689017, -0.772760869999964 ], [ 100.37686375, -0.7733 ], [ 100.37684132, -0.77375784999993 ], [ 100.37681136, -0.774369188999975 ], [ 100.37677826, -0.775044568999934 ], [ 100.37675693, -0.77548 ], [ 100.37674357, -0.775752509999964 ], [ 100.376726291, -0.776105120999951 ], [ 100.37671923, -0.776249209999947 ], [ 100.37669169, -0.776811349999945 ], [ 100.37665582, -0.777543299999938 ], [ 100.37660942, -0.778490289999989 ], [ 100.3765851, -0.77898658 ], [ 100.37656569, -0.779382688999938 ], [ 100.37654598, -0.779784969999983 ], [ 100.37652072, -0.780300489999951 ], [ 100.37650133, -0.780696138999934 ], [ 100.37649141, -0.780898679999954 ], [ 100.37647694, -0.781193856999952 ], [ 100.37647662, -0.781200409999942 ], [ 100.37645777, -0.781585109999979 ], [ 100.37642721, -0.782208739999933 ], [ 100.37641509, -0.782456 ], [ 100.376391671, -0.782934089999972 ], [ 100.37637269, -0.78332130999997 ], [ 100.37635012, -0.783781959999944 ], [ 100.37633681, -0.784053579999983 ], [ 100.37632576, -0.784279049999949 ], [ 100.37630685, -0.784664979999948 ], [ 100.37628446, -0.785122029999978 ], [ 100.37609776, -0.785327579999951 ], [ 100.37598512, -0.785451609999936 ], [ 100.37588728, -0.785559339999961 ], [ 100.37560634, -0.785868669999965 ], [ 100.375398001, -0.786098049999966 ], [ 100.37518793, -0.786329359999971 ], [ 100.375, -0.786536269999944 ], [ 100.37465649, -0.786698439999963 ], [ 100.37444809, -0.787014149999948 ], [ 100.374521931, -0.787297129999963 ], [ 100.37474597, -0.787559729999944 ], [ 100.37481107, -0.787889509999963 ], [ 100.37478226, -0.788352659999933 ], [ 100.37469949, -0.788436 ], [ 100.37434718, -0.788628349999954 ], [ 100.37405192, -0.788867259999969 ], [ 100.37394496, -0.788889269999974 ], [ 100.37350023, -0.788980789999932 ], [ 100.37284113, -0.789184069999988 ], [ 100.372595201, -0.789442518999989 ], [ 100.37243514, -0.789610728999952 ], [ 100.37208052, -0.789887248999956 ], [ 100.37183429, -0.790109 ], [ 100.37167114, -0.790448429999968 ], [ 100.37164248, -0.790592639999944 ], [ 100.37154939, -0.791060349999952 ], [ 100.37151866, -0.791214789999969 ], [ 100.37136078, -0.791442409999942 ], [ 100.37108865, -0.791661289999981 ], [ 100.370949754, -0.791879295999943 ], [ 100.37094317, -0.791889628999975 ], [ 100.37089448, -0.792000729999931 ], [ 100.3707607, -0.792306039999978 ], [ 100.37065543, -0.792726149999966 ], [ 100.37067028, -0.792937179999971 ], [ 100.37068706, -0.793175628999968 ], [ 100.37069002, -0.793526579999936 ], [ 100.3705827, -0.793696758999949 ], [ 100.37049726, -0.793832229999975 ], [ 100.37042453, -0.793947539999985 ], [ 100.37030013, -0.794144799999975 ], [ 100.37014573, -0.794389609999938 ], [ 100.37003928, -0.794553309999971 ], [ 100.36982284, -0.794886139999962 ], [ 100.36973026, -0.795025959999977 ], [ 100.36964805, -0.795150089999938 ], [ 100.369555451, -0.795289919999963 ], [ 100.3694555, -0.79544084999998 ], [ 100.36932936, -0.795649449999926 ], [ 100.369119671, -0.795996188999943 ], [ 100.36899597, -0.796236149999976 ], [ 100.36887189, -0.796476859999929 ], [ 100.36874049, -0.796756949999981 ], [ 100.36859191, -0.797139058999967 ], [ 100.36851778, -0.797503229999958 ], [ 100.36849435, -0.797618339999937 ], [ 100.36839424, -0.798110099999973 ], [ 100.36835831, -0.798491019999983 ], [ 100.368330571, -0.798785009999968 ], [ 100.368315511, -0.798944698999944 ], [ 100.3682756, -0.799367729999977 ], [ 100.36819968, -0.799465989999936 ], [ 100.36793435, -0.799820179999935 ], [ 100.36785574, -0.799911148999977 ], [ 100.36779264, -0.799992819999944 ], [ 100.36774729, -0.800051519999956 ], [ 100.36758271, -0.80026453999995 ], [ 100.36751432, -0.80035304999996 ], [ 100.36744256, -0.80044593999998 ], [ 100.36739325, -0.800470759999944 ], [ 100.36723081, -0.800552539999952 ], [ 100.367159481, -0.800588439999958 ], [ 100.36675185, -0.800793649999945 ], [ 100.36630316, -0.801019529999961 ], [ 100.36593815, -0.801203268999933 ], [ 100.36541608, -0.80140905999997 ], [ 100.3650495, -0.801478329999959 ], [ 100.36463126, -0.801557359999953 ], [ 100.36395739, -0.801710279999948 ], [ 100.36357653, -0.801828309999968 ], [ 100.36327711, -0.801921099999965 ], [ 100.362823021, -0.802041759999952 ], [ 100.3625363, -0.802099549999986 ], [ 100.36226412, -0.802154399999951 ], [ 100.36181751, -0.802175949999934 ], [ 100.361345201, -0.80219872999994 ], [ 100.36101403, -0.802214699999975 ], [ 100.36077585, -0.802158409999947 ], [ 100.36027728, -0.80204056999998 ], [ 100.35977445, -0.801921729999948 ], [ 100.35912164, -0.801721569999932 ], [ 100.35824567, -0.801407179999966 ], [ 100.35780867, -0.801164419999969 ], [ 100.35711442, -0.800778759999953 ], [ 100.35668346, -0.800525179999974 ], [ 100.356216871, -0.80025061899995 ], [ 100.35589384, -0.800060548999973 ], [ 100.35571313, -0.799788059999973 ], [ 100.35523869, -0.79907264999997 ], [ 100.35461736, -0.798920309999973 ], [ 100.35380183, -0.798859459999972 ], [ 100.35316469, -0.79891725999995 ], [ 100.35277896, -0.799065109999965 ], [ 100.35193188, -0.799657129999966 ], [ 100.35155753, -0.80024567999994 ], [ 100.35130113, -0.800694829999939 ], [ 100.35103952, -0.800875569999968 ], [ 100.35078813, -0.800927269999942 ], [ 100.35027501, -0.80079323999996 ], [ 100.34999793, -0.800767519999963 ], [ 100.34953627, -0.801118659999929 ], [ 100.34924938, -0.801629289999943 ], [ 100.34924912, -0.80162975899998 ], [ 100.34889907, -0.802135679999946 ], [ 100.34819291, -0.802531899999968 ], [ 100.34807748, -0.802596669999967 ], [ 100.34782757, -0.802703929999959 ], [ 100.34755885, -0.802819248999933 ], [ 100.34728509, -0.802936749999957 ], [ 100.34693111, -0.803080628999972 ], [ 100.34645021, -0.803185329999966 ], [ 100.346119661, -0.803271689999979 ], [ 100.34560209, -0.803445438999977 ], [ 100.34527079, -0.803564659999953 ], [ 100.34487748, -0.803706199999974 ], [ 100.34443783, -0.803941279999956 ], [ 100.34405469, -0.804146139999952 ], [ 100.34371341, -0.804328609999976 ], [ 100.34353121, -0.804403668999955 ], [ 100.34335793, -0.804475049999949 ], [ 100.34313465, -0.80456702999993 ], [ 100.34277107, -0.804591789999966 ], [ 100.3424999, -0.804610249999943 ], [ 100.34235554, -0.804588599999942 ], [ 100.34212438, -0.804553918999944 ], [ 100.34175609, -0.804427679999948 ], [ 100.34142105, -0.804312829999961 ], [ 100.34118439, -0.804267609999964 ], [ 100.34093467, -0.804219899999962 ], [ 100.340671, -0.80421832999997 ], [ 100.34038548, -0.804216629999928 ], [ 100.34018776, -0.804215449999958 ], [ 100.33990536, -0.804304779999943 ], [ 100.33975381, -0.804386799999978 ], [ 100.339556, -0.804493859999986 ], [ 100.33946857, -0.804541179999949 ], [ 100.33924473, -0.80460357999993 ], [ 100.33891484, -0.804695529999953 ], [ 100.33870819, -0.804715459999955 ], [ 100.33861298, -0.804682789999958 ], [ 100.3384802, -0.804625929999935 ], [ 100.33836563, -0.804539549999965 ], [ 100.33827509, -0.804498688999966 ], [ 100.338044471, -0.804460269999937 ], [ 100.33781663, -0.804410809999979 ], [ 100.33768997, -0.804365949999976 ], [ 100.33756139, -0.80432039999994 ], [ 100.33741613, -0.804236619999927 ], [ 100.337316111, -0.804144429999953 ], [ 100.33725269, -0.804035879999958 ], [ 100.33722599, -0.80388716999994 ], [ 100.33723562, -0.803714069999959 ], [ 100.33722589, -0.80357997999995 ], [ 100.33720646, -0.80347027999995 ], [ 100.33710201, -0.803269779999937 ], [ 100.33699527, -0.803148539999942 ], [ 100.336898261, -0.803101179999945 ], [ 100.33674306, -0.803073349999987 ], [ 100.3363232, -0.803056759999954 ], [ 100.33622343, -0.803041459999976 ], [ 100.33608068, -0.802985749999946 ], [ 100.335738781, -0.802807629999966 ], [ 100.33539077, -0.802518718999985 ], [ 100.33527889, -0.80244601999993 ], [ 100.33512376, -0.80238176999995 ], [ 100.33484264, -0.802208709999948 ], [ 100.33454644, -0.802026379999978 ], [ 100.33432284, -0.80182595999998 ], [ 100.33417376, -0.801676079999937 ], [ 100.33360216, -0.801780799999967 ], [ 100.333331521, -0.801819789999975 ], [ 100.332513247, -0.801937686999969 ], [ 100.33162886, -0.802065109999946 ], [ 100.331500351, -0.802083629999969 ], [ 100.33129092, -0.802113799999969 ], [ 100.330365202, -0.80224717999994 ], [ 100.32999187, -0.802300969999982 ], [ 100.32998805, -0.802301519999962 ], [ 100.32998481, -0.80230197999993 ], [ 100.32998274, -0.802302869999953 ], [ 100.329496682, -0.802511199999968 ], [ 100.32899558, -0.802725979999944 ], [ 100.328516379, -0.80293137199993 ], [ 100.32851083, -0.802933749999971 ], [ 100.32839847, -0.802981909999975 ], [ 100.32806681, -0.803124059999962 ], [ 100.32805907, -0.803127379999976 ], [ 100.32793744, -0.80315317899994 ], [ 100.327666688, -0.803210616999935 ], [ 100.326519471, -0.803453989999976 ], [ 100.326490229, -0.803460199999967 ], [ 100.32642277, -0.803474509999949 ], [ 100.32549048, -0.803578989999953 ], [ 100.32539724, -0.803569619999971 ], [ 100.32532209, -0.803575809999934 ], [ 100.32525469, -0.80359130999994 ], [ 100.32516715, -0.803609129999932 ], [ 100.325125021, -0.803619939999975 ], [ 100.3250525, -0.803638559999969 ], [ 100.32482164, -0.80370905999997 ], [ 100.324675579, -0.803780579999975 ], [ 100.32403059, -0.804213378999978 ], [ 100.32397809, -0.804248599999947 ], [ 100.32394469, -0.804302479999944 ], [ 100.32393296, -0.804323329999941 ], [ 100.32393074, -0.804327269999933 ], [ 100.32392919, -0.804356699999972 ], [ 100.32394159, -0.804404739999942 ], [ 100.32398962, -0.804500799999969 ], [ 100.324032159, -0.804579 ], [ 100.32405992, -0.804611189999957 ], [ 100.32413894, -0.804741340999962 ], [ 100.32420247, -0.804843599999967 ], [ 100.3242319, -0.804914868999961 ], [ 100.32423345, -0.80494896099998 ], [ 100.32422497, -0.80498076099997 ], [ 100.32422106, -0.804995439999981 ], [ 100.324186727, -0.80503136299996 ], [ 100.32418545, -0.805032699999975 ], [ 100.32405749, -0.805104599999943 ], [ 100.32314934, -0.805603449999987 ], [ 100.32243305, -0.806025549999962 ], [ 100.32234459, -0.806074199999961 ], [ 100.32225644, -0.806097049999949 ], [ 100.32216691, -0.806095258999969 ], [ 100.3221015, -0.80609394999994 ], [ 100.32201813, -0.806072389999938 ], [ 100.32192177, -0.806047468999973 ], [ 100.32188361, -0.806031859999959 ], [ 100.32179927, -0.805997359999937 ], [ 100.32178855, -0.805992969999978 ], [ 100.32171725, -0.805963809999988 ], [ 100.32166036, -0.80593100999994 ], [ 100.3214478, -0.80580844999997 ], [ 100.32119196, -0.80568336999994 ], [ 100.32097077, -0.805583219999969 ], [ 100.32088058, -0.805542369999951 ], [ 100.32077522, -0.805474199999938 ], [ 100.32058688, -0.805433579999945 ], [ 100.32056645, -0.805429169999972 ], [ 100.32045915, -0.805406029999977 ], [ 100.32034284, -0.805406029999977 ], [ 100.32031286, -0.805406029999977 ], [ 100.3200811, -0.805406029999977 ], [ 100.32001388, -0.805429199999941 ], [ 100.31999124, -0.805437009999931 ], [ 100.31996901, -0.805446729999968 ], [ 100.31996725, -0.805447499999951 ], [ 100.31988346, -0.805484119999956 ], [ 100.31987279, -0.805488789999978 ], [ 100.31978616, -0.805526649999934 ], [ 100.3197322, -0.805550239999954 ], [ 100.319686307, -0.805570296999971 ], [ 100.3195753, -0.805618809999947 ], [ 100.319523321, -0.805641529999953 ], [ 100.31939937, -0.805725200999973 ], [ 100.31930061, -0.805821359999933 ], [ 100.31911604, -0.806001069999984 ], [ 100.31904611, -0.806069160999927 ], [ 100.31897658, -0.806127759999921 ], [ 100.31888924, -0.806201378999965 ], [ 100.318829191, -0.806251989999971 ], [ 100.318766861, -0.806298739999936 ], [ 100.31871546, -0.806337289999933 ], [ 100.318662539, -0.806376979999923 ], [ 100.31859021, -0.806431229999932 ], [ 100.31853348, -0.806473779999983 ], [ 100.31848032, -0.80651248 ], [ 100.31843352, -0.806545529999939 ], [ 100.31839035, -0.806576019999964 ], [ 100.31830967, -0.806632989999977 ], [ 100.31823083, -0.806688669999974 ], [ 100.318134334, -0.806827197999952 ], [ 100.318190877, -0.807115297999932 ], [ 100.318262471, -0.80717028999993 ], [ 100.318136991000074, -0.80738867599996 ], [ 100.317961617000037, -0.807593726999926 ], [ 100.317897081000069, -0.807702198999948 ], [ 100.317659464, -0.807569133999947 ], [ 100.317408408, -0.807403731999958 ], [ 100.317275496, -0.807276726999939 ], [ 100.317269568, -0.80727240399995 ], [ 100.317139925, -0.807177873999939 ], [ 100.317133723, -0.80717335199996 ], [ 100.317039208, -0.807137907999961 ], [ 100.316906296, -0.807132000999963 ], [ 100.316798336, -0.807113624999946 ], [ 100.316767477, -0.807108371999956 ], [ 100.316728298, -0.807080211999958 ], [ 100.316682973, -0.807058588999948 ], [ 100.316682314, -0.807047161999955 ], [ 100.316672962, -0.807040439999985 ], [ 100.316646379, -0.806972506999958 ], [ 100.316599122, -0.806872083999966 ], [ 100.31654891, -0.806798243999942 ], [ 100.316463256, -0.80677166199996 ], [ 100.316442773, -0.806764833999982 ], [ 100.31639882, -0.806752878999932 ], [ 100.316171497, -0.806692129999931 ], [ 100.315997086, -0.806615701999934 ], [ 100.315974061729023, -0.806610877853116 ], [ 100.31579132, -0.806572588999933 ], [ 100.315585554, -0.806529476 ], [ 100.315617104, -0.806374355999939 ], [ 100.315591944, -0.806343389999944 ], [ 100.315524011, -0.806216384999974 ], [ 100.315453125, -0.806121869999966 ], [ 100.315379285, -0.806071658999939 ], [ 100.315169579, -0.806000772999935 ], [ 100.314962827, -0.805909210999979 ], [ 100.314806287, -0.805794020999942 ], [ 100.31472654, -0.805613850999984 ], [ 100.314679282, -0.805448448999929 ], [ 100.314677798, -0.805403932999983 ], [ 100.314661842, -0.805396855999962 ], [ 100.314326715, -0.805248211999931 ], [ 100.31431438, -0.805266028999943 ], [ 100.314264672, -0.805289803999926 ], [ 100.314167291, -0.805336379999973 ], [ 100.31408095, -0.805355569999963 ], [ 100.313857111, -0.805451499999944 ], [ 100.3137228, -0.805675339999934 ], [ 100.31361408, -0.805905569999937 ], [ 100.31353733, -0.806052669999928 ], [ 100.31337745, -0.806142208999978 ], [ 100.31325594, -0.806154998999949 ], [ 100.313163989, -0.806032396999966 ], [ 100.31312163, -0.805975918999932 ], [ 100.31301291, -0.805841619999971 ], [ 100.31285942, -0.805803249999942 ], [ 100.31277628, -0.805835219999957 ], [ 100.31273151, -0.805943948999932 ], [ 100.31273809, -0.806019609999968 ], [ 100.31275267, -0.806030589999984 ], [ 100.31278907, -0.806116619999956 ], [ 100.31295535, -0.806314879999948 ], [ 100.313054094, -0.806417026999954 ], [ 100.31310364, -0.806468279999935 ], [ 100.31312803, -0.806525929999967 ], [ 100.313018372, -0.806542056999949 ], [ 100.31291058, -0.806557909999931 ], [ 100.31276349, -0.806455579999979 ], [ 100.312706791, -0.80634623899994 ], [ 100.31270053, -0.806340079999927 ], [ 100.31263238, -0.806302089999981 ], [ 100.3124597, -0.806250929999976 ], [ 100.31230621, -0.806289299999958 ], [ 100.31211115, -0.806353259999988 ], [ 100.31192888, -0.806433199999964 ], [ 100.31178498, -0.806500349999971 ], [ 100.311682651, -0.806551519999974 ], [ 100.31157073, -0.806682619999954 ], [ 100.31151957, -0.806784948999959 ], [ 100.31151637, -0.806816928999979 ], [ 100.31152913, -0.806926609999957 ], [ 100.311544421, -0.806955339999943 ], [ 100.31154829, -0.806954629999954 ], [ 100.311559541, -0.806991199999971 ], [ 100.31160271, -0.807058349999982 ], [ 100.311668261, -0.807083939999931 ], [ 100.31172423, -0.807098329999982 ], [ 100.31177859, -0.807098329999982 ], [ 100.311835721, -0.807094919999949 ], [ 100.31183159, -0.807096589999963 ], [ 100.31196565, -0.807107918999982 ], [ 100.31207438, -0.807155879999931 ], [ 100.312096761, -0.807251819999983 ], [ 100.31209356, -0.807344549999922 ], [ 100.3120424, -0.807414898999986 ], [ 100.31191129, -0.807440479999971 ], [ 100.31180896, -0.807395709999986 ], [ 100.311681061, -0.807360539999941 ], [ 100.31152117, -0.807318969999928 ], [ 100.31140925, -0.807251819999983 ], [ 100.3113325, -0.807139899999932 ], [ 100.311323131, -0.807078989999989 ], [ 100.31131332, -0.807068279999953 ], [ 100.31131332, -0.807002389999978 ], [ 100.31130372, -0.806807329999975 ], [ 100.31131971, -0.806657039999958 ], [ 100.31130372, -0.806519539999959 ], [ 100.31128134, -0.80642040999993 ], [ 100.31124617, -0.806366049999962 ], [ 100.31119351, -0.806354959999964 ], [ 100.311193081, -0.806354868999968 ], [ 100.31116302, -0.806356449999963 ], [ 100.31112625, -0.80636444999994 ], [ 100.31109587, -0.806404419999978 ], [ 100.31108842, -0.806410209999974 ], [ 100.31108952, -0.806412369999982 ], [ 100.31107349, -0.806428399999968 ], [ 100.31102232, -0.806524328999963 ], [ 100.31098395, -0.806604279999939 ], [ 100.31093599, -0.806697009999943 ], [ 100.31093599, -0.806723329999961 ], [ 100.31093456, -0.806723099999943 ], [ 100.31093599, -0.806765759999962 ], [ 100.31094238, -0.806864889999934 ], [ 100.31097436, -0.80697360999995 ], [ 100.31101593, -0.807050359999958 ], [ 100.31101593, -0.807072159999967 ], [ 100.3110195, -0.807071918999954 ], [ 100.311054301, -0.807144689999975 ], [ 100.31107044, -0.807225360999953 ], [ 100.31102857, -0.807198269999967 ], [ 100.31102626, -0.807197499999981 ], [ 100.31092145, -0.807225449999974 ], [ 100.31082099, -0.807247369999981 ], [ 100.31070221, -0.807293348999963 ], [ 100.31060585, -0.807358949999981 ], [ 100.31059204, -0.807422709999971 ], [ 100.31056145, -0.807501359999945 ], [ 100.31056284, -0.807507349999988 ], [ 100.30999367, -0.807734129999972 ], [ 100.30999476, -0.807736829999961 ], [ 100.30978115, -0.807816749999977 ], [ 100.30977152, -0.807822939999939 ], [ 100.30977142, -0.807822679999964 ], [ 100.30973031, -0.807839069999945 ], [ 100.309730223, -0.807838706999984 ], [ 100.30972157, -0.807802569999982 ], [ 100.30966505, -0.807678599999984 ], [ 100.3095812, -0.807592919999945 ], [ 100.309567893, -0.807591981999968 ], [ 100.309296811, -0.807572869999942 ], [ 100.309171317, -0.807578969999948 ], [ 100.3090343, -0.807585629999953 ], [ 100.30898508, -0.807574689999969 ], [ 100.30896375, -0.807550449999948 ], [ 100.30886895, -0.80739535999993 ], [ 100.30874262, -0.807259308999963 ], [ 100.3086095, -0.807162219999947 ], [ 100.30856744, -0.807155849999961 ], [ 100.30856315, -0.807158878999938 ], [ 100.30855257, -0.807156309999932 ], [ 100.308514319, -0.807147420999968 ], [ 100.308513371, -0.807147199999977 ], [ 100.30840764, -0.807077919999932 ], [ 100.30834383, -0.806995889999939 ], [ 100.30827091, -0.80693390999994 ], [ 100.30826372, -0.806930369999984 ], [ 100.30823035, -0.806902 ], [ 100.30818113, -0.806854609999965 ], [ 100.308140800000047, -0.806822699999941 ], [ 100.308141040000066, -0.806819814999926 ], [ 100.308110197000076, -0.806815671999971 ], [ 100.308122602000083, -0.806805703999942 ], [ 100.308124397000086, -0.806798266999976 ], [ 100.308109267000077, -0.806786983999928 ], [ 100.30806515900008, -0.806748773999971 ], [ 100.308023103000039, -0.806713897999941 ], [ 100.307987970000056, -0.806684149999967 ], [ 100.307943606000038, -0.806647478999935 ], [ 100.307921039000064, -0.806628502999956 ], [ 100.307868212000074, -0.806586189999962 ], [ 100.307848466000053, -0.806570546999978 ], [ 100.307777945000055, -0.806507974999931 ], [ 100.307774867000035, -0.806505923999964 ], [ 100.307770451000067, -0.806509099999971 ], [ 100.307718652000062, -0.806446005999931 ], [ 100.307638428000075, -0.806514647999961 ], [ 100.307439716169938, -0.80665738502658 ], [ 100.307227010305738, -0.806818313805446 ], [ 100.307032496390406, -0.80697644382294 ], [ 100.306846378759204, -0.807081397374375 ], [ 100.30666305988936, -0.807184951545123 ], [ 100.30665928500008, -0.807283506999966 ], [ 100.306603887000051, -0.807321565999928 ], [ 100.306484890000036, -0.807280289999937 ], [ 100.30605081, -0.807129739999938 ], [ 100.30599784, -0.807071419999939 ], [ 100.305208074, -0.806201968999973 ], [ 100.30517591, -0.806166558999963 ], [ 100.30494748, -0.806123729999976 ], [ 100.30426814, -0.806069429999982 ], [ 100.30374086, -0.806027298999947 ], [ 100.30350515, -0.806008459999931 ], [ 100.303302101, -0.806005659999923 ], [ 100.30285965, -0.805952109999971 ], [ 100.302537841, -0.805913169999947 ], [ 100.302337801, -0.805915609999955 ], [ 100.30200138, -0.805919709999955 ], [ 100.30173951, -0.805922899999926 ], [ 100.30106642, -0.805999939999947 ], [ 100.3010235, -0.806004859999979 ], [ 100.30059213, -0.806080639999951 ], [ 100.30024722, -0.806096679999943 ], [ 100.299949516, -0.806110530999942 ], [ 100.29988162, -0.806113689999966 ], [ 100.29937766, -0.806022809999953 ], [ 100.29902987, -0.805913319999946 ], [ 100.299015773530115, -0.805913991142747 ], [ 100.29845941, -0.805940479999955 ], [ 100.29785084, -0.806168699999954 ], [ 100.29739432, -0.806339889999953 ], [ 100.29693367, -0.806646989999932 ], [ 100.29609353, -0.807300439999947 ], [ 100.296084021, -0.807314059999959 ] ] ] ] } },
{ "type": "Feature", "properties": { "fid": null, "kk": null, "gid": 79360, "bstt": null, "luas": 3.1394012429631322, "bsbtt": null, "idsls": "13060900030001", "kdkab": "06", "kdkec": "090", "kdsls": "0001", "nmkab": "PADANG PARIAMAN", "nmkec": "SUNGAI GARINGGIANG", "nmsls": "KORONG KAMPUANG KOTO", "bstt_k": null, "kddesa": "003", "kdprov": "13", "khusus": null, "muatan": null, "nmdesa": "BATU GADANG KURANJI HULU", "nmprov": "SUMATERA BARAT", "posisi": "", "rw_dki": "", "segmen": "", "sumber": "", "dom_sls": "", "periode": "2024_1", "tingkat": null, "nm_gedung": "", "wil_campur": null, "iddesa": "1306090003", "idkec": "1306090", "idkab": "1306" }, "geometry": { "type": "MultiPolygon", "coordinates": [ [ [ [ 100.099594271, -0.489892879999955 ], [ 100.099666386, -0.490193359999986 ], [ 100.099534175, -0.491166914999952 ], [ 100.099269753, -0.491467394999978 ], [ 100.099221676, -0.491803931999925 ], [ 100.099222761664976, -0.491815331662891 ], [ 100.099245714, -0.492056334999975 ], [ 100.09916158, -0.492152488999984 ], [ 100.098969273, -0.492152488999984 ], [ 100.098837062, -0.492092392999946 ], [ 100.098596678, -0.491996238999944 ], [ 100.098404371, -0.491924123999979 ], [ 100.098200045, -0.491888065999955 ], [ 100.098019757, -0.491839989999966 ], [ 100.097881536, -0.49178590299994 ], [ 100.09774031, -0.491749845999954 ], [ 100.097626128, -0.491743835999966 ], [ 100.097529974, -0.491752849999961 ], [ 100.097436826, -0.491782897999943 ], [ 100.097367715, -0.491830974999976 ], [ 100.097271562, -0.49178590299994 ], [ 100.097133341, -0.491722801999968 ], [ 100.096938029, -0.491644677999946 ], [ 100.096655578, -0.491545518999948 ], [ 100.096285988, -0.491404293999955 ], [ 100.095928417, -0.491305134999949 ], [ 100.095727095, -0.491184943999938 ], [ 100.095438634, -0.491022683999967 ], [ 100.095425783, -0.491018667999932 ], [ 100.095198251, -0.490947563999952 ], [ 100.094930823, -0.490911506999971 ], [ 100.094780584, -0.490896482999981 ], [ 100.093034795, -0.491139871999968 ], [ 100.091977106, -0.49081535299996 ], [ 100.090354515, -0.490526892999981 ], [ 100.089812639, -0.490312399999938 ], [ 100.089550608, -0.490354324999939 ], [ 100.087965077, -0.490309451999971 ], [ 100.086992818, -0.490189788999939 ], [ 100.086274842, -0.490189788999939 ], [ 100.085227794, -0.490488945999966 ], [ 100.083911504, -0.490773143999946 ], [ 100.083253359, -0.490503902999934 ], [ 100.082595215, -0.49004021099995 ], [ 100.082026049, -0.490064121999982 ], [ 100.081873265, -0.490375362999942 ], [ 100.08182949, -0.489993894999942 ], [ 100.081804476, -0.489750004999963 ], [ 100.081804476, -0.489581158999957 ], [ 100.081785715, -0.489274733999942 ], [ 100.081860758, -0.488918279999949 ], [ 100.081816568, -0.488726634999982 ], [ 100.08178321, -0.48856818099996 ], [ 100.081761484, -0.488365407999934 ], [ 100.081758191, -0.488334669999975 ], [ 100.081724832, -0.488173435999953 ], [ 100.081744291, -0.488076139999974 ], [ 100.081770296, -0.488069638999943 ], [ 100.081785209, -0.487995070999954 ], [ 100.082012801, -0.487881275999942 ], [ 100.082356609, -0.487656104999939 ], [ 100.082622939, -0.487440619999978 ], [ 100.082692137, -0.487276040999976 ], [ 100.082632624, -0.487009648999959 ], [ 100.082729471, -0.486573834999946 ], [ 100.082690733, -0.486084755999971 ], [ 100.082579358, -0.485595676999941 ], [ 100.082574516, -0.485063015999979 ], [ 100.082647151, -0.484418980999982 ], [ 100.082487353, -0.48398316699997 ], [ 100.082187126, -0.483503772999946 ], [ 100.082175601, -0.483380835999989 ], [ 100.081982703, -0.483149358999926 ], [ 100.081795096, -0.482836679999933 ], [ 100.081444896, -0.482161293999986 ], [ 100.081094696, -0.479809950999941 ], [ 100.080494353, -0.477658721999947 ], [ 100.080381788, -0.476670656999942 ], [ 100.080231703, -0.476307949999981 ], [ 100.080094124, -0.476020285999942 ], [ 100.079881502, -0.475795156999939 ], [ 100.079618852, -0.475570027999941 ], [ 100.079352879, -0.475355203999928 ], [ 100.079293667, -0.475307377999974 ], [ 100.079043524, -0.475007206999981 ], [ 100.078893438, -0.474744556999946 ], [ 100.078805888, -0.47450692099994 ], [ 100.078955974, -0.474406863999951 ], [ 100.079068538, -0.474419370999952 ], [ 100.079381217, -0.474419370999952 ], [ 100.079593838, -0.474381848999948 ], [ 100.079668881, -0.474344327999971 ], [ 100.079969052, -0.474219256999968 ], [ 100.080194181, -0.47404415599993 ], [ 100.080356774, -0.47388156399995 ], [ 100.080494353, -0.473618913999935 ], [ 100.080494353, -0.473393784999932 ], [ 100.080369281, -0.473268712999925 ], [ 100.079944038, -0.473193670999937 ], [ 100.079643867, -0.47306859899994 ], [ 100.079368709, -0.472868484999938 ], [ 100.079093552, -0.472693384999961 ], [ 100.078918452, -0.47260583499997 ], [ 100.078708648, -0.472572674999987 ], [ 100.077930277, -0.472272445999983 ], [ 100.077196667, -0.472061666999944 ], [ 100.076340178, -0.471416238999956 ], [ 100.075962113, -0.470504433999962 ], [ 100.075584048, -0.469425835999969 ], [ 100.074950232, -0.468914334999969 ], [ 100.074445859075169, -0.468720822202089 ], [ 100.074413333, -0.468708332999949 ], [ 100.073393492, -0.468725302999929 ], [ 100.071269653, -0.469270161999938 ], [ 100.069657315, -0.469848378999931 ], [ 100.068784428, -0.470081890999954 ], [ 100.068021667, -0.47035 ], [ 100.067950912, -0.470353080999934 ], [ 100.067940305, -0.47025761799995 ], [ 100.067790219, -0.470032488999952 ], [ 100.067718541, -0.46989334899996 ], [ 100.067616283, -0.469967201999961 ], [ 100.067613393, -0.469967683999935 ], [ 100.06758635, -0.469972190999955 ], [ 100.067553297, -0.469985712999974 ], [ 100.067529259, -0.470000736999965 ], [ 100.067502215, -0.470033788999962 ], [ 100.067493029, -0.470045271999944 ], [ 100.067472167, -0.470071348999979 ], [ 100.067452636, -0.470105904999972 ], [ 100.067419583, -0.47018402899994 ], [ 100.067415076, -0.470238115999967 ], [ 100.067415076, -0.470283187999938 ], [ 100.067413574, -0.470328259999976 ], [ 100.067418081, -0.470448451999979 ], [ 100.067422588, -0.470489015999934 ], [ 100.067431603, -0.470528078999967 ], [ 100.067437612, -0.470555121999952 ], [ 100.067440617, -0.470586671999972 ], [ 100.067443622, -0.470615217999975 ], [ 100.067449631, -0.47064376399993 ], [ 100.067454712, -0.470661544999934 ], [ 100.067443146, -0.470873594999943 ], [ 100.067440661354297, -0.47091477865125 ], [ 100.067418131, -0.471286330999938 ], [ 100.067336835, -0.471649037999953 ], [ 100.067074185, -0.473518855999953 ], [ 100.066989797, -0.473714279999972 ], [ 100.066955367, -0.473794013999965 ], [ 100.066905338, -0.47404415599993 ], [ 100.066880324, -0.474175481999965 ], [ 100.066811535, -0.474757063999968 ], [ 100.06668021, -0.475101009999947 ], [ 100.066648942, -0.475394927999962 ], [ 100.066630181, -0.475632563999967 ], [ 100.066617674, -0.475876452999958 ], [ 100.065899064, -0.478822753999964 ], [ 100.065429495, -0.480747986999971 ], [ 100.064353881, -0.482599043999933 ], [ 100.063678495, -0.483849758999949 ], [ 100.063178209, -0.485075458999968 ], [ 100.062727952, -0.486126059999952 ], [ 100.062485579, -0.487617581999933 ], [ 100.062322251, -0.48757376199996 ], [ 100.061871994, -0.487436182999944 ], [ 100.060933958, -0.487161025999973 ], [ 100.05969575, -0.486948404999966 ], [ 100.058069821, -0.486660739999939 ], [ 100.055268221, -0.48557261799994 ], [ 100.053054456, -0.484622074999955 ], [ 100.051359737, -0.483884153999953 ], [ 100.051015791, -0.483790349999941 ], [ 100.050740634, -0.483608996999979 ], [ 100.050640576, -0.482946117999973 ], [ 100.050635018724876, -0.482877371422304 ], [ 100.05058449330997, -0.482759595680102 ], [ 100.050523038850343, -0.482676017615009 ], [ 100.050429628071711, -0.482604730441842 ], [ 100.050343591828238, -0.482528526911904 ], [ 100.050193642946752, -0.482378578030414 ], [ 100.050097773989734, -0.482290083608551 ], [ 100.050028944994949, -0.48211063658644 ], [ 100.050065817670742, -0.481992644023956 ], [ 100.050154312092602, -0.481823029715385 ], [ 100.05030917733086, -0.481555088271411 ], [ 100.050427169893354, -0.481336310395139 ], [ 100.050554995169378, -0.48107574348632 ], [ 100.050647173244229, -0.480899962041228 ], [ 100.050628069, -0.480794889 ], [ 100.050459223, -0.480744859999967 ], [ 100.050090262, -0.480682323999933 ], [ 100.049690033, -0.480563505999953 ], [ 100.049314819, -0.480438434999951 ], [ 100.049033408, -0.480407166999955 ], [ 100.048708222, -0.480419673999968 ], [ 100.048376783, -0.48049471699994 ], [ 100.048185690021484, -0.480562161686337 ], [ 100.04795154, -0.480644802999957 ], [ 100.047595086, -0.480869930999969 ], [ 100.04751506, -0.48091404899998 ], [ 100.047501309, -0.480921628999967 ], [ 100.047107308, -0.481138834999975 ], [ 100.046694572, -0.48133269599993 ], [ 100.04628809, -0.481526556999946 ], [ 100.045980548, -0.481480994999967 ], [ 100.045742465, -0.481600035999974 ], [ 100.045448547, -0.482000264999957 ], [ 100.045223419, -0.482219139999932 ], [ 100.044854458, -0.482681903999948 ], [ 100.044700797375825, -0.482411487220307 ], [ 100.044316561794304, -0.481826780900591 ], [ 100.044116091056111, -0.481392427634516 ], [ 100.043915620317918, -0.480974780263291 ], [ 100.043730378, -0.480676070999958 ], [ 100.043448967, -0.480626041999931 ], [ 100.042811103, -0.480432180999975 ], [ 100.041904335, -0.479713019999958 ], [ 100.041522867, -0.47917521299996 ], [ 100.040678635, -0.47683012299996 ], [ 100.040591085, -0.476279808999956 ], [ 100.040703649, -0.475466843999929 ], [ 100.04074117, -0.47502909399998 ], [ 100.041066356, -0.473903450999958 ], [ 100.041891828, -0.472352564999941 ], [ 100.042367099, -0.471351992999932 ], [ 100.043419427, -0.469969283999948 ], [ 100.043452764, -0.469969283999948 ], [ 100.043502793, -0.46996302999998 ], [ 100.043576272, -0.469936451999963 ], [ 100.043634118, -0.469909874999928 ], [ 100.043702907, -0.469858282999952 ], [ 100.043752936, -0.469786366999924 ], [ 100.04378264, -0.46974415499995 ], [ 100.043821725, -0.469695689999979 ], [ 100.04385612, -0.469623773999964 ], [ 100.043866749, -0.46960444699994 ], [ 100.0441236, -0.469292949999956 ], [ 100.04514696, -0.468504109999968 ], [ 100.04531752, -0.468184309999968 ], [ 100.04532519, -0.46808460999995 ], [ 100.04536016, -0.467629989999986 ], [ 100.04535136, -0.466459699999978 ], [ 100.0453495, -0.466212219999931 ], [ 100.04521092, -0.46554063999998 ], [ 100.04483782, -0.463792399999937 ], [ 100.04473122, -0.463120829999989 ], [ 100.0445433, -0.461839319999964 ], [ 100.0444947, -0.461507849999971 ], [ 100.0443919, -0.461125779999975 ], [ 100.04437011, -0.461044799999976 ], [ 100.0443328, -0.460823599999969 ], [ 100.04429949, -0.46059553999993 ], [ 100.04429949, -0.460279949999973 ], [ 100.04426751, -0.459922839999934 ], [ 100.04427284, -0.459693649999965 ], [ 100.044588883, -0.458496515999969 ], [ 100.044665957, -0.458400172999969 ], [ 100.044791029, -0.458250087999945 ], [ 100.044966129, -0.457937408999952 ], [ 100.045066186, -0.457737294999964 ], [ 100.045303822, -0.457399601999951 ], [ 100.045553965, -0.456999372999972 ], [ 100.045766586, -0.456711708999937 ], [ 100.045966701, -0.45632398699996 ], [ 100.045973286, -0.456310267999929 ], [ 100.046116786, -0.456011307999967 ], [ 100.046341915, -0.45552352999994 ], [ 100.047004794, -0.454648029999929 ], [ 100.047292458, -0.454385378999971 ], [ 100.047667672, -0.454110221999951 ], [ 100.04803038, -0.453960136999974 ], [ 100.04838058, -0.453897600999942 ], [ 100.048780809, -0.453847571999971 ], [ 100.048855851, -0.453822557999963 ], [ 100.048960234, -0.453541526999966 ], [ 100.049018444, -0.453384807999951 ], [ 100.04916853, -0.452959564999961 ], [ 100.04934363, -0.45230919299996 ], [ 100.049706337, -0.451396171999929 ], [ 100.049893945, -0.450758306999944 ], [ 100.050269159, -0.449357506999947 ], [ 100.05039423, -0.449132377999947 ], [ 100.05087054, -0.448727514999972 ], [ 100.050894516, -0.448707134999957 ], [ 100.051507366, -0.448119298999933 ], [ 100.051945116, -0.447619012999955 ], [ 100.052570474, -0.446443341999951 ], [ 100.05261852, -0.446377277999944 ], [ 100.052870645, -0.446030605999967 ], [ 100.053195831, -0.445367726999972 ], [ 100.053546031, -0.443979433999977 ], [ 100.053458481, -0.44307891899996 ], [ 100.053145803, -0.442078347999943 ], [ 100.052482924, -0.440202275999982 ], [ 100.051757263, -0.438657654999926 ], [ 100.05178773, -0.438633599999951 ], [ 100.05196144, -0.438561229999953 ], [ 100.05209171, -0.438503319999943 ], [ 100.05222742, -0.438474369999944 ], [ 100.05237217, -0.438474369999944 ], [ 100.05248616, -0.438463519999974 ], [ 100.05261644, -0.438447229999961 ], [ 100.05264901, -0.438423709999942 ], [ 100.05268158, -0.438373049999941 ], [ 100.05270872, -0.438304289999962 ], [ 100.05274129, -0.438240959999973 ], [ 100.05276662, -0.438219249999976 ], [ 100.05279557, -0.438201149999945 ], [ 100.05287699, -0.438193919999953 ], [ 100.05296384, -0.438202959999966 ], [ 100.05303803, -0.438202959999966 ], [ 100.05307422, -0.438192109999934 ], [ 100.0531104, -0.438148679999924 ], [ 100.05313574, -0.438103449999971 ], [ 100.05316107, -0.438047359999926 ], [ 100.05320811, -0.438011169999936 ], [ 100.05330401, -0.437958699999967 ], [ 100.05338905, -0.437967739999981 ], [ 100.05341619, -0.437967739999981 ], [ 100.05348857, -0.437938789999977 ], [ 100.05353018, -0.43788450999995 ], [ 100.05356275, -0.437822989999972 ], [ 100.05360075, -0.437777759999967 ], [ 100.05370389, -0.437701759999921 ], [ 100.05381788, -0.437636619999984 ], [ 100.05385226, -0.437589579999956 ], [ 100.05388483, -0.437522629999933 ], [ 100.05393006, -0.437428539999927 ], [ 100.05397349, -0.437390539999969 ], [ 100.05403139, -0.437367019999962 ], [ 100.05410014, -0.437334449999983 ], [ 100.05417433, -0.437330829999959 ], [ 100.05430461, -0.437345309999964 ], [ 100.05452535, -0.43735616999993 ], [ 100.05466468, -0.437341689999938 ], [ 100.05482029, -0.437325409999971 ], [ 100.05502475, -0.437260269999968 ], [ 100.05509531, -0.437196939999978 ], [ 100.05525997, -0.437055809999953 ], [ 100.0553432, -0.43696894999994 ], [ 100.05541377, -0.436925529999939 ], [ 100.05550062, -0.436876679999961 ], [ 100.05565804, -0.436836869999979 ], [ 100.05572317, -0.436816969999938 ], [ 100.05575394, -0.436789819999947 ], [ 100.05579012, -0.436726499999971 ], [ 100.05579555, -0.436619739999966 ], [ 100.05578831, -0.436485849999943 ], [ 100.05579917, -0.436384519999929 ], [ 100.05581726, -0.436274149999974 ], [ 100.0558426, -0.436221669999956 ], [ 100.05588602, -0.436203579999937 ], [ 100.05596744, -0.436185489999965 ], [ 100.05605972, -0.436167389999982 ], [ 100.05615381, -0.436160149999982 ], [ 100.05620086, -0.436147489999937 ], [ 100.05623704, -0.43612215999998 ], [ 100.05630761, -0.436019019999948 ], [ 100.05638361, -0.435906839999973 ], [ 100.05646141, -0.43581093999996 ], [ 100.05648985, -0.43577083999998 ], [ 100.05653198, -0.435711419999969 ], [ 100.05660073, -0.435655329999977 ], [ 100.05668758, -0.435637239999953 ], [ 100.05668911, -0.435637259999968 ], [ 100.05679977, -0.435639049999971 ], [ 100.05689205, -0.435637239999953 ], [ 100.0569988, -0.435610099999967 ], [ 100.0570567, -0.435581149999968 ], [ 100.05712727, -0.435496099999962 ], [ 100.0571526, -0.435416489999978 ], [ 100.05723945, -0.435278979999973 ], [ 100.05726044, -0.435254279999926 ], [ 100.05727021, -0.435242789999968 ], [ 100.05731906, -0.435210219999937 ], [ 100.05732699, -0.435209669999951 ], [ 100.05737154, -0.435206599999966 ], [ 100.05746201, -0.435213839999969 ], [ 100.05763571, -0.435237359999969 ], [ 100.05777865, -0.435244599999977 ], [ 100.05791978, -0.435260879999938 ], [ 100.05800483, -0.43524640999994 ], [ 100.05808806, -0.435204789999944 ], [ 100.05811882, -0.435145079999935 ], [ 100.05819662, -0.434984039999969 ], [ 100.05824548, -0.434891769999976 ], [ 100.05826719, -0.43481214999998 ], [ 100.05828347, -0.434781389999958 ], [ 100.058307, -0.434770539999937 ], [ 100.05836671, -0.434768729999985 ], [ 100.05844089, -0.434785009999936 ], [ 100.05850965, -0.434774149999957 ], [ 100.05856574, -0.434739779999979 ], [ 100.05857841, -0.434710829999978 ], [ 100.05859107, -0.434658349999955 ], [ 100.05865983, -0.434557029999954 ], [ 100.05869963, -0.434499129999947 ], [ 100.05871049, -0.434426749999944 ], [ 100.05872085, -0.434407319999943 ], [ 100.05873944, -0.434372469999978 ], [ 100.05876477, -0.434357989999975 ], [ 100.05886248, -0.434354369999937 ], [ 100.05886644, -0.434354909999966 ], [ 100.0592895, -0.434412269999941 ], [ 100.05943606, -0.434405039999945 ], [ 100.05967309, -0.434441229999945 ], [ 100.05983594, -0.434462939999947 ], [ 100.05999516, -0.43444483999998 ], [ 100.06007478, -0.434426749999944 ], [ 100.06011458, -0.434397799999943 ], [ 100.06017249, -0.434338089999934 ], [ 100.06019782, -0.434283809999954 ], [ 100.06025391, -0.434249429999972 ], [ 100.06030457, -0.434225909999957 ], [ 100.06037152, -0.434244 ], [ 100.06044932, -0.434260289999949 ], [ 100.06056332, -0.43425123999998 ], [ 100.06063207, -0.434225909999957 ], [ 100.06067731, -0.434157149999972 ], [ 100.06072254, -0.434073919999945 ], [ 100.06078587, -0.433959929999962 ], [ 100.06082025, -0.433856789999942 ], [ 100.06081844, -0.43376088999998 ], [ 100.06082206, -0.433551 ], [ 100.06084528, -0.433463919999952 ], [ 100.06085101, -0.433442439999971 ], [ 100.06091615, -0.433348349999964 ], [ 100.060927, -0.43329044999996 ], [ 100.06091253, -0.433156549999974 ], [ 100.06090891, -0.433008179999943 ], [ 100.06101024, -0.432896 ], [ 100.06120203, -0.432816389999975 ], [ 100.06137573, -0.432744009999972 ], [ 100.06141453, -0.432706349999931 ], [ 100.06158201, -0.432649919999961 ], [ 100.06234195, -0.432476219999958 ], [ 100.06355063, -0.432186719999959 ], [ 100.06441191, -0.431955109999937 ], [ 100.06496196, -0.431730749999932 ], [ 100.06509948, -0.431622179999984 ], [ 100.06517909, -0.431484669999979 ], [ 100.06541069, -0.431289249999969 ], [ 100.065816, -0.431166219999966 ], [ 100.06616611, -0.431193669999975 ], [ 100.06618512, -0.431195169999969 ], [ 100.06659766, -0.431332679999975 ], [ 100.06675688, -0.431470189999978 ], [ 100.06694506, -0.431448479999974 ], [ 100.06708258, -0.431260299999964 ], [ 100.06722733, -0.430999749999955 ], [ 100.06741551, -0.430891189999951 ], [ 100.06764711, -0.430789859999957 ], [ 100.06769777, -0.430666819999948 ], [ 100.06771949, -0.430514829999941 ], [ 100.06780634, -0.430341129999936 ], [ 100.06800175, -0.430152949999983 ], [ 100.06816822, -0.430015439999983 ], [ 100.06835639, -0.42995753999998 ], [ 100.06848667, -0.429943059999976 ], [ 100.06869656, -0.429848969999971 ], [ 100.06880512, -0.42974764999997 ], [ 100.06879969, -0.42966619999994 ], [ 100.06879789, -0.429639079999958 ], [ 100.06871104, -0.429537759999967 ], [ 100.06859523, -0.42940747999996 ], [ 100.06860971, -0.429212059999945 ], [ 100.06869656, -0.429103499999941 ], [ 100.06894988, -0.428893609999934 ], [ 100.06907292, -0.428719909999927 ], [ 100.0691091, -0.428567919999983 ], [ 100.06910494, -0.428393049999957 ], [ 100.06910187, -0.428263939999966 ], [ 100.06918148, -0.428097479999971 ], [ 100.06928281, -0.428025099999967 ], [ 100.06940584, -0.427981669999959 ], [ 100.06951404, -0.427989139999969 ], [ 100.06961573, -0.427996149999963 ], [ 100.0697243, -0.427916539999961 ], [ 100.0697822, -0.42782967999995 ], [ 100.06983526, -0.427608589999979 ], [ 100.07002104, -0.427243439999934 ], [ 100.07033949, -0.426830899999965 ], [ 100.07062176, -0.426244649999946 ], [ 100.07064347, -0.425976859999935 ], [ 100.0705698, -0.425403279999961 ], [ 100.07049585, -0.425260089999941 ], [ 100.07045431, -0.425179659999977 ], [ 100.07038751, -0.425015789999975 ], [ 100.07028257, -0.424758369999956 ], [ 100.07026779, -0.424643809999965 ], [ 100.07027902, -0.424464109999977 ], [ 100.07020321, -0.424274569999971 ], [ 100.07014951, -0.424140319999943 ], [ 100.07009068, -0.423922319999973 ], [ 100.07008799, -0.423912339999959 ], [ 100.07007351, -0.423789299999956 ], [ 100.07005542, -0.423637309999942 ], [ 100.07002306, -0.423570109999962 ], [ 100.07000837, -0.423539599999978 ], [ 100.06998777, -0.42351670999994 ], [ 100.0699758, -0.423503409999971 ], [ 100.0697558, -0.423419599999934 ], [ 100.06959583, -0.423358659999965 ], [ 100.0694945, -0.423318849999937 ], [ 100.06945108, -0.423275429999939 ], [ 100.069430936153495, -0.423249566978456 ], [ 100.06938232, -0.423188579999936 ], [ 100.06937508, -0.423112579999955 ], [ 100.06942575, -0.422985929999927 ], [ 100.06943389, -0.422969249999941 ], [ 100.06950174, -0.422830319999957 ], [ 100.06954517, -0.422696419999968 ], [ 100.06953431, -0.422609569999963 ], [ 100.06946555, -0.422450339999954 ], [ 100.06938232, -0.422320069999955 ], [ 100.06924843, -0.422186169999981 ], [ 100.06920356, -0.422145509999959 ], [ 100.06913262, -0.422081229999953 ], [ 100.06909644, -0.421994379999949 ], [ 100.06910816, -0.421949849999981 ], [ 100.06911453, -0.421925619999971 ], [ 100.06913624, -0.421860479999967 ], [ 100.06919053, -0.421795339999959 ], [ 100.06927376, -0.421748299999938 ], [ 100.06931356, -0.421683159999932 ], [ 100.0693208, -0.421603549999933 ], [ 100.06930293, -0.421468199999941 ], [ 100.06930106, -0.421454089999939 ], [ 100.06929547, -0.421411749999955 ], [ 100.06922671, -0.42128870999995 ], [ 100.06902406, -0.421002829999964 ], [ 100.06894221, -0.420900029999931 ], [ 100.06890285, -0.420850599999944 ], [ 100.06886845, -0.420807409999959 ], [ 100.06883226, -0.420774839999984 ], [ 100.06881445, -0.420774839999984 ], [ 100.06877798, -0.420774839999984 ], [ 100.06862961, -0.42087616999993 ], [ 100.06839439, -0.421053489999959 ], [ 100.06834011, -0.421107769999941 ], [ 100.06828945, -0.421133099999962 ], [ 100.06826049, -0.421136719999943 ], [ 100.06820621, -0.421075199999963 ], [ 100.06797823, -0.420673509999974 ], [ 100.06777544, -0.420311869999985 ], [ 100.0677611, -0.420286299999929 ], [ 100.06763444, -0.420054699999985 ], [ 100.06759963, -0.420024629999944 ], [ 100.06755483, -0.419985939999955 ], [ 100.06746918, -0.419958109999934 ], [ 100.06746825, -0.419958009999958 ], [ 100.06725769, -0.419970389999944 ], [ 100.06656407, -0.420143799999952 ], [ 100.06637828, -0.420131409999958 ], [ 100.06593238, -0.419400629999928 ], [ 100.06574047, -0.419161929999968 ], [ 100.06569477, -0.419142759999949 ], [ 100.06567329, -0.41913723999995 ], [ 100.06563144, -0.419126479999933 ], [ 100.065626725, -0.419125159999972 ], [ 100.06554097, -0.419101149999969 ], [ 100.06542651, -0.419078939999969 ], [ 100.06528722, -0.41907318999995 ], [ 100.06526323, -0.419072199999967 ], [ 100.06520352, -0.419084859999943 ], [ 100.06514652, -0.419113809999946 ], [ 100.06503434, -0.419188899999939 ], [ 100.06492939, -0.419261319999974 ], [ 100.06486968, -0.419294749999956 ], [ 100.06478102, -0.419352649999957 ], [ 100.0647195, -0.419434079999974 ], [ 100.06466522, -0.419466649999952 ], [ 100.06459104, -0.419493789999932 ], [ 100.0645078, -0.419475689999964 ], [ 100.06441733, -0.419406939999929 ], [ 100.06429249, -0.419334559999922 ], [ 100.06419116, -0.419282089999967 ], [ 100.06407536, -0.419260369999961 ], [ 100.06398851, -0.419273039999955 ], [ 100.06388356, -0.419301989999956 ], [ 100.06379671, -0.419350839999937 ], [ 100.06376776, -0.419385219999921 ], [ 100.06376957, -0.419419599999969 ], [ 100.0638148, -0.419484739999975 ], [ 100.0638528, -0.419526359999959 ], [ 100.06390527, -0.419611399999961 ], [ 100.06392156, -0.419709109999928 ], [ 100.06390166, -0.419821289999969 ], [ 100.06387451, -0.419973279999962 ], [ 100.06379128, -0.420070979999938 ], [ 100.06369538, -0.420094509999965 ], [ 100.06361034, -0.42008907999997 ], [ 100.06348911, -0.420061939999921 ], [ 100.063420193892554, -0.420048349021992 ], [ 100.06324922, -0.420014529999956 ], [ 100.06324883, -0.419972869999928 ], [ 100.06324185, -0.419950329999948 ], [ 100.06323903, -0.419946339999963 ], [ 100.06315092, -0.419821519999975 ], [ 100.06308022, -0.419768489999969 ], [ 100.06300367, -0.419711089999973 ], [ 100.06279508, -0.419600649999962 ], [ 100.06252513, -0.419404319999958 ], [ 100.06231653, -0.41939204999995 ], [ 100.06223042, -0.419370529999981 ], [ 100.0621202, -0.419342969999952 ], [ 100.06197295, -0.419195729999958 ], [ 100.06195525, -0.419018649999948 ], [ 100.06190661, -0.418871939999975 ], [ 100.06180794, -0.418686929999977 ], [ 100.06173926, -0.41853089999996 ], [ 100.06167846, -0.418287709999967 ], [ 100.061604563807464, -0.418013493011189 ], [ 100.06159144, -0.417967829999961 ], [ 100.06157626, -0.417912049999924 ], [ 100.06144239, -0.41742 ], [ 100.06125085, -0.416908329999953 ], [ 100.06124931, -0.416905609999962 ], [ 100.06089315, -0.416274489999983 ], [ 100.06063931, -0.415995539999926 ], [ 100.06057303, -0.415919969999952 ], [ 100.06052486, -0.41586505 ], [ 100.06014828, -0.415178349999961 ], [ 100.06010459, -0.415048269999945 ], [ 100.060069048, -0.414792709999976 ], [ 100.0600063, -0.414341529999951 ], [ 100.05998514, -0.41418937999993 ], [ 100.05997512, -0.413908869999945 ], [ 100.0599606, -0.413502229999948 ], [ 100.05994863, -0.413010279999989 ], [ 100.05995598, -0.412891949999966 ], [ 100.05995621, -0.412891849999938 ], [ 100.05998215, -0.412684359999952 ], [ 100.06001896, -0.41245122999993 ], [ 100.06005442, -0.412124129999937 ], [ 100.060063767465891, -0.412054889787662 ], [ 100.06006465, -0.412029849999952 ], [ 100.06006817, -0.411997379999952 ], [ 100.06006815, -0.411991199999934 ], [ 100.06006754, -0.411814929999941 ], [ 100.0600603, -0.41177692999998 ], [ 100.06004402, -0.411720839999933 ], [ 100.05996817, -0.41156583999998 ], [ 100.05996079, -0.411550749999945 ], [ 100.05995355, -0.411521799999947 ], [ 100.05995898, -0.41150732999995 ], [ 100.05996706, -0.411503869999939 ], [ 100.06015801, -0.411422289999966 ], [ 100.06017068, -0.411404189999933 ], [ 100.06017184, -0.411397799999975 ], [ 100.0601743, -0.411384289999951 ], [ 100.06013992, -0.411299249999955 ], [ 100.05990076, -0.410892269999978 ], [ 100.05977227, -0.410453869999975 ], [ 100.05953922, -0.41006192999993 ], [ 100.05887822, -0.40944766999997 ], [ 100.0585465, -0.408978679999967 ], [ 100.058255, -0.408532689999967 ], [ 100.05792071, -0.408230179999984 ], [ 100.05727476, -0.407652739999944 ], [ 100.05711086, -0.407506229999969 ], [ 100.0568439, -0.407379269999982 ], [ 100.05668273, -0.407235069999961 ], [ 100.05631579, -0.40685617999998 ], [ 100.05630685, -0.406854489999947 ], [ 100.05627305, -0.406820689999967 ], [ 100.056267503798281, -0.406815157994983 ], [ 100.05624265, -0.406790289999953 ], [ 100.05620007, -0.406726429999936 ], [ 100.05620221, -0.406709829999959 ], [ 100.05620221, -0.406489549999951 ], [ 100.05620221, -0.406269269999945 ], [ 100.05626018, -0.405967839999962 ], [ 100.05626402, -0.405937129999927 ], [ 100.0562645, -0.405933319999975 ], [ 100.05626928, -0.405895039999958 ], [ 100.05627859, -0.405820589999967 ], [ 100.05630656, -0.405596839999932 ], [ 100.05619422, -0.405464079999954 ], [ 100.0561623, -0.405381 ], [ 100.05599618, -0.404948699999984 ], [ 100.05596036, -0.404855499999939 ], [ 100.05593974, -0.404787309999961 ], [ 100.05589854, -0.404677399999975 ], [ 100.05578484, -0.404479039999958 ], [ 100.05578484, -0.404275159999941 ], [ 100.05537039, -0.403796169999965 ], [ 100.05532339, -0.403721839999946 ], [ 100.05527177, -0.403630499999973 ], [ 100.05521675, -0.403533159999946 ], [ 100.05504285, -0.403278109999983 ], [ 100.05488053, -0.403115789999956 ], [ 100.054753, -0.40299984999996 ], [ 100.05465654, -0.402907409999958 ], [ 100.05463518, -0.402882299999933 ], [ 100.05460172, -0.402788029999956 ], [ 100.05451493, -0.402543419999974 ], [ 100.05416397, -0.402034529999979 ], [ 100.05404114, -0.401648479999957 ], [ 100.05377792, -0.401086949999976 ], [ 100.05361715, -0.400845799999955 ], [ 100.05367012, -0.400791939999974 ], [ 100.0537568, -0.400703779999965 ], [ 100.05388247, -0.400575959999973 ], [ 100.05398198, -0.400474759999961 ], [ 100.05403551, -0.400440129999944 ], [ 100.05416352, -0.400357299999946 ], [ 100.05432054, -0.400255699999953 ], [ 100.05447754, -0.400154109999969 ], [ 100.0545035, -0.400137309999934 ], [ 100.05453895, -0.400124649999956 ], [ 100.05456384, -0.400133609999966 ], [ 100.05460383, -0.400143609999929 ], [ 100.05470809, -0.400149319999976 ], [ 100.05478949, -0.400152179999959 ], [ 100.05482948, -0.400155029999955 ], [ 100.05484601, -0.400152349999939 ], [ 100.05488307, -0.400162299999973 ], [ 100.05496087, -0.400217869999957 ], [ 100.0550437, -0.400255 ], [ 100.05513224, -0.400240719999949 ], [ 100.05534647, -0.400212159999966 ], [ 100.05560639, -0.400195019999963 ], [ 100.05582347, -0.400169319999983 ], [ 100.05600056, -0.400169319999983 ], [ 100.05612909, -0.400175029999956 ], [ 100.05617633, -0.400185339999955 ], [ 100.05618522, -0.40018727999996 ], [ 100.05628619, -0.40020929999997 ], [ 100.05637187, -0.400249289999985 ], [ 100.05639025, -0.40027415699996 ], [ 100.05642043, -0.400314989999969 ], [ 100.056449, -0.400426379999948 ], [ 100.056449, -0.400617749999923 ], [ 100.05644674, -0.400637119999943 ], [ 100.056429, -0.400789129999966 ], [ 100.05646042, -0.400917659999949 ], [ 100.05656325, -0.401180439999972 ], [ 100.05672891, -0.40142893999996 ], [ 100.05690029, -0.401606909999942 ], [ 100.0569517, -0.401660299999945 ], [ 100.05705167, -0.401737419999973 ], [ 100.05717735, -0.401774549999968 ], [ 100.0572916, -0.401757409999963 ], [ 100.0576115, -0.401657439999948 ], [ 100.05798854, -0.401451789999955 ], [ 100.058357, -0.401157589999963 ], [ 100.05870261, -0.40088909999998 ], [ 100.05889969, -0.400777699999944 ], [ 100.05909106, -0.400723439999985 ], [ 100.05919222, -0.400718539999963 ], [ 100.05926815, -0.400714869999945 ], [ 100.05944239, -0.400791989999962 ], [ 100.05951951, -0.400843399999929 ], [ 100.0595395, -0.400926229999933 ], [ 100.05950081, -0.401220609999934 ], [ 100.05947381, -0.401426079999964 ], [ 100.05947095, -0.401483209999984 ], [ 100.05953093, -0.401657439999948 ], [ 100.05965661, -0.401897369999979 ], [ 100.059788, -0.402028759999947 ], [ 100.0598794, -0.402060179999977 ], [ 100.05995938, -0.402045899999969 ], [ 100.0600095, -0.40197906999993 ], [ 100.06001369, -0.401971549999933 ], [ 100.06002229, -0.401956119999965 ], [ 100.06004786, -0.401930109999972 ], [ 100.06009155, -0.401962399999952 ], [ 100.0601079, -0.40197448999993 ], [ 100.06016503, -0.402148719999963 ], [ 100.06024309, -0.402389099999946 ], [ 100.06034497, -0.40270283999996 ], [ 100.06041353, -0.402797099999929 ], [ 100.06052206, -0.402954199999966 ], [ 100.06061632, -0.403079869999947 ], [ 100.06075057, -0.40325981999996 ], [ 100.06084768, -0.403351219999928 ], [ 100.06093623, -0.403419769999971 ], [ 100.06104191, -0.403428339999959 ], [ 100.06122186, -0.403456899999989 ], [ 100.06131326, -0.403451189999949 ], [ 100.06141037, -0.403428339999959 ], [ 100.0615132, -0.403348369999954 ], [ 100.06160174, -0.40313985999996 ], [ 100.061606769, -0.403129514999939 ], [ 100.06170171, -0.402934199999947 ], [ 100.06179597, -0.402808529999964 ], [ 100.0618988, -0.402714269999931 ], [ 100.06200162, -0.402667139999953 ], [ 100.06213301, -0.402652859999931 ], [ 100.06224649, -0.402657449999944 ], [ 100.06241578, -0.402664279999956 ], [ 100.06258145, -0.402661429999967 ], [ 100.0627614, -0.402647149999956 ], [ 100.06286422, -0.402630009999941 ], [ 100.06295277, -0.402581449999957 ], [ 100.0630356, -0.402484339999954 ], [ 100.06318698, -0.402341519999938 ], [ 100.06325553, -0.402215849999952 ], [ 100.06329552, -0.402135869999947 ], [ 100.06333837, -0.40204446999996 ], [ 100.06338978, -0.401993059999941 ], [ 100.06345833, -0.401944499999961 ], [ 100.06356687, -0.401921649999966 ], [ 100.0636497, -0.401910219999932 ], [ 100.06380394, -0.401918789999966 ], [ 100.06386964, -0.401915939999979 ], [ 100.06400103, -0.401875949999981 ], [ 100.06411528, -0.401828819999943 ], [ 100.06417383, -0.401815969999977 ], [ 100.06422096, -0.401815969999977 ], [ 100.06427237, -0.401821679999961 ], [ 100.06432236, -0.401827389999933 ], [ 100.0643752, -0.401838819999969 ], [ 100.06444803, -0.401834529999975 ], [ 100.0645123, -0.401821679999961 ], [ 100.06453944, -0.401813109999976 ], [ 100.06460942, -0.401774549999968 ], [ 100.06465083, -0.40172741999993 ], [ 100.06469225, -0.401660299999945 ], [ 100.06475223, -0.401561759999935 ], [ 100.06484363, -0.40140037999993 ], [ 100.06493646, -0.401286119999964 ], [ 100.06499216, -0.401241849999967 ], [ 100.06506214, -0.401209 ], [ 100.06511784, -0.401177589999981 ], [ 100.0652021, -0.401130459999939 ], [ 100.0652278, -0.401111889999927 ], [ 100.06524494, -0.401090469999931 ], [ 100.06526065, -0.401044769999942 ], [ 100.06526208, -0.400943369999934 ], [ 100.06528064, -0.400667739999957 ], [ 100.06528921, -0.400629179999954 ], [ 100.06533206, -0.400567769999952 ], [ 100.06536124, -0.40053545999997 ], [ 100.06537204, -0.400523499999964 ], [ 100.06541917, -0.400476369999986 ], [ 100.06547202, -0.400450659999932 ], [ 100.06550772, -0.400426379999948 ], [ 100.06554913, -0.400424949999939 ], [ 100.06560198, -0.400450659999932 ], [ 100.06561909, -0.400473479999964 ], [ 100.06563625, -0.400496359999979 ], [ 100.06565339, -0.400559199999987 ], [ 100.06567624, -0.400652029999943 ], [ 100.06569766, -0.400697729999931 ], [ 100.06573908, -0.400767709999975 ], [ 100.06580763, -0.400844829999926 ], [ 100.06587618, -0.400891959999962 ], [ 100.0659176, -0.400907669999928 ], [ 100.06598758, -0.400923379999938 ], [ 100.06601328, -0.400926229999933 ], [ 100.06606041, -0.400930519999986 ], [ 100.06609754, -0.400907669999928 ], [ 100.06612611, -0.400870529999969 ], [ 100.06618609, -0.400700589999925 ], [ 100.06621893, -0.400546349999956 ], [ 100.06622608, -0.400407819999946 ], [ 100.06623191, -0.40033779999993 ], [ 100.06623465, -0.400304989999942 ], [ 100.06626606, -0.400233579999972 ], [ 100.0663032, -0.400200729999936 ], [ 100.06638603, -0.400187879999985 ], [ 100.06644458, -0.400202159999941 ], [ 100.06649811, -0.400232749999935 ], [ 100.06650456, -0.400236439999968 ], [ 100.06657454, -0.400306419999937 ], [ 100.06662024, -0.400384969999953 ], [ 100.06664738, -0.400453519999928 ], [ 100.06666309, -0.40049349999993 ], [ 100.06669879, -0.400549199999942 ], [ 100.0667345, -0.40059061999995 ], [ 100.06679733, -0.400626319999956 ], [ 100.0668616, -0.400649169999947 ], [ 100.066963, -0.400664879999977 ], [ 100.06706583, -0.400676309999941 ], [ 100.06720864, -0.400710579999957 ], [ 100.06724759, -0.400721539999946 ], [ 100.06734574, -0.400749139999965 ], [ 100.06738145, -0.400760569999934 ], [ 100.06739573, -0.400766279999968 ], [ 100.06743571, -0.400793409999956 ], [ 100.06744101, -0.400806119999972 ], [ 100.06745, -0.400827689999969 ], [ 100.06747142, -0.400926229999933 ], [ 100.06749855, -0.401046199999939 ], [ 100.06750855, -0.401106179999942 ], [ 100.06751997, -0.40114901999993 ], [ 100.0675414, -0.401189009999945 ], [ 100.06756425, -0.401236139999982 ], [ 100.06759138, -0.401280409999974 ], [ 100.06762566, -0.401298979999986 ], [ 100.06768421, -0.401317539999987 ], [ 100.06774134, -0.401317539999987 ], [ 100.06781417, -0.40130040999998 ], [ 100.067907, -0.401258989999974 ], [ 100.06799412, -0.401220429999971 ], [ 100.06808838, -0.401157589999963 ], [ 100.06817835, -0.401120459999967 ], [ 100.06820834, -0.401114749999979 ], [ 100.06826261, -0.401124739999944 ], [ 100.06835687, -0.401157589999963 ], [ 100.06843399, -0.401216149999923 ], [ 100.06853824, -0.401313259999942 ], [ 100.0686225, -0.401378949999987 ], [ 100.06867106, -0.401398949999937 ], [ 100.06880959, -0.401443219999982 ], [ 100.06900096, -0.401508919999969 ], [ 100.06916234, -0.401566039999978 ], [ 100.06922661, -0.401586039999928 ], [ 100.06929659, -0.401613169999969 ], [ 100.06936228, -0.401647449999928 ], [ 100.06940655, -0.401677439999962 ], [ 100.06942798, -0.401704569999938 ], [ 100.06943655, -0.401743129999946 ], [ 100.06944226, -0.40180025999996 ], [ 100.06942369, -0.401911649999939 ], [ 100.06940798, -0.402014479999938 ], [ 100.06941084, -0.402084459999972 ], [ 100.06941655, -0.402137299999935 ], [ 100.06943083, -0.402173 ], [ 100.0694594, -0.402205849999977 ], [ 100.0695051, -0.402231559999966 ], [ 100.06955651, -0.402244409999981 ], [ 100.06961649, -0.402245839999987 ], [ 100.06972218, -0.402212989999956 ], [ 100.06985785, -0.402118729999924 ], [ 100.06995068, -0.402015909999934 ], [ 100.07000352, -0.401941639999962 ], [ 100.07006493, -0.401803109999953 ], [ 100.07008778, -0.401636019999963 ], [ 100.07002066, -0.401556039999954 ], [ 100.06992926, -0.401451789999955 ], [ 100.06985928, -0.401377529999937 ], [ 100.06973596, -0.401281359999931 ], [ 100.06973663, -0.401279609999969 ], [ 100.06971646, -0.401264699999964 ], [ 100.06968219, -0.401234709999928 ], [ 100.06966362, -0.401201859999957 ], [ 100.06965791, -0.401156159999973 ], [ 100.06965648, -0.401123319999963 ], [ 100.06967933, -0.401107609999949 ], [ 100.06975502, -0.401091899999933 ], [ 100.06986785, -0.401121889999957 ], [ 100.0699823, -0.401171119999963 ], [ 100.07012348, -0.401231859999934 ], [ 100.07026344, -0.401313259999942 ], [ 100.07036627, -0.401383239999975 ], [ 100.07044053, -0.401418939999932 ], [ 100.07055478, -0.401480349999931 ], [ 100.07064761, -0.401527479999974 ], [ 100.07071045, -0.401547479999978 ], [ 100.07078329, -0.401533189999958 ], [ 100.07089611, -0.401477499999943 ], [ 100.07102607, -0.401390379999952 ], [ 100.07109034, -0.401344679999973 ], [ 100.0711646, -0.401313259999942 ], [ 100.07124172, -0.401298979999986 ], [ 100.0713474, -0.401281839999969 ], [ 100.07148308, -0.401283269999974 ], [ 100.0715402, -0.401283269999974 ], [ 100.07160875, -0.40130040999998 ], [ 100.07169159, -0.40132610999996 ], [ 100.07176157, -0.40137323999995 ], [ 100.07181583, -0.401424649999975 ], [ 100.07183583, -0.401466069999976 ], [ 100.0718344, -0.401506059999974 ], [ 100.07179156, -0.401606029999929 ], [ 100.07169873, -0.401775979999976 ], [ 100.07168445, -0.401834529999975 ], [ 100.07167873, -0.401960209999971 ], [ 100.0716873, -0.402024479999966 ], [ 100.07170872, -0.402108739999973 ], [ 100.07176299, -0.402164429999975 ], [ 100.07180869, -0.402194419999945 ], [ 100.07186868, -0.402217269999936 ], [ 100.0719815, -0.402235839999946 ], [ 100.0720729, -0.402230129999961 ], [ 100.07228284, -0.402187279999966 ], [ 100.07245993, -0.402137299999935 ], [ 100.07255276, -0.402114449999943 ], [ 100.07265701, -0.402051609999954 ], [ 100.07276841, -0.40197448999993 ], [ 100.0728541, -0.401920219999974 ], [ 100.07293836, -0.401877379999971 ], [ 100.0730012, -0.401830249999931 ], [ 100.07301119, -0.401810249999931 ], [ 100.07301119, -0.401770269999941 ], [ 100.0729812, -0.401704569999938 ], [ 100.07292693, -0.40161030999997 ], [ 100.07289837, -0.401534619999953 ], [ 100.07289837, -0.401506059999974 ], [ 100.07290837, -0.401450359999963 ], [ 100.07294264, -0.401396089999942 ], [ 100.07307403, -0.401316119999937 ], [ 100.07319971, -0.401266129999955 ], [ 100.07331682, -0.401229 ], [ 100.07336109, -0.401229 ], [ 100.0734025, -0.401233279999935 ], [ 100.07344678, -0.401257559999981 ], [ 100.07348391, -0.401293269999946 ], [ 100.07355389, -0.401416089999947 ], [ 100.07364672, -0.401657439999948 ], [ 100.07368671, -0.401750269999984 ], [ 100.07373669, -0.40180025999996 ], [ 100.07378382, -0.401838819999969 ], [ 100.07384237, -0.401851669999931 ], [ 100.07388522, -0.401820249999955 ], [ 100.07388807, -0.401670299999988 ], [ 100.07388522, -0.401364669999966 ], [ 100.07386094, -0.401260419999983 ], [ 100.0738538, -0.401216149999923 ], [ 100.07384951, -0.401147589999941 ], [ 100.07385169, -0.401134539999941 ], [ 100.07386094, -0.401079039999959 ], [ 100.07388379, -0.401041909999945 ], [ 100.07392806, -0.400997639999957 ], [ 100.07397948, -0.400971929999977 ], [ 100.07404089, -0.400957649999956 ], [ 100.07408801, -0.400959079999946 ], [ 100.07416942, -0.400979069999955 ], [ 100.07423511, -0.401013349999968 ], [ 100.07428624, -0.401049509999951 ], [ 100.07435222, -0.40109617999997 ], [ 100.07450218, -0.401250419999939 ], [ 100.07455359, -0.401284699999964 ], [ 100.07463357, -0.401364669999966 ], [ 100.07470069, -0.401407519999972 ], [ 100.07474353, -0.401413229999948 ], [ 100.074771956795161, -0.401412319052813 ], [ 100.07482208, -0.40141036999995 ], [ 100.07486778, -0.401377529999937 ], [ 100.07492062, -0.401291839999943 ], [ 100.07504059, -0.401120459999967 ], [ 100.07511913, -0.401006209999938 ], [ 100.07518054, -0.400926229999933 ], [ 100.07522625, -0.400863389999926 ], [ 100.07528337, -0.400827689999969 ], [ 100.07535918, -0.400812529999943 ], [ 100.0753762, -0.400809129999979 ], [ 100.07547903, -0.40082197999993 ], [ 100.07558043, -0.400853399999956 ], [ 100.07561327, -0.400874819999962 ], [ 100.07565612, -0.400941939999942 ], [ 100.07565755, -0.401001919999951 ], [ 100.07565704, -0.40103148999998 ], [ 100.07565469, -0.401169019999944 ], [ 100.07564469, -0.401294689999934 ], [ 100.07564612, -0.401348959999953 ], [ 100.07565897, -0.401376099999934 ], [ 100.07572324, -0.401416089999947 ], [ 100.07581321, -0.401458929999934 ], [ 100.07586177, -0.401466069999976 ], [ 100.07592318, -0.40146035999994 ], [ 100.07601458, -0.401434649999948 ], [ 100.07611027, -0.401408949999966 ], [ 100.0761831, -0.401390379999952 ], [ 100.07625023, -0.40138466999997 ], [ 100.07628307, -0.401413229999948 ], [ 100.07632163, -0.401446079999981 ], [ 100.07637305, -0.401521769999933 ], [ 100.07642732, -0.401621739999941 ], [ 100.07647302, -0.401666009999929 ], [ 100.07652443, -0.401696 ], [ 100.07658727, -0.40170171999995 ], [ 100.07666724, -0.401677439999962 ], [ 100.07679435, -0.401601739999934 ], [ 100.07692003, -0.401520339999942 ], [ 100.07701, -0.401461789999931 ], [ 100.07707284, -0.401404659999975 ], [ 100.0771014, -0.401358959999927 ], [ 100.07718281, -0.401223289999965 ], [ 100.07720851, -0.401161879999969 ], [ 100.07723605, -0.401117249999973 ], [ 100.07724993, -0.401094749999977 ], [ 100.07731705, -0.401031909999973 ], [ 100.07739131, -0.400991929999984 ], [ 100.07756412, -0.400939089999952 ], [ 100.07772693, -0.40088909999998 ], [ 100.07792116, -0.400813409999961 ], [ 100.07802398, -0.400764849999977 ], [ 100.07814252, -0.400694869999943 ], [ 100.07822963, -0.400623469999978 ], [ 100.07836531, -0.400480649999964 ], [ 100.07844529, -0.40033925999996 ], [ 100.07854525, -0.400199309999955 ], [ 100.07861523, -0.400105049999983 ], [ 100.07866665, -0.40006362999998 ], [ 100.07874519, -0.400026499999969 ], [ 100.07882803, -0.399990799999961 ], [ 100.07891514, -0.399966519999963 ], [ 100.07894371, -0.399966519999963 ], [ 100.07897798, -0.399987939999964 ], [ 100.07902083, -0.400047919999966 ], [ 100.0790751, -0.400172169999974 ], [ 100.07913079, -0.400312129999974 ], [ 100.07915222, -0.400466369999949 ], [ 100.07915507, -0.400534919999935 ], [ 100.07917792, -0.400593469999939 ], [ 100.0792122, -0.400626319999956 ], [ 100.07925933, -0.400633459999949 ], [ 100.0793593, -0.400630609999957 ], [ 100.07948355, -0.400602039999973 ], [ 100.07959351, -0.400564909999956 ], [ 100.07974347, -0.400483509999966 ], [ 100.07980916, -0.400440659999957 ], [ 100.07988486, -0.400389249999935 ], [ 100.07990913, -0.400356399999966 ], [ 100.07993341, -0.400270709999971 ], [ 100.07993341, -0.400236439999968 ], [ 100.0799077, -0.400165029999928 ], [ 100.07984344, -0.400052209999955 ], [ 100.07975775, -0.399897969999934 ], [ 100.07960637, -0.399648039999937 ], [ 100.07957638, -0.399586629999929 ], [ 100.0795521, -0.399502369999938 ], [ 100.07954496, -0.39941525999996 ], [ 100.07958494, -0.39934669999997 ], [ 100.07968634, -0.399225309999969 ], [ 100.07982773, -0.399095349999931 ], [ 100.07989485, -0.398949679999926 ], [ 100.07994769, -0.398835429999969 ], [ 100.08003481, -0.39870974999997 ], [ 100.08011621, -0.398651199999956 ], [ 100.08028188, -0.398594069999953 ], [ 100.08038756, -0.398578359999927 ], [ 100.08049467, -0.398572649999955 ], [ 100.08061892, -0.398582649999982 ], [ 100.08070033, -0.398614069999955 ], [ 100.0809374, -0.398745449999978 ], [ 100.08105165, -0.398845429999942 ], [ 100.08115733, -0.398988239999948 ], [ 100.08121731, -0.399059649999973 ], [ 100.08126159, -0.399113919999942 ], [ 100.08133157, -0.399153899999928 ], [ 100.08137441, -0.399158189999983 ], [ 100.0814401, -0.399128199999946 ], [ 100.08148581, -0.399041079999962 ], [ 100.08153865, -0.398812579999971 ], [ 100.08158863, -0.398606919999971 ], [ 100.08161434, -0.398525519999966 ], [ 100.08166147, -0.398468389999949 ], [ 100.08179571, -0.398327009999951 ], [ 100.08196852, -0.398148489999929 ], [ 100.08212133, -0.398029949999965 ], [ 100.08224129, -0.397951409999969 ], [ 100.08236697, -0.397907129999965 ], [ 100.08250978, -0.397875709999943 ], [ 100.08261261, -0.397868569999963 ], [ 100.08273972, -0.39788 ], [ 100.0828911, -0.397921409999924 ], [ 100.08303936, -0.397990599999959 ], [ 100.08308515, -0.398031989999938 ], [ 100.08312246, -0.398084219999935 ], [ 100.08317958, -0.398129919999979 ], [ 100.08329384, -0.39827273999993 ], [ 100.0834595, -0.398347 ], [ 100.083468784, -0.39834902399997 ], [ 100.083500569, -0.398383986999928 ], [ 100.083674847, -0.398540236999967 ], [ 100.083825087, -0.398618360999936 ], [ 100.084017394, -0.398678456999967 ], [ 100.084197682, -0.398714514999937 ], [ 100.084408018, -0.398774610999967 ], [ 100.084648402, -0.398840716999931 ], [ 100.084882776, -0.398888792999974 ], [ 100.085081093, -0.398888792999974 ], [ 100.085255371, -0.398864754999986 ], [ 100.085345515, -0.398762591999973 ], [ 100.085375563, -0.398618360999936 ], [ 100.085387583, -0.398474130999951 ], [ 100.085489746, -0.398371967999933 ], [ 100.085603928, -0.39828182399998 ], [ 100.085719286, -0.398260193999936 ], [ 100.08589306, -0.398304159999957 ], [ 100.08602445, -0.398327009999951 ], [ 100.08615298, -0.39833557999998 ], [ 100.08625295, -0.39829844999997 ], [ 100.08632722, -0.39824988999994 ], [ 100.08635292, -0.398189909999932 ], [ 100.08649003, -0.398069939999975 ], [ 100.08659856, -0.398018529999951 ], [ 100.08675566, -0.397995679999961 ], [ 100.08699273, -0.398044239999944 ], [ 100.08717554, -0.398107069999986 ], [ 100.087281926, -0.398143475999974 ], [ 100.087316663, -0.398167641999986 ], [ 100.087379764, -0.39821571799996 ], [ 100.08738123, -0.398217441999979 ], [ 100.087430846, -0.398275813999935 ], [ 100.087451879, -0.398350933999953 ], [ 100.087454884, -0.398432063999958 ], [ 100.087469908, -0.398549250999967 ], [ 100.08751498, -0.398690476999953 ], [ 100.0875901, -0.398738552999936 ], [ 100.087737335, -0.398705500999944 ], [ 100.087872551, -0.398645404999966 ], [ 100.088010772, -0.398528216999984 ], [ 100.08811594, -0.398426053999968 ], [ 100.088209089, -0.398341919999955 ], [ 100.088323271, -0.398212713999957 ], [ 100.088446468, -0.398071487999967 ], [ 100.088614736, -0.397972329999966 ], [ 100.088685461, -0.397955125999947 ], [ 100.08872936, -0.397968539999966 ], [ 100.08884646, -0.39795997999994 ], [ 100.08898357, -0.397888569999964 ], [ 100.08910924, -0.397837149999932 ], [ 100.0892035, -0.397837149999932 ], [ 100.08930061, -0.397868569999963 ], [ 100.08941772, -0.397919989999943 ], [ 100.08956009, -0.398019349999974 ], [ 100.08969193, -0.398111359999978 ], [ 100.08978618, -0.398174199999982 ], [ 100.08984045, -0.398239889999959 ], [ 100.0898633, -0.398322719999958 ], [ 100.08981475, -0.39841983999997 ], [ 100.08960052, -0.398754019999965 ], [ 100.08950341, -0.398873989999974 ], [ 100.08942915, -0.39894253999995 ], [ 100.08936631, -0.399039649999966 ], [ 100.0893646, -0.399050329999966 ], [ 100.08935488, -0.399111059999944 ], [ 100.0893863, -0.399179609999987 ], [ 100.08948627, -0.399285289999975 ], [ 100.08958624, -0.39938525999998 ], [ 100.08964622, -0.399436679999955 ], [ 100.08972049, -0.399456669999953 ], [ 100.08982903, -0.399456669999953 ], [ 100.09009752, -0.39944524999993 ], [ 100.09022605, -0.399422399999935 ], [ 100.09038029, -0.399365269999985 ], [ 100.09048312, -0.399302429999979 ], [ 100.09055452, -0.39923958999998 ], [ 100.09063736, -0.399133909999934 ], [ 100.09068592, -0.399076779999985 ], [ 100.0907716, -0.399036799999979 ], [ 100.09094298, -0.398988239999948 ], [ 100.0910658, -0.398965389999943 ], [ 100.09112487, -0.398966759999954 ], [ 100.09118862, -0.398968249999939 ], [ 100.09125146, -0.398976809999967 ], [ 100.09128574, -0.398999659999959 ], [ 100.09135143, -0.399082499999965 ], [ 100.09154851, -0.399542359999948 ], [ 100.09169419, -0.399859409999981 ], [ 100.09181129, -0.400090769999964 ], [ 100.09183986, -0.400173599999963 ], [ 100.09189127, -0.400279279999952 ], [ 100.09191983, -0.400413529999981 ], [ 100.09197124, -0.400676309999941 ], [ 100.09196564, -0.400803339999934 ], [ 100.09196268, -0.400870529999969 ], [ 100.09198267, -0.400990499999974 ], [ 100.09200838, -0.401084759999958 ], [ 100.09207693, -0.401230429999948 ], [ 100.09213405, -0.401281839999969 ], [ 100.092141029, -0.401284315999934 ], [ 100.0922226, -0.401313259999942 ], [ 100.09236541, -0.401327539999954 ], [ 100.09245967, -0.401324679999969 ], [ 100.09265104, -0.401333249999939 ], [ 100.09266029, -0.401334869999969 ], [ 100.09276529, -0.401353249999941 ], [ 100.09289954, -0.401418939999932 ], [ 100.09306806, -0.401478919999942 ], [ 100.09327371, -0.401527479999974 ], [ 100.09333941, -0.401530339999973 ], [ 100.09341653, -0.401564609999986 ], [ 100.09343081, -0.401593179999961 ], [ 100.09347365, -0.401684579999941 ], [ 100.09355769, -0.401848739999935 ], [ 100.09359648, -0.401924509999959 ], [ 100.09365931, -0.401995909999932 ], [ 100.09371644, -0.402035899999938 ], [ 100.0938564, -0.402107309999963 ], [ 100.09397636, -0.402158719999933 ], [ 100.09410204, -0.402167289999973 ], [ 100.09426199, -0.402138729999938 ], [ 100.09440452, -0.402108059999938 ], [ 100.09448764, -0.402090169999961 ], [ 100.0946076, -0.402021619999968 ], [ 100.09478469, -0.401895939999974 ], [ 100.09493607, -0.401750269999984 ], [ 100.0950846, -0.401598889999945 ], [ 100.09517029, -0.401464639999969 ], [ 100.09523027, -0.40137323999995 ], [ 100.09530168, -0.401327539999954 ], [ 100.09536737, -0.401336109999939 ], [ 100.09545306, -0.401350389999957 ], [ 100.09551304, -0.401393239999952 ], [ 100.09559017, -0.401547479999978 ], [ 100.09569585, -0.401815969999977 ], [ 100.09571584, -0.401930219999948 ], [ 100.09573298, -0.402113019999952 ], [ 100.0957187, -0.402272969999964 ], [ 100.09566728, -0.402610019999945 ], [ 100.09564382, -0.402915089999971 ], [ 100.09572655, -0.40306548999997 ], [ 100.09579441, -0.403124579999935 ], [ 100.095856478, -0.403178627999987 ], [ 100.09588565, -0.403204029999935 ], [ 100.0958915, -0.403209119999935 ], [ 100.09598291, -0.403260539999962 ], [ 100.09608287, -0.403296239999982 ], [ 100.09623854, -0.403339079999969 ], [ 100.09624293, -0.403340309999981 ], [ 100.09637136, -0.403376219999928 ], [ 100.09652132, -0.403407629999951 ], [ 100.09666307, -0.403448319999947 ], [ 100.09671626, -0.403475469999932 ], [ 100.09680337, -0.403529739999951 ], [ 100.09691048, -0.403602579999932 ], [ 100.09697047, -0.403629709999972 ], [ 100.09707758, -0.403669699999965 ], [ 100.09718897, -0.403716829999958 ], [ 100.09724324, -0.403741109999943 ], [ 100.09731465, -0.403745389999923 ], [ 100.09736035, -0.403731109999964 ], [ 100.09737749, -0.403693979999964 ], [ 100.09751031, -0.403538309999937 ], [ 100.0976217, -0.403389779999951 ], [ 100.09769025, -0.403318379999974 ], [ 100.09776166, -0.403249819999936 ], [ 100.09783592, -0.403202699999956 ], [ 100.09790019, -0.403174129999968 ], [ 100.09804015, -0.40315841999995 ], [ 100.09820378, -0.403145239999958 ], [ 100.09824043, -0.40315531999994 ], [ 100.09824823, -0.40316246999993 ], [ 100.09844763, -0.403269839999955 ], [ 100.09858568, -0.403285179999962 ], [ 100.09886764, -0.403246729999986 ], [ 100.09891489, -0.403223759999951 ], [ 100.09895729, -0.403182239999978 ], [ 100.09901517, -0.40308576999996 ], [ 100.09922383, -0.402852559999926 ], [ 100.09925764, -0.402786749999963 ], [ 100.09931905, -0.402689629999948 ], [ 100.09938332, -0.402605369999959 ], [ 100.09943759, -0.402558239999967 ], [ 100.099479, -0.402542539999963 ], [ 100.09959468, -0.402532539999933 ], [ 100.09971465, -0.402519689999967 ], [ 100.09976463, -0.402521109999954 ], [ 100.0998189, -0.402535389999974 ], [ 100.09985771, -0.402559079999956 ], [ 100.09990316, -0.402586809999955 ], [ 100.09994458, -0.402598229999975 ], [ 100.10000885, -0.402588239999947 ], [ 100.10008025, -0.402559669999956 ], [ 100.10013738, -0.402523969999951 ], [ 100.10018736, -0.402468269999939 ], [ 100.10024021, -0.402378299999958 ], [ 100.10027591, -0.402325459999932 ], [ 100.10030876, -0.402295469999965 ], [ 100.10037115, -0.40224672999995 ], [ 100.10044168, -0.402211459999942 ], [ 100.10080981, -0.401981379999937 ], [ 100.10094963, -0.401885249999974 ], [ 100.10115363, -0.401837249999975 ], [ 100.10117794, -0.401843329999969 ], [ 100.10137735, -0.401858669999974 ], [ 100.1017915, -0.401827989999961 ], [ 100.10211361, -0.401689939999925 ], [ 100.10250547, -0.401469519999979 ], [ 100.10283134, -0.401316599999976 ], [ 100.10314131, -0.401183759999927 ], [ 100.10380088, -0.400861639999964 ], [ 100.1043224, -0.400738929999933 ], [ 100.10457549, -0.400746599999939 ], [ 100.10495896, -0.40077727999995 ], [ 100.10548048, -0.400807959999952 ], [ 100.10571057, -0.400838629999955 ], [ 100.10585664, -0.400906049999946 ], [ 100.10590997, -0.40096000999995 ], [ 100.10590997, -0.401133369999977 ], [ 100.10592977, -0.40122128999997 ], [ 100.10611617, -0.401357979999953 ], [ 100.10618098, -0.401371179999963 ], [ 100.10643149, -0.401344819999975 ], [ 100.10678428, -0.401252779999935 ], [ 100.10681407, -0.401244659999982 ], [ 100.1069859, -0.40121909999994 ], [ 100.10719843, -0.401298799999951 ], [ 100.10744385, -0.40145218999993 ], [ 100.10759724, -0.401590239999965 ], [ 100.10788013, -0.401603709999964 ], [ 100.10862707, -0.401937799999937 ], [ 100.10885024, -0.402037609999986 ], [ 100.10900841, -0.402111759999971 ], [ 100.10934587, -0.402280479999948 ], [ 100.10995942, -0.402418529999983 ], [ 100.11006298, -0.402439959999925 ], [ 100.11040425, -0.402510569999942 ], [ 100.11095644, -0.402571919999965 ], [ 100.11120187, -0.402556579999958 ], [ 100.11126799, -0.402526199999963 ], [ 100.1117694, -0.402295819999956 ], [ 100.112040020686464, -0.402065379529849 ], [ 100.11210922, -0.402006349999962 ], [ 100.11215058, -0.401971109999976 ], [ 100.11218355, -0.401943029999933 ], [ 100.112303, -0.401795209999928 ], [ 100.11232522, -0.401767729999963 ], [ 100.11245366, -0.401534199999958 ], [ 100.1125756, -0.401426779999963 ], [ 100.11261371, -0.401410729999953 ], [ 100.11321125, -0.401145409999978 ], [ 100.11369443, -0.400769609999945 ], [ 100.11393962, -0.400415439999961 ], [ 100.11397653, -0.400307739999958 ], [ 100.11403476, -0.400137859999973 ], [ 100.11404037, -0.400134679999954 ], [ 100.11417176, -0.400023289999978 ], [ 100.1142803, -0.399880469999981 ], [ 100.11434314, -0.399649109999932 ], [ 100.11439455, -0.399440599999938 ], [ 100.11458021, -0.398946469999953 ], [ 100.11462305, -0.39885220999997 ], [ 100.11467732, -0.398775089999961 ], [ 100.11472874, -0.39874937999997 ], [ 100.11482284, -0.398719969999943 ], [ 100.11487551, -0.398729549999927 ], [ 100.11507492, -0.398775559999941 ], [ 100.11538595, -0.398995939999972 ], [ 100.11545839, -0.399051659999949 ], [ 100.11553983, -0.399187389999954 ], [ 100.11554652, -0.399198539999931 ], [ 100.11555042, -0.399205049999978 ], [ 100.11557608, -0.399273469999973 ], [ 100.11564245, -0.399450469999984 ], [ 100.11584186, -0.399803259999939 ], [ 100.11597991, -0.399987329999933 ], [ 100.11617931, -0.400125379999963 ], [ 100.11657812, -0.400217409999929 ], [ 100.11660071, -0.400224419999982 ], [ 100.11702295, -0.400355459999958 ], [ 100.11740642, -0.400447489999982 ], [ 100.11783591, -0.40052418999994 ], [ 100.1181887, -0.400708249999984 ], [ 100.11837277, -0.400769609999945 ], [ 100.1186642, -0.400923 ], [ 100.11889429, -0.400907659999969 ], [ 100.11915505, -0.400861639999964 ], [ 100.11924708, -0.400815629999955 ], [ 100.11926242, -0.400692919999924 ], [ 100.11927118, -0.400668079999945 ], [ 100.11928776, -0.400621109999985 ], [ 100.11935445, -0.400432159999986 ], [ 100.11944648, -0.400125379999963 ], [ 100.11959987, -0.399956649999982 ], [ 100.11979928, -0.399787919999943 ], [ 100.12007538, -0.399757249999942 ], [ 100.12038215, -0.399726569999926 ], [ 100.1205969, -0.399818599999945 ], [ 100.12066313, -0.399837919999929 ], [ 100.12156346, -0.400100519999972 ], [ 100.12174165, -0.400128439999946 ], [ 100.12205408, -0.40003334999995 ], [ 100.12388999, -0.399356959999978 ], [ 100.12404721, -0.399242139999962 ], [ 100.12505282, -0.398292389999942 ], [ 100.12626459, -0.397494769999978 ], [ 100.12669408, -0.397203329999963 ], [ 100.12681409, -0.397138709999974 ], [ 100.12689348, -0.397095959999953 ], [ 100.1271389, -0.397034609999934 ], [ 100.12732067, -0.396981139999987 ], [ 100.12739967, -0.396957909999968 ], [ 100.12775553, -0.396812929999959 ], [ 100.12779078, -0.396798569999929 ], [ 100.12781381, -0.396789189999941 ], [ 100.12784837, -0.396691829999951 ], [ 100.12786132, -0.396675739999975 ], [ 100.12811324, -0.396464889999953 ], [ 100.12840148, -0.396223649999967 ], [ 100.1284276, -0.39618030999998 ], [ 100.12855067, -0.395364919999963 ], [ 100.12855067, -0.394618479999971 ], [ 100.12853797, -0.394560549999942 ], [ 100.1282778, -0.394154029999923 ], [ 100.12806667, -0.39383230999994 ], [ 100.12806047, -0.393806569999927 ], [ 100.1280619, -0.39376943999998 ], [ 100.12807475, -0.39372659999998 ], [ 100.12809533, -0.393693499999924 ], [ 100.12949091, -0.393198 ], [ 100.1308667, -0.392595459999944 ], [ 100.13410923, -0.391175379999948 ], [ 100.13701973, -0.389944279999956 ], [ 100.13761521, -0.389692399999951 ], [ 100.1407473, -0.388609989999971 ], [ 100.14134546, -0.388403269999969 ], [ 100.14228538, -0.388078449999963 ], [ 100.14591992, -0.386822389999968 ], [ 100.14739537, -0.386276279999954 ], [ 100.14762251, -0.386192209999935 ], [ 100.1532635, -0.384104309999952 ], [ 100.15418258, -0.383764139999931 ], [ 100.15488723, -0.383503319999932 ], [ 100.15520025, -0.383336159999944 ], [ 100.1559223, -0.383114689999957 ], [ 100.1571016, -0.382977729999938 ], [ 100.1571791, -0.383107199999934 ], [ 100.157307172, -0.383333479999976 ], [ 100.157308791, -0.383336338999931 ], [ 100.157455839, -0.383632299999934 ], [ 100.157559651, -0.383999319999934 ], [ 100.15759616, -0.384312759999947 ], [ 100.157593339, -0.384641750999951 ], [ 100.15758446, -0.385115859999929 ], [ 100.15766793, -0.385523728999952 ], [ 100.157702281, -0.385734798999985 ], [ 100.1577752, -0.386182779999962 ], [ 100.15781635, -0.386624679999961 ], [ 100.157816572, -0.386627099999946 ], [ 100.157812529, -0.386756290999928 ], [ 100.15780139, -0.38697269999995 ], [ 100.157745701, -0.387286878999931 ], [ 100.15773111, -0.387322649999934 ], [ 100.157594441, -0.387657648999943 ], [ 100.157488671, -0.38792548099997 ], [ 100.157436679, -0.388224409999968 ], [ 100.15741866, -0.388481848999965 ], [ 100.157414871, -0.389108330999934 ], [ 100.15741095, -0.389757940999972 ], [ 100.157419451, -0.390189020999971 ], [ 100.15742811, -0.390532727999931 ], [ 100.157493841, -0.390893378999983 ], [ 100.157653409, -0.391184259999928 ], [ 100.157835391, -0.39141468799994 ], [ 100.157977979, -0.391558180999944 ], [ 100.157987099, -0.391567359999957 ], [ 100.158099311, -0.391774830999965 ], [ 100.158186859, -0.39198956899998 ], [ 100.158359679, -0.392449579999951 ], [ 100.158494041, -0.392878048999944 ], [ 100.15869137, -0.393319659999978 ], [ 100.158707582, -0.393347970999966 ], [ 100.158895491, -0.393676079999981 ], [ 100.159053729, -0.393933779999937 ], [ 100.159240431, -0.394165048999978 ], [ 100.159498011, -0.394472718999974 ], [ 100.159510609, -0.394486263999964 ], [ 100.15961306, -0.394596398999973 ], [ 100.15974994, -0.394743549999928 ], [ 100.16003868, -0.394995589999953 ], [ 100.160404031, -0.395160609999959 ], [ 100.160788059, -0.39537345099996 ], [ 100.160940651, -0.395459450999973 ], [ 100.161061521, -0.395527570999946 ], [ 100.161286449, -0.395714449999958 ], [ 100.161395519, -0.395880390999938 ], [ 100.161421871, -0.395941119999986 ], [ 100.161498519, -0.396117699999941 ], [ 100.16162373, -0.396435569999941 ], [ 100.16179668, -0.39674702099996 ], [ 100.162022201, -0.396907239999961 ], [ 100.162459112, -0.396967429999959 ], [ 100.16275708, -0.396972940999952 ], [ 100.163324491, -0.397120448999947 ], [ 100.163564521, -0.397241220999948 ], [ 100.16373536, -0.397350879999976 ], [ 100.163918631, -0.397468518999982 ], [ 100.164248761, -0.397663279999966 ], [ 100.164620641, -0.397846119999949 ], [ 100.164804625, -0.397931105999942 ], [ 100.164818862, -0.397937680999975 ], [ 100.164962849, -0.398004190999931 ], [ 100.16522871, -0.398137968999958 ], [ 100.165483721, -0.398285809999956 ], [ 100.165625741, -0.398373278999941 ], [ 100.16566293, -0.398396179999967 ], [ 100.165791551, -0.398518018999946 ], [ 100.16590174, -0.398688219999944 ], [ 100.16599527, -0.398919700999958 ], [ 100.16599382, -0.398968560999959 ], [ 100.165987711, -0.399174519999972 ], [ 100.16587041, -0.399695098999935 ], [ 100.16639269, -0.399965760999975 ], [ 100.16689406, -0.400381637999939 ], [ 100.16736742, -0.400829849999983 ], [ 100.167724709, -0.401149478999976 ], [ 100.168037741, -0.401390058999941 ], [ 100.16832139, -0.401589879999969 ], [ 100.168575691, -0.401755818999965 ], [ 100.16885108, -0.401963678999947 ], [ 100.16917206, -0.402250519999951 ], [ 100.16944539, -0.40252560899995 ], [ 100.169725591, -0.402761568999952 ], [ 100.169764111, -0.402790450999939 ], [ 100.17001293, -0.402977030999983 ], [ 100.17030036, -0.403206970999981 ], [ 100.170523381, -0.403448907999976 ], [ 100.170732972, -0.403726448999976 ], [ 100.17092788, -0.404023479999985 ], [ 100.17097859, -0.404101050999937 ], [ 100.17113752, -0.40434417999996 ], [ 100.171216349, -0.404475459999963 ], [ 100.171455651, -0.404874008999967 ], [ 100.171940629, -0.405565218999931 ], [ 100.1721389, -0.405922129999968 ], [ 100.172327169, -0.406222370999961 ], [ 100.17251682, -0.406428158999974 ], [ 100.172677781, -0.406560218999968 ], [ 100.172783052, -0.406646588999933 ], [ 100.17300649, -0.406799380999935 ], [ 100.173330402, -0.407006308999941 ], [ 100.173595711, -0.40717781099994 ], [ 100.173713879, -0.407254199999953 ], [ 100.17409065, -0.407512607999936 ], [ 100.174191099, -0.407586878999949 ], [ 100.17348973, -0.408264909999962 ], [ 100.17228688, -0.409787829999981 ], [ 100.17171661, -0.410376789999936 ], [ 100.17105536, -0.411194 ], [ 100.16959781, -0.412985749999968 ], [ 100.1688489, -0.413911819999955 ], [ 100.16785036, -0.415131809999938 ], [ 100.16698065, -0.415953199999934 ], [ 100.16678775, -0.416129589999969 ], [ 100.16584442, -0.417174509999946 ], [ 100.16490862, -0.418211089999943 ], [ 100.1618974, -0.421004179999957 ], [ 100.16143116, -0.421436649999982 ], [ 100.16111823, -0.421779379999976 ], [ 100.16047401, -0.422512179999953 ], [ 100.16012774, -0.42276986999997 ], [ 100.15889566, -0.423724129999925 ], [ 100.15817896, -0.424303929999961 ], [ 100.15722068, -0.425133359999969 ], [ 100.15633488, -0.425942669999935 ], [ 100.15583561, -0.426345309999942 ], [ 100.15543297, -0.426651309999953 ], [ 100.15483706, -0.427158639999965 ], [ 100.15458743, -0.427319699999945 ], [ 100.15344393, -0.428088739999965 ], [ 100.15329741, -0.428184199999982 ], [ 100.15291245, -0.428435 ], [ 100.15238902, -0.428789329999974 ], [ 100.15166427, -0.429224179999953 ], [ 100.15057714, -0.429884509999976 ], [ 100.14969939, -0.43041195999996 ], [ 100.14911959, -0.430758229999927 ], [ 100.14869188, -0.431124839999939 ], [ 100.14810901, -0.431718499999937 ], [ 100.14791791, -0.431913149999956 ], [ 100.14778763, -0.432506629999983 ], [ 100.14766772, -0.433286051999978 ], [ 100.147438071, -0.433563214999945 ], [ 100.147012828, -0.433988457999933 ], [ 100.146575078, -0.434388685999986 ], [ 100.146087299, -0.434801421999967 ], [ 100.145749606, -0.435289200999938 ], [ 100.145499463, -0.435714443999923 ], [ 100.145286842, -0.436152193999933 ], [ 100.145036699, -0.436802564999946 ], [ 100.145029518, -0.436974911999929 ], [ 100.145011684, -0.437402907999976 ], [ 100.144999177, -0.438003250999942 ], [ 100.144924134, -0.438491029999975 ], [ 100.14463647, -0.439041344999971 ], [ 100.14419872, -0.439816787999978 ], [ 100.14411117, -0.439991887999957 ], [ 100.14411117, -0.440329580999958 ], [ 100.144204973, -0.44051093399998 ], [ 100.144336298, -0.440748569999936 ], [ 100.144392581, -0.440923669999965 ], [ 100.144355059, -0.441167558999948 ], [ 100.144305031, -0.441480237999944 ], [ 100.144204973, -0.441986777999953 ], [ 100.144061141, -0.442311962999953 ], [ 100.143823505, -0.442649655999955 ], [ 100.14358587, -0.442924812999938 ], [ 100.143266937, -0.443181209999977 ], [ 100.142897977, -0.44330002799996 ], [ 100.142529016, -0.443531409999942 ], [ 100.142247605, -0.443850341999964 ], [ 100.142016223, -0.444125498999936 ], [ 100.141722305, -0.444469445999976 ], [ 100.141489341, -0.444816182999943 ], [ 100.141453401, -0.444869674999951 ], [ 100.141247033, -0.445213620999944 ], [ 100.141003144, -0.445632610999957 ], [ 100.140965623, -0.446182924999959 ], [ 100.140740494, -0.446883324999934 ], [ 100.140552887, -0.447114706999968 ], [ 100.140265222, -0.447464907999976 ], [ 100.14019018, -0.447983953999939 ], [ 100.140221447, -0.448528014999973 ], [ 100.14020894, -0.449315964999938 ], [ 100.140415308, -0.450041379999965 ], [ 100.140477844, -0.45026025499994 ], [ 100.140521619, -0.450666736999953 ], [ 100.140721733, -0.451192036999944 ], [ 100.140921848, -0.451823647999962 ], [ 100.14141588, -0.452924276999975 ], [ 100.141365851, -0.45344957699996 ], [ 100.141358792, -0.453537819999952 ], [ 100.141315823, -0.454074933999946 ], [ 100.141190751, -0.454550205999972 ], [ 100.141040665, -0.455425705999974 ], [ 100.140915594, -0.456326220999925 ], [ 100.140815537, -0.457151691999967 ], [ 100.140965623, -0.458002177999961 ], [ 100.141197005, -0.461122710999979 ], [ 100.14124078, -0.461497925999935 ], [ 100.141243189, -0.461551730999938 ], [ 100.141259541, -0.461916914999966 ], [ 100.141236111, -0.461979055999962 ], [ 100.141115708, -0.462298382999968 ], [ 100.140971876, -0.462686103999948 ], [ 100.141009398, -0.463017543999971 ], [ 100.141115708, -0.463417771999956 ], [ 100.14132833, -0.464193214999967 ], [ 100.141297062, -0.464418343999969 ], [ 100.14117199, -0.464706007999954 ], [ 100.140940608, -0.464931136999957 ], [ 100.140690465, -0.465137504999982 ], [ 100.140327758, -0.465350126999968 ], [ 100.139983812, -0.465650297999959 ], [ 100.139627358, -0.465869172999935 ], [ 100.139052029, -0.466319429999949 ], [ 100.1384767, -0.466738419999956 ], [ 100.137782554, -0.467939105999964 ], [ 100.137432354, -0.468626998999986 ], [ 100.137209358900378, -0.468977175593225 ], [ 100.136706939, -0.469777655999969 ], [ 100.136144118, -0.470465548999923 ], [ 100.135368675, -0.47094082099994 ], [ 100.134680782, -0.471328541999985 ], [ 100.134326890262344, -0.471475459814297 ], [ 100.133930353, -0.471641220999976 ], [ 100.133061106, -0.471847588999936 ], [ 100.132798456, -0.471903870999945 ], [ 100.13256082, -0.472047702999938 ], [ 100.13238572, -0.47229159299997 ], [ 100.132479524, -0.472491706999965 ], [ 100.132654624, -0.472591763999964 ], [ 100.132798456, -0.472766863999937 ], [ 100.132879753, -0.472929456999964 ], [ 100.132917274, -0.473110810999977 ], [ 100.13282347, -0.473342192999958 ], [ 100.132723413, -0.473429742999947 ], [ 100.132617103, -0.473598588999953 ], [ 100.132654624, -0.473848731999965 ], [ 100.132767188, -0.474155156999933 ], [ 100.132973556, -0.474380285999935 ], [ 100.133173671, -0.474655442999971 ], [ 100.133298742, -0.474868064999955 ], [ 100.133492603, -0.475186996999989 ], [ 100.133661449, -0.475468407999934 ], [ 100.13385531, -0.47580610099993 ], [ 100.133924099, -0.475924918999967 ], [ 100.133999142, -0.476049989999984 ], [ 100.134105453, -0.476231343999934 ], [ 100.134155481, -0.47647523299997 ], [ 100.134280553, -0.476787911999966 ], [ 100.134461907, -0.477106843999934 ], [ 100.134774585, -0.477413268999951 ], [ 100.135068503, -0.47762588999996 ], [ 100.135374928, -0.477869779999935 ], [ 100.135556282, -0.477976090999968 ], [ 100.135750143, -0.478019865999959 ], [ 100.135906482, -0.478088654999966 ], [ 100.136050314, -0.478163697999948 ], [ 100.136269189, -0.478263754999941 ], [ 100.136381754, -0.478420093999942 ], [ 100.136406768, -0.478601447999956 ], [ 100.136350486, -0.478801561999945 ], [ 100.136300457, -0.479001676999939 ], [ 100.136169132, -0.479170522999941 ], [ 100.136227547, -0.479459162999949 ], [ 100.136275443, -0.479695822999937 ], [ 100.136294203, -0.479983487999969 ], [ 100.136444289, -0.480314926999948 ], [ 100.136644404, -0.480702647999981 ], [ 100.136644404, -0.480958658999957 ], [ 100.136644404, -0.481227948999963 ], [ 100.136294203, -0.481403048999945 ], [ 100.13551876, -0.481453076999974 ], [ 100.134718303, -0.48135301999997 ], [ 100.134230548, -0.481248500999927 ], [ 100.134207855, -0.481249835999971 ], [ 100.134185968, -0.48125139899997 ], [ 100.134160953, -0.48125452599994 ], [ 100.134126559, -0.481260779999964 ], [ 100.134107798, -0.481260779999964 ], [ 100.134087474, -0.481260779999964 ], [ 100.13408266, -0.481259442999948 ], [ 100.134059333, -0.481252962999979 ], [ 100.134029628, -0.481237328999954 ], [ 100.133996797, -0.481221694999932 ], [ 100.133992744, -0.481219394999925 ], [ 100.133893613, -0.481201370999953 ], [ 100.133655977, -0.481213877999955 ], [ 100.133493384, -0.481226384999964 ], [ 100.133230734, -0.48125139899997 ], [ 100.132868027, -0.481338948999959 ], [ 100.132580363, -0.481413991999941 ], [ 100.132142613, -0.481539063999951 ], [ 100.131713346053488, -0.481710770778532 ], [ 100.131704863, -0.481714163999928 ], [ 100.131217084, -0.481951799999933 ], [ 100.130904405, -0.482101884999965 ], [ 100.130566712, -0.482327013999963 ], [ 100.130366598, -0.482502113999941 ], [ 100.130178991, -0.482714735999936 ], [ 100.130103948, -0.482977385999971 ], [ 100.130153976, -0.483315078999966 ], [ 100.130254034, -0.483677785999931 ], [ 100.130254034, -0.483915421999949 ], [ 100.130178991, -0.48410302899993 ], [ 100.129991384, -0.484253114999951 ], [ 100.129766255, -0.484253114999951 ], [ 100.12968229, -0.484225125999964 ], [ 100.129115102, -0.483141541999938 ], [ 100.128599822, -0.48284709699993 ], [ 100.12837718, -0.482939863999949 ], [ 100.127639258, -0.482852313999959 ], [ 100.126526122, -0.482777270999979 ], [ 100.124900193, -0.482289492999936 ], [ 100.124573898720485, -0.482155282473806 ], [ 100.123136686, -0.481564077999963 ], [ 100.120510185, -0.480375898999972 ], [ 100.118565324, -0.47973178099994 ], [ 100.117298975, -0.479406594999943 ], [ 100.116475015, -0.479159134999974 ], [ 100.116404618, -0.479147719999959 ], [ 100.116314474, -0.479120675999983 ], [ 100.116239354, -0.479084618999937 ], [ 100.116167239, -0.479051565999959 ], [ 100.116119162, -0.47903353699997 ], [ 100.116095753, -0.479029635999949 ], [ 100.116047047, -0.479021517999967 ], [ 100.11591784, -0.479018512999967 ], [ 100.115906351, -0.479018512999967 ], [ 100.11584502, -0.479026690999944 ], [ 100.114569291, -0.479164268999965 ], [ 100.114094019, -0.479301847999981 ], [ 100.11378134, -0.479414411999931 ], [ 100.113681321457165, -0.479470754843329 ], [ 100.113331083, -0.479664554999943 ], [ 100.112167919, -0.480965297999946 ], [ 100.111542561, -0.481840798999935 ], [ 100.110942218, -0.482541198999973 ], [ 100.110252517, -0.483293600999959 ], [ 100.109841589, -0.48374188499997 ], [ 100.109151590169986, -0.484317213999929 ], [ 100.108745701270223, -0.484599357448885 ], [ 100.108293991, -0.48491916999996 ], [ 100.108190646, -0.484992599999938 ], [ 100.107640332, -0.485217727999952 ], [ 100.106339588, -0.485192713999939 ], [ 100.104963802, -0.485492884999935 ], [ 100.104626109, -0.48565547799996 ], [ 100.104213374, -0.485905620999969 ], [ 100.103813145, -0.486193285999954 ], [ 100.103362888, -0.486668556999973 ], [ 100.10291263, -0.487243885999928 ], [ 100.102437359, -0.487794199999945 ], [ 100.102237245, -0.488156907999948 ], [ 100.101974594, -0.48873223599998 ], [ 100.101736959, -0.489132464999957 ], [ 100.101399266, -0.489545200999944 ], [ 100.100949008, -0.489807850999975 ], [ 100.100386187, -0.489807850999975 ], [ 100.100035987, -0.489782836999952 ], [ 100.099459607, -0.48979312899997 ], [ 100.099594271, -0.489892879999955 ] ] ] ] } },
{ "type": "Feature", "properties": { "fid": null, "kk": null, "gid": 78819, "bstt": null, "luas": 0.43396415453551501, "bsbtt": null, "idsls": "13060210050003", "kdkab": "06", "kdkec": "021", "kdsls": "0003", "nmkab": "PADANG PARIAMAN", "nmkec": "SINTUAK TOBOH GADANG", "nmsls": "KORONG TOBOH TANGAH PADANG", "bstt_k": null, "kddesa": "005", "kdprov": "13", "khusus": null, "muatan": null, "nmdesa": "TOBOH GADANG TIMUR", "nmprov": "SUMATERA BARAT", "posisi": "", "rw_dki": "", "segmen": "", "sumber": "", "dom_sls": "", "periode": "2024_1", "tingkat": null, "nm_gedung": "", "wil_campur": null, "iddesa": "1306021005", "idkec": "1306021", "idkab": "1306" }, "geometry": { "type": "MultiPolygon", "coordinates": [ [ [ [ 100.25165807, -0.692255169999954 ], [ 100.25146034, -0.69262002999995 ], [ 100.25055697, -0.694286979999962 ], [ 100.252741737, -0.69820940799997 ], [ 100.252519855, -0.698120239999982 ], [ 100.252043389, -0.697921209999951 ], [ 100.251621204, -0.697704085999935 ], [ 100.251162832, -0.697372369999934 ], [ 100.250746679, -0.697125089999932 ], [ 100.249974683, -0.696727029999978 ], [ 100.249534405, -0.696443562999949 ], [ 100.249003658, -0.696093752999966 ], [ 100.248575442, -0.695834409999977 ], [ 100.248177382, -0.695599192999966 ], [ 100.247815509, -0.695400162999933 ], [ 100.247248575, -0.694965915999953 ], [ 100.246947015, -0.69472466699995 ], [ 100.246729891, -0.69451357499998 ], [ 100.246452050309145, -0.694247260868066 ], [ 100.246385569121045, -0.694202824807342 ], [ 100.246470637377328, -0.693974852254557 ], [ 100.246361881415439, -0.693919696210311 ], [ 100.246156126893027, -0.693806271868539 ], [ 100.245960919451136, -0.693762959677054 ], [ 100.245808937749302, -0.693701924932167 ], [ 100.245619522556581, -0.693608125076357 ], [ 100.245427081562056, -0.693587203818195 ], [ 100.24523415, -0.693832047999935 ], [ 100.245143682, -0.693958702999976 ], [ 100.245023058, -0.694067264999949 ], [ 100.244878309, -0.694218044999963 ], [ 100.244793872, -0.694356762999973 ], [ 100.244652130495254, -0.694552088786579 ], [ 100.24458729188531, -0.694644851224629 ], [ 100.24446885335766, -0.694737440759719 ], [ 100.244338138719883, -0.694821817404208 ], [ 100.244202582799232, -0.694866080561973 ], [ 100.244141720957302, -0.694942157864382 ], [ 100.244040745628652, -0.694953223653823 ], [ 100.24386715105679, -0.694864697338293 ], [ 100.243620245629884, -0.6947457401018 ], [ 100.243306772563443, -0.6945649700571 ], [ 100.243210292711751, -0.694503416603334 ], [ 100.243070643000976, -0.694504886430431 ], [ 100.24283719, -0.694434949999968 ], [ 100.2427571, -0.694372279999926 ], [ 100.2427173, -0.694329269999974 ], [ 100.24233766, -0.694158199999944 ], [ 100.24201421, -0.693939649999949 ], [ 100.24191368, -0.693646789999952 ], [ 100.24191368, -0.693314599999959 ], [ 100.24197924, -0.693100419999957 ], [ 100.24203572, -0.693027509999977 ], [ 100.24220398, -0.69281029999997 ], [ 100.24225843, -0.692760229999973 ], [ 100.24268539, -0.692339159999961 ], [ 100.24285749, -0.69217493999998 ], [ 100.24283596, -0.692156279999953 ], [ 100.24234203, -0.691688589999958 ], [ 100.242339186, -0.691686412999961 ], [ 100.242384402, -0.691609545999944 ], [ 100.242417574, -0.691528123999954 ], [ 100.242480901, -0.691416546999962 ], [ 100.242471855, -0.691353218999947 ], [ 100.242438683, -0.691317031999971 ], [ 100.242387418, -0.691253703999972 ], [ 100.242315043, -0.691175298999951 ], [ 100.242230606, -0.691084829999966 ], [ 100.242140138, -0.691009439999962 ], [ 100.242073795, -0.690934049999952 ], [ 100.241992373, -0.690897862999972 ], [ 100.241895874, -0.690946111999948 ], [ 100.241820484, -0.691030548999944 ], [ 100.241711922, -0.691130063999939 ], [ 100.241706422, -0.691136021999975 ], [ 100.24165579, -0.691085389999961 ], [ 100.24155843, -0.690998459999951 ], [ 100.24141101, -0.690866839999963 ], [ 100.24114438, -0.690761939999964 ], [ 100.2409914, -0.690608949999952 ], [ 100.2408253, -0.690390399999952 ], [ 100.24071166, -0.690198079999966 ], [ 100.24044502, -0.690014499999966 ], [ 100.24024893, -0.689896839999969 ], [ 100.24016369, -0.690024019999958 ], [ 100.2400866, -0.690486559999955 ], [ 100.23972381, -0.69084935999996 ], [ 100.239314786, -0.691060362999967 ], [ 100.239257218, -0.691133079999933 ], [ 100.23916675, -0.691247672999972 ], [ 100.239088344, -0.691344172999959 ], [ 100.238997876, -0.691428608999963 ], [ 100.238841065, -0.691500983999958 ], [ 100.238702347, -0.691591451999951 ], [ 100.238593785, -0.691675888999962 ], [ 100.238503317, -0.691724138999984 ], [ 100.238430942, -0.691760325999957 ], [ 100.238376661, -0.691760325999957 ], [ 100.238316349, -0.691742232999961 ], [ 100.238268099, -0.691681919999951 ], [ 100.238231912, -0.691585420999964 ], [ 100.238231912, -0.69148288999998 ], [ 100.238225881, -0.691368296999944 ], [ 100.238189694, -0.691241641999969 ], [ 100.238183662, -0.691114985999952 ], [ 100.238183662, -0.690964205999937 ], [ 100.238165569, -0.690843581999957 ], [ 100.238122749, -0.690724638999948 ], [ 100.23767165, -0.690512219999962 ], [ 100.23744299, -0.690141589999938 ], [ 100.23738626, -0.690049639999929 ], [ 100.23740424, -0.689771039999922 ], [ 100.23744219, -0.689182889999933 ], [ 100.23738871, -0.689155949999929 ], [ 100.237147327, -0.689034396999948 ], [ 100.237065, -0.68899293999994 ], [ 100.23681683, -0.688867969999941 ], [ 100.23621431, -0.688846559999948 ], [ 100.236122765, -0.688843306999968 ], [ 100.236051629, -0.688780906999971 ], [ 100.235976238, -0.688645204999952 ], [ 100.235900848, -0.688512517999922 ], [ 100.235834505, -0.68839792499995 ], [ 100.235786255, -0.68832856599994 ], [ 100.235704834, -0.688253175999937 ], [ 100.235650553, -0.688241113999938 ], [ 100.235541991, -0.688247144999936 ], [ 100.235439741, -0.688268899999976 ], [ 100.235259432, -0.688340511999964 ], [ 100.235090286, -0.688383738999963 ], [ 100.23495121, -0.688379979999975 ], [ 100.234900466, -0.688410049999958 ], [ 100.234872275, -0.688487105999968 ], [ 100.234827169, -0.688573557999982 ], [ 100.234791461, -0.688654372999965 ], [ 100.234738837, -0.688693839999935 ], [ 100.234609159, -0.68865625199993 ], [ 100.234532103, -0.688624301999943 ], [ 100.234449374, -0.688649607999933 ], [ 100.23435081, -0.688732079999971 ], [ 100.23425673, -0.688761029999968 ], [ 100.23210278, -0.688969139999933 ], [ 100.231606, -0.689084899999955 ], [ 100.23031473, -0.689310039999958 ], [ 100.23026769, -0.689318239999985 ], [ 100.23018716, -0.689332279999982 ], [ 100.230167772, -0.689335660999978 ], [ 100.22985888, -0.689389519999966 ], [ 100.22980982, -0.689398069999937 ], [ 100.229675141, -0.689395986999958 ], [ 100.22894546, -0.689384699999953 ], [ 100.22842984, -0.689231769999934 ], [ 100.22445909, -0.688054069999964 ], [ 100.2244342, -0.688046689999975 ], [ 100.22340244, -0.687292849999946 ], [ 100.22329951, -0.687217639999976 ], [ 100.22262384, -0.685722279999947 ], [ 100.22280102, -0.683915349999952 ], [ 100.22363988, -0.680381309999981 ], [ 100.22387337, -0.679397639999935 ], [ 100.223875539, -0.679388502999938 ], [ 100.22387405, -0.679387758999957 ], [ 100.223827217, -0.679364341999934 ], [ 100.223465345, -0.679159280999953 ], [ 100.223151721, -0.678954219999981 ], [ 100.223127597, -0.678893907999968 ], [ 100.223248221, -0.678688845999943 ], [ 100.22334472, -0.678399347999974 ], [ 100.223465345, -0.678158099999963 ], [ 100.223525657, -0.677904788999967 ], [ 100.223429157, -0.677796226999938 ], [ 100.223284408, -0.677675602999952 ], [ 100.223212034, -0.677687664999956 ], [ 100.22294666, -0.677989225999976 ], [ 100.222741599, -0.67830284899998 ], [ 100.222572725, -0.678435535999944 ], [ 100.222452101, -0.678363160999936 ], [ 100.222174665, -0.678170161999966 ], [ 100.221873104, -0.677904788999967 ], [ 100.221791683, -0.677823366999969 ], [ 100.221776605, -0.677808288999929 ], [ 100.222210852, -0.677530853999941 ], [ 100.222572725, -0.676879482999939 ], [ 100.222718178, -0.67669486999995 ], [ 100.223199971, -0.676083362999982 ], [ 100.223332658, -0.675805926999938 ], [ 100.223525657, -0.675419928999935 ], [ 100.223875467, -0.675251054999935 ], [ 100.22458715, -0.675118367999965 ], [ 100.225407395, -0.67490124499995 ], [ 100.226046704, -0.674756495999936 ], [ 100.226193769, -0.674703971999977 ], [ 100.226215201, -0.674653964999949 ], [ 100.22623631, -0.674551433999971 ], [ 100.226269482, -0.674385575999966 ], [ 100.226299638, -0.674132264999975 ], [ 100.226317731, -0.673960375999968 ], [ 100.226344872, -0.673761345999933 ], [ 100.226390106, -0.673553268999972 ], [ 100.226441371, -0.673278848999938 ], [ 100.226441175, -0.673264538999946 ], [ 100.226438356, -0.673058708999978 ], [ 100.226353919, -0.672968240999987 ], [ 100.226043311, -0.672829522999973 ], [ 100.225598509, -0.672606367999945 ], [ 100.225277347, -0.672469157999964 ], [ 100.22496674, -0.672289729999937 ], [ 100.224751124, -0.672154026999978 ], [ 100.224619945, -0.672090699999956 ], [ 100.224600874, -0.672086714999984 ], [ 100.224319501, -0.671981199999955 ], [ 100.225115621, -0.66985218199995 ], [ 100.225380995, -0.669001780999969 ], [ 100.225616212, -0.668278034999966 ], [ 100.225815242, -0.667506039999976 ], [ 100.226008241, -0.666715950999957 ], [ 100.226107363, -0.666340111999941 ], [ 100.226187669, -0.666351062999978 ], [ 100.226358629, -0.666394480999944 ], [ 100.226360079, -0.66639484899998 ], [ 100.22642107, -0.665799929999941 ], [ 100.226286028, -0.664758605999963 ], [ 100.22609515, -0.663286719999978 ], [ 100.22616844, -0.662946109999947 ], [ 100.226259651, -0.66252222099996 ], [ 100.226399051, -0.662503633999962 ], [ 100.226609825, -0.662433376999966 ], [ 100.226820598, -0.662392392999951 ], [ 100.226961114, -0.662316279999976 ], [ 100.227095775, -0.662000119999959 ], [ 100.227136759, -0.661496604999974 ], [ 100.227037227, -0.660887703999947 ], [ 100.226662518, -0.660173415999974 ], [ 100.22635514, -0.659134184999974 ], [ 100.226451745, -0.658829733999935 ], [ 100.226583478, -0.658572121999958 ], [ 100.226949404, -0.658097880999955 ], [ 100.227212871, -0.657623640999938 ], [ 100.227303621, -0.657459705999939 ], [ 100.227420718, -0.65717867399997 ], [ 100.227499758, -0.657008884999925 ], [ 100.227523177, -0.656806892999954 ], [ 100.227640273, -0.656517079999963 ], [ 100.227783716, -0.656139443999965 ], [ 100.227795426, -0.655963798999957 ], [ 100.227941797, -0.655647638999935 ], [ 100.228225755, -0.655173397999928 ], [ 100.22840428198117, -0.654689988121043 ], [ 100.228459948, -0.654544004999937 ], [ 100.228698532, -0.654145876999968 ], [ 100.228733661, -0.65409171999994 ], [ 100.228771718, -0.654027316999939 ], [ 100.228802455, -0.65395705899994 ], [ 100.228805383, -0.653924856999943 ], [ 100.228789282, -0.653889728999963 ], [ 100.228739516, -0.653844353999943 ], [ 100.228688286, -0.653809224999983 ], [ 100.228641448, -0.653774095999958 ], [ 100.228569726, -0.653712619999973 ], [ 100.228495077, -0.653659926999982 ], [ 100.228439656, -0.653628017999951 ], [ 100.22844411, -0.653619709999938 ], [ 100.22852935, -0.653568199999947 ], [ 100.22869551, -0.653412799999966 ], [ 100.22901896, -0.653110289999972 ], [ 100.229045462, -0.65308529999993 ], [ 100.22904858, -0.653082359999937 ], [ 100.22905436, -0.653076909999925 ], [ 100.22906551, -0.653066399999938 ], [ 100.22923246, -0.652908949999926 ], [ 100.22940054, -0.652897239999965 ], [ 100.22995526, -0.652932559999965 ], [ 100.229958414, -0.652932760999935 ], [ 100.23031192, -0.652955269999951 ], [ 100.23134106, -0.652789599999946 ], [ 100.23162847, -0.652675309999956 ], [ 100.231793093, -0.652621404999931 ], [ 100.23187291, -0.652595269999957 ], [ 100.23223291, -0.652386469999966 ], [ 100.2327106, -0.652133149999947 ], [ 100.232821, -0.652097349999964 ], [ 100.23297839, -0.652046299999945 ], [ 100.23310866, -0.652006499999973 ], [ 100.23326789, -0.652064399999971 ], [ 100.23338369, -0.65216933999995 ], [ 100.23355377, -0.652172959999979 ], [ 100.23383966, -0.65207162999997 ], [ 100.233985968, -0.651953378999959 ], [ 100.23396348, -0.651904943999973 ], [ 100.233937134, -0.651840540999961 ], [ 100.233902005, -0.651758573999927 ], [ 100.233866876, -0.651694170999974 ], [ 100.233837602, -0.651632694999938 ], [ 100.233773199, -0.651600492999939 ], [ 100.233685376, -0.651609275999936 ], [ 100.233615382967201, -0.651502827290767 ], [ 100.233537980268494, -0.651395781005319 ], [ 100.23360220803977, -0.65132990636812 ], [ 100.233755366571259, -0.651234388144182 ], [ 100.233989221533307, -0.651143810518033 ], [ 100.23411146, -0.651087539999943 ], [ 100.234039855772437, -0.650993904240897 ], [ 100.23400918, -0.650953789999967 ], [ 100.23401942, -0.650833159999939 ], [ 100.23434387, -0.650747129999961 ], [ 100.23471111, -0.651082259999958 ], [ 100.23492456, -0.651022039999934 ], [ 100.23508152, -0.651298399999974 ], [ 100.2351299, -0.651408809999973 ], [ 100.23532878, -0.651323579999936 ], [ 100.23563912, -0.65117058999994 ], [ 100.23601503, -0.651017609999945 ], [ 100.23622265, -0.650936749999972 ], [ 100.23629258, -0.650906149999965 ], [ 100.23623265, -0.650827859999942 ], [ 100.23607841, -0.650626409999983 ], [ 100.23598224, -0.650521499999978 ], [ 100.23638874, -0.650167449999978 ], [ 100.23646817, -0.650125979999927 ], [ 100.23671651, -0.649882609999964 ], [ 100.23681122, -0.649900429999953 ], [ 100.23685412, -0.64990849999993 ], [ 100.23701153, -0.649995349999938 ], [ 100.23718162, -0.650169049999932 ], [ 100.23718376, -0.650172259999984 ], [ 100.23721057, -0.650212479999937 ], [ 100.2372359, -0.650207049999953 ], [ 100.23738789, -0.650053249999925 ], [ 100.23760502, -0.649823459999938 ], [ 100.23788547, -0.649463389999934 ], [ 100.23791985, -0.64947061999993 ], [ 100.23799223, -0.649508619999955 ], [ 100.23823469, -0.649582809999968 ], [ 100.2385839, -0.649675089999967 ], [ 100.23918483, -0.649709689999963 ], [ 100.239394724, -0.649721773999944 ], [ 100.23982264, -0.649904529999965 ], [ 100.239811107, -0.649923991999972 ], [ 100.239895021, -0.649937723999938 ], [ 100.240180955, -0.649924235999949 ], [ 100.240545115, -0.649886471999931 ], [ 100.240565824, -0.649873920999945 ], [ 100.240692128, -0.649759689999945 ], [ 100.240787889, -0.649635604999969 ], [ 100.240879603, -0.649506125999958 ], [ 100.240975364, -0.649406318999982 ], [ 100.241095402, -0.649317301999934 ], [ 100.24124781, -0.649239074999967 ], [ 100.24137729, -0.649213448999944 ], [ 100.241671316, -0.649301116999931 ], [ 100.241856093, -0.649345625999957 ], [ 100.241983924, -0.649400409999946 ], [ 100.24218797, -0.64944577999995 ], [ 100.243027963997278, -0.649511002628205 ], [ 100.242936033477861, -0.649671538012786 ], [ 100.242821708578234, -0.649891256179256 ], [ 100.24301463184635, -0.649985931486759 ], [ 100.243262931237723, -0.650085965773933 ], [ 100.243371897157687, -0.649959136588409 ], [ 100.243450495526176, -0.649789435565526 ], [ 100.24350535, -0.649548069999986 ], [ 100.24363969, -0.649558509999966 ], [ 100.243876931, -0.649568083999963 ], [ 100.24407506, -0.649576079999977 ], [ 100.244399069, -0.649589157999977 ], [ 100.244676287, -0.649737666999952 ], [ 100.244892916, -0.649860618999978 ], [ 100.245086125, -0.649954295999982 ], [ 100.245279334, -0.650042117999928 ], [ 100.245373011, -0.650088956999982 ], [ 100.245490107, -0.650188488999958 ], [ 100.24556622, -0.65028802099994 ], [ 100.245560365, -0.650387552999979 ], [ 100.245536946, -0.650475374999938 ], [ 100.245472543, -0.650592470999936 ], [ 100.245437414, -0.650680293999932 ], [ 100.24540814, -0.650820808999922 ], [ 100.245472543, -0.650926195999948 ], [ 100.245613059, -0.651031582999965 ], [ 100.24573601, -0.651095985999969 ], [ 100.245817977, -0.651154533999953 ], [ 100.245872857, -0.651204840999982 ], [ 100.245916929324551, -0.651214088871066 ], [ 100.245876831505598, -0.651412219270625 ], [ 100.24578595111177, -0.651519205050693 ], [ 100.245713322, -0.651667057999939 ], [ 100.24559988, -0.651968263999951 ], [ 100.245529469, -0.652112998999943 ], [ 100.245454898, -0.652223079999947 ], [ 100.245447321, -0.65223426399996 ], [ 100.245590101, -0.652281204999958 ], [ 100.24566983, -0.652297602999966 ], [ 100.245795394, -0.65229162399993 ], [ 100.245929219, -0.65226653199995 ], [ 100.246104864, -0.652199619999983 ], [ 100.246155048, -0.652157799999951 ], [ 100.246205232, -0.652032338999966 ], [ 100.246225306, -0.651925279999943 ], [ 100.246230324, -0.651898514999971 ], [ 100.246238688, -0.651731233999963 ], [ 100.246238688, -0.651580680999924 ], [ 100.246238688, -0.651538860999958 ], [ 100.246210449, -0.651489441999968 ], [ 100.246373565, -0.650959316999949 ], [ 100.246497799, -0.650361439999933 ], [ 100.246738503, -0.649911090999987 ], [ 100.247445084, -0.648560044999956 ], [ 100.247763434, -0.648008756999966 ], [ 100.248136136, -0.646960530999942 ], [ 100.248431192, -0.646409241999947 ], [ 100.248547662, -0.645516309999956 ], [ 100.24865638, -0.645211897999958 ], [ 100.248794087, -0.64577911899995 ], [ 100.249151231, -0.646926663999985 ], [ 100.249543504, -0.648003950999966 ], [ 100.249578633, -0.648349384999958 ], [ 100.249654746, -0.648612851999935 ], [ 100.249912358, -0.648829480999957 ], [ 100.250199244, -0.648882173999936 ], [ 100.250462711, -0.648858754999932 ], [ 100.25066763, -0.648770931999934 ], [ 100.250819855, -0.648688964999962 ], [ 100.251013065, -0.648601142999958 ], [ 100.251182854, -0.648536739999937 ], [ 100.251358499, -0.64845477199998 ], [ 100.251504869, -0.648366949999969 ], [ 100.251592692, -0.648355239999947 ], [ 100.251709788, -0.648361094999936 ], [ 100.251834861686177, -0.648353699175431 ], [ 100.251914707, -0.648343530999966 ], [ 100.25199082, -0.648325965999958 ], [ 100.2521489, -0.648279126999972 ], [ 100.252301125, -0.648203014999988 ], [ 100.252429931, -0.648121046999958 ], [ 100.252558737, -0.648121046999958 ], [ 100.252699253, -0.648150320999948 ], [ 100.252863188, -0.648220578999941 ], [ 100.253128571, -0.648298832999959 ], [ 100.253435027, -0.648347925999937 ], [ 100.253595245, -0.648390482999958 ], [ 100.253974424, -0.648368690999982 ], [ 100.2544724, -0.648400308999957 ], [ 100.255175891, -0.648526778999953 ], [ 100.255808242, -0.648534683999971 ], [ 100.256170607, -0.648585011999959 ], [ 100.256235079, -0.648526778999953 ], [ 100.256851621, -0.647767957999982 ], [ 100.2577132, -0.647096084999938 ], [ 100.25874077, -0.646637629999931 ], [ 100.259005495, -0.646538721999945 ], [ 100.259005309, -0.646543743999929 ], [ 100.259049221, -0.646634493999959 ], [ 100.259125333, -0.64673109799998 ], [ 100.259189736, -0.64678379099997 ], [ 100.259262922, -0.646851121999936 ], [ 100.259324397, -0.646912597999969 ], [ 100.259374394, -0.64693759599993 ], [ 100.259402016, -0.646975101999943 ], [ 100.259454699, -0.647026686999935 ], [ 100.25953043, -0.647072783999938 ], [ 100.259585308, -0.64709034499993 ], [ 100.25966982, -0.647061808999984 ], [ 100.259725795, -0.647025588999956 ], [ 100.259745888, -0.647020269999935 ], [ 100.259745919, -0.647020261999961 ], [ 100.259748872, -0.647020911999956 ], [ 100.259857186, -0.647041403999939 ], [ 100.259962573, -0.647070677999982 ], [ 100.260079669, -0.647135080999933 ], [ 100.260252386, -0.647249249999961 ], [ 100.260369483, -0.647325361999956 ], [ 100.260570458, -0.647424434999954 ], [ 100.260577329, -0.647427821999948 ], [ 100.260733193, -0.647520793999944 ], [ 100.260839814, -0.647608390999959 ], [ 100.261158105, -0.647804853999955 ], [ 100.261316153, -0.647902535999952 ], [ 100.261485177, -0.64800460899995 ], [ 100.261692615, -0.648148388999976 ], [ 100.261872614, -0.648263631999959 ], [ 100.262015296, -0.648354728999948 ], [ 100.262209725, -0.648453145999959 ], [ 100.26256687, -0.648716613999974 ], [ 100.262935724, -0.648944951999976 ], [ 100.263489966, -0.649300833999977 ], [ 100.263491932, -0.649302095999929 ], [ 100.26373198, -0.649477740999951 ], [ 100.264130108, -0.649700223999963 ], [ 100.264411139, -0.64987001399993 ], [ 100.264625976917344, -0.650011959347574 ], [ 100.264832686, -0.650121770999939 ], [ 100.265107863, -0.650273996999954 ], [ 100.265511846, -0.650508189999923 ], [ 100.265716764, -0.65070725399995 ], [ 100.265956812, -0.650906317999959 ], [ 100.266120747, -0.651029268999941 ], [ 100.266139431, -0.651050621999964 ], [ 100.266171611, -0.651075374999957 ], [ 100.26619503, -0.651092939999952 ], [ 100.266231623, -0.651122213999942 ], [ 100.266260897, -0.651145632999944 ], [ 100.26628578, -0.651161733999975 ], [ 100.266291152, -0.651164995999985 ], [ 100.26694982, -0.651268689999942 ], [ 100.26848494, -0.651434919999926 ], [ 100.26897828, -0.651443859999974 ], [ 100.26920127, -0.651481931999968 ], [ 100.269249003, -0.651517940999957 ], [ 100.269310479, -0.651636501999981 ], [ 100.26934268, -0.651740424999965 ], [ 100.26939391, -0.651911677999972 ], [ 100.269458313, -0.652056584999971 ], [ 100.269522716, -0.652173680999967 ], [ 100.269592974, -0.652208809999943 ], [ 100.269655913, -0.652229301999974 ], [ 100.269767155, -0.65223369299998 ], [ 100.269802284, -0.652226374999942 ], [ 100.269882788, -0.652142943999939 ], [ 100.269977928, -0.652030237999955 ], [ 100.27006136, -0.651885330999971 ], [ 100.270197484, -0.651746278999956 ], [ 100.270232613, -0.651658456999939 ], [ 100.270267742, -0.651598444999939 ], [ 100.270305798, -0.651560388999944 ], [ 100.270329218, -0.651529650999982 ], [ 100.270351376, -0.651505909999974 ], [ 100.2712995, -0.651516139999953 ], [ 100.272507463963095, -0.651537814768424 ], [ 100.272552751193871, -0.651650127100765 ], [ 100.272582722421873, -0.651985259922907 ], [ 100.272637215563677, -0.652178710576339 ], [ 100.272762549789832, -0.65241303108613 ], [ 100.272936927843631, -0.652620105025015 ], [ 100.273116755211603, -0.652752250893909 ], [ 100.273281596965575, -0.652764511850816 ], [ 100.273376959963755, -0.652767236507907 ], [ 100.273570410617211, -0.652620105025015 ], [ 100.274054037250806, -0.652369436572681 ], [ 100.274321053645693, -0.651933491438186 ], [ 100.274468504, -0.651656532999948 ], [ 100.2745524, -0.65166608999994 ], [ 100.275572571489192, -0.651782957846152 ], [ 100.27632555, -0.651868069999987 ], [ 100.277177571187721, -0.65181354401819 ], [ 100.27753533, -0.651796589999945 ], [ 100.277647204436875, -0.651790507597478 ], [ 100.27770205, -0.651791389999984 ], [ 100.27780679, -0.651788129999943 ], [ 100.27857974, -0.651764049999939 ], [ 100.279523637, -0.651734645999969 ], [ 100.27970839, -0.651728889999964 ], [ 100.28002203, -0.651646349999965 ], [ 100.28062438, -0.651536829999949 ], [ 100.28066805, -0.65151618999994 ], [ 100.28121942, -0.651265299999985 ], [ 100.28157923, -0.651101569999981 ], [ 100.282345270855046, -0.650731864507601 ], [ 100.28248076, -0.65064357999996 ], [ 100.28291466, -0.650339849999972 ], [ 100.28339676, -0.650012019999961 ], [ 100.28397047, -0.649640799999933 ], [ 100.28490575, -0.648989959999948 ], [ 100.28549392, -0.648604269999964 ], [ 100.28611101, -0.648180019999931 ], [ 100.28666543, -0.647789519999955 ], [ 100.2870704, -0.647553289999969 ], [ 100.2873693, -0.647471329999981 ], [ 100.28759107, -0.647336339999926 ], [ 100.2878273, -0.647244739999974 ], [ 100.28816959, -0.647215809999985 ], [ 100.28850466, -0.647208579999926 ], [ 100.288681389259011, -0.647196060365363 ], [ 100.288722262615025, -0.647351099815678 ], [ 100.288779425064845, -0.647615476146065 ], [ 100.288879459352017, -0.647833407985978 ], [ 100.289004502210986, -0.647947732885604 ], [ 100.289061664660792, -0.648204963909764 ], [ 100.289133117723068, -0.648508639424397 ], [ 100.289215288744671, -0.648708707998744 ], [ 100.28927804, -0.648889879999964 ], [ 100.28909769, -0.648956259999983 ], [ 100.28896117, -0.649025149999949 ], [ 100.289050946701479, -0.649078477595974 ], [ 100.289104536498172, -0.649191016169044 ], [ 100.289059878334257, -0.649419665968297 ], [ 100.288913399556606, -0.649575076378727 ], [ 100.288761561799291, -0.64972334148293 ], [ 100.28847771, -0.649920669999979 ], [ 100.28847217689713, -0.650094897406717 ], [ 100.288465031590903, -0.650182427407993 ], [ 100.288538270979728, -0.650196718020446 ], [ 100.28870353, -0.650227759999946 ], [ 100.28865893, -0.650391679999925 ], [ 100.28861916, -0.650603799999948 ], [ 100.288391401718073, -0.650606550194216 ], [ 100.288226029628703, -0.650571386634766 ], [ 100.288199762097236, -0.650676346700911 ], [ 100.288169394545776, -0.650849620376908 ], [ 100.288190830464458, -0.650963945276534 ], [ 100.288240847608037, -0.651142577932201 ], [ 100.288285505771967, -0.651201526708571 ], [ 100.288281933118853, -0.651317637934754 ], [ 100.288249779240829, -0.651571296305801 ], [ 100.288203334750349, -0.651889262432887 ], [ 100.288189044137894, -0.652025023251194 ], [ 100.288162617358594, -0.652259755232103 ], [ 100.288108659442855, -0.652528767340173 ], [ 100.287847855765577, -0.652875314692167 ], [ 100.28762635127255, -0.653182562859913 ], [ 100.287194060245838, -0.653782768582953 ], [ 100.286921952, -0.653901569999959 ], [ 100.287343499, -0.654358245999959 ], [ 100.287788466, -0.654791502999952 ], [ 100.288163174, -0.655201340999961 ], [ 100.288183475, -0.655228408999966 ], [ 100.287904805583025, -0.655582111153602 ], [ 100.287661361567572, -0.65583073482896 ], [ 100.287412737892211, -0.655903250067606 ], [ 100.287127856597536, -0.655929148367123 ], [ 100.286936209181107, -0.65590842972751 ], [ 100.286811897343426, -0.65587735176809 ], [ 100.286682405845852, -0.655949867006736 ], [ 100.286563273668079, -0.656084538164222 ], [ 100.286397524551163, -0.656312443199967 ], [ 100.286335368632336, -0.656493731296582 ], [ 100.286283572033298, -0.656540348235712 ], [ 100.28618515849513, -0.656555887215422 ], [ 100.285946894139585, -0.656555887215422 ], [ 100.285703450124132, -0.656566246535229 ], [ 100.285606331500944, -0.656573368567596 ], [ 100.28547295525847, -0.65656883636518 ], [ 100.285353823080698, -0.656535168575809 ], [ 100.285260589202437, -0.656563656705277 ], [ 100.285100019745443, -0.65664653126373 ], [ 100.284908372329014, -0.656742354971941 ], [ 100.28474003338215, -0.656853717659861 ], [ 100.284628670694232, -0.656905514258894 ], [ 100.284424074128054, -0.656952131198024 ], [ 100.28423241, -0.657000979999973 ], [ 100.28414479, -0.657424489999927 ], [ 100.28386246, -0.657614329999948 ], [ 100.2834925, -0.657711689999933 ], [ 100.28319775, -0.657767219999936 ], [ 100.28304529, -0.657919689999979 ], [ 100.28259987, -0.658508079999935 ], [ 100.28249539, -0.658813269999948 ], [ 100.2824621, -0.658825749999959 ], [ 100.28246033, -0.658826419999972 ], [ 100.28245947, -0.658827339999964 ], [ 100.28244371, -0.65883189999994 ], [ 100.2824195, -0.658841409999985 ], [ 100.28241296, -0.658843989999987 ], [ 100.28240476, -0.658847899999967 ], [ 100.281827740991815, -0.657933732113335 ], [ 100.281678828806875, -0.657999630208657 ], [ 100.281528190161694, -0.658098436201732 ], [ 100.281235011723226, -0.658286329565613 ], [ 100.280941295644624, -0.658470117795512 ], [ 100.281087158203945, -0.658731114761063 ], [ 100.28139965, -0.659224179999966 ], [ 100.28097033, -0.659385169999958 ], [ 100.28091169, -0.65940715999995 ], [ 100.28079072, -0.659783839999928 ], [ 100.28059825, -0.659910309999938 ], [ 100.280496775, -0.660221975999958 ], [ 100.28049609, -0.660224079999979 ], [ 100.28036729, -0.660619679999973 ], [ 100.28011434, -0.660911119999989 ], [ 100.28018033, -0.66139777999996 ], [ 100.27939398, -0.662294109999955 ], [ 100.27884958, -0.66386956999997 ], [ 100.27877104, -0.664298069999975 ], [ 100.278727772414996, -0.66453726383827 ], [ 100.27860213, -0.665219559999974 ], [ 100.278957614571411, -0.665366345889068 ], [ 100.279054800794114, -0.665463532111765 ], [ 100.278944656408385, -0.665651425475645 ], [ 100.278951135489905, -0.665852277002552 ], [ 100.278938177326879, -0.666079044855511 ], [ 100.278964093652931, -0.666344687197549 ], [ 100.278931698245358, -0.666720473925309 ], [ 100.278931698245358, -0.666986116267347 ], [ 100.278828032941149, -0.667070344327017 ], [ 100.278691972229367, -0.667070344327017 ], [ 100.278478162539443, -0.667063865245504 ], [ 100.278199562034374, -0.666999074430373 ], [ 100.277979273262929, -0.666940762696755 ], [ 100.277852663, -0.667230817999954 ], [ 100.277529023100072, -0.667877905989765 ], [ 100.277196923, -0.66854229799998 ], [ 100.276611441, -0.669853777999949 ], [ 100.276494344, -0.670650033999949 ], [ 100.276330409, -0.671516546999952 ], [ 100.276377248, -0.671984932999976 ], [ 100.276424087, -0.67254699599994 ], [ 100.276517764, -0.673179315999966 ], [ 100.276728537, -0.673858475999968 ], [ 100.276902175, -0.674422798999958 ], [ 100.276889708, -0.67445013499998 ], [ 100.27644103, -0.675433899999978 ], [ 100.27640783, -0.675486589999944 ], [ 100.27622682, -0.675773839999978 ], [ 100.27618967, -0.675832796999951 ], [ 100.27618808, -0.675835319999976 ], [ 100.27624307, -0.676110269999934 ], [ 100.275354854, -0.676773959999936 ], [ 100.275303148, -0.676800442999938 ], [ 100.275187767, -0.676840734999928 ], [ 100.275086553, -0.676857389999961 ], [ 100.274884269, -0.676867853999962 ], [ 100.274515415, -0.676926401999944 ], [ 100.27402361, -0.677025933999974 ], [ 100.273824546, -0.677125465999954 ], [ 100.273771853, -0.677166449999968 ], [ 100.273789417, -0.677295255999985 ], [ 100.27384211, -0.67747089999995 ], [ 100.273900659, -0.677699237999948 ], [ 100.273953352, -0.677874882999955 ], [ 100.274017755, -0.677997833999938 ], [ 100.274128997, -0.678126639999961 ], [ 100.274240238, -0.678302284999978 ], [ 100.274299825, -0.678403123999949 ], [ 100.274392464, -0.678559896999954 ], [ 100.274573963, -0.678805799999967 ], [ 100.274714479, -0.678969734999961 ], [ 100.274808156, -0.67909854099998 ], [ 100.274901833, -0.679215636999979 ], [ 100.274960381, -0.67936200799994 ], [ 100.274970298, -0.679396717999969 ], [ 100.27499551, -0.67948495899998 ], [ 100.27499551, -0.679584490999956 ], [ 100.274966236, -0.679607909999959 ], [ 100.274913543, -0.679607909999959 ], [ 100.274843285, -0.679543506999956 ], [ 100.274767172, -0.679479103999942 ], [ 100.27467935, -0.679443974999978 ], [ 100.274585673, -0.679402990999963 ], [ 100.274491996, -0.679356152999955 ], [ 100.274304641, -0.679315168999958 ], [ 100.274234383, -0.679250765999942 ], [ 100.27403532, -0.679127814999957 ], [ 100.273985602, -0.679099848999963 ], [ 100.273847965, -0.679022427999943 ], [ 100.273578643, -0.678975588999957 ], [ 100.273250773, -0.678975588999957 ], [ 100.272946323, -0.678993153999966 ], [ 100.272390115, -0.679004863999985 ], [ 100.27205639, -0.679063411999955 ], [ 100.271588004, -0.679162943999933 ], [ 100.271453343, -0.679285894999969 ], [ 100.27138894, -0.679438119999928 ], [ 100.271365521, -0.679572780999932 ], [ 100.271352706, -0.679641129999937 ], [ 100.271352691, -0.679641205999924 ], [ 100.27125001, -0.679588369999982 ], [ 100.2707551, -0.679346409999946 ], [ 100.27037648, -0.67931976999995 ], [ 100.27001274, -0.679294169999943 ], [ 100.26850052, -0.679767079999979 ], [ 100.26791948, -0.679478459999933 ], [ 100.26770113, -0.67937 ], [ 100.26767864, -0.679361959999941 ], [ 100.26765315, -0.679365739999984 ], [ 100.26761292, -0.67937169999994 ], [ 100.26749853, -0.679656469999941 ], [ 100.26749938, -0.679662289999961 ], [ 100.26746558, -0.679760869999938 ], [ 100.26742794, -0.679870659999947 ], [ 100.26741436, -0.679921359999976 ], [ 100.267211553, -0.679867988999949 ], [ 100.26716896, -0.679856779999972 ], [ 100.26677953, -0.67975454999993 ], [ 100.26636089, -0.67962798999997 ], [ 100.26595199, -0.67952088999993 ], [ 100.26550902, -0.679394329999987 ], [ 100.26507578, -0.679287239999952 ], [ 100.26466688, -0.679194749999961 ], [ 100.26414602, -0.679116859999966 ], [ 100.26357648, -0.679034109999974 ], [ 100.26269052, -0.678956219999976 ], [ 100.26216682, -0.678901089999957 ], [ 100.262150350682901, -0.678899357069173 ], [ 100.26195061, -0.678878339999924 ], [ 100.26139567, -0.678824789999969 ], [ 100.26087968, -0.678776109999949 ], [ 100.26017871, -0.678712829999939 ], [ 100.25959456, -0.678654409999978 ], [ 100.259298841, -0.678625202999967 ], [ 100.2592896, -0.678624289999962 ], [ 100.25920027, -0.678615469999958 ], [ 100.25882544, -0.67859112999998 ], [ 100.2585285, -0.678537589999968 ], [ 100.25819262, -0.678459699999959 ], [ 100.25781779, -0.678352609999938 ], [ 100.25741376, -0.678240649999971 ], [ 100.25740229, -0.678238039999944 ], [ 100.25737824, -0.678228969999973 ], [ 100.25736239, -0.678228969999973 ], [ 100.25734052, -0.678228969999973 ], [ 100.2573402, -0.678229219999939 ], [ 100.25728453, -0.678274 ], [ 100.25712146, -0.678427339999934 ], [ 100.25700342, -0.678528339999965 ], [ 100.25679775, -0.678691419999955 ], [ 100.25674459, -0.678739099999972 ], [ 100.25667818, -0.678806419999951 ], [ 100.2566382, -0.678834559999925 ], [ 100.25658124, -0.678874639999951 ], [ 100.25649777, -0.678933379999941 ], [ 100.256437272, -0.678986392999944 ], [ 100.256436642, -0.678986749999978 ], [ 100.256435544, -0.67898748199997 ], [ 100.256434263, -0.678988443 ], [ 100.25643193, -0.678990637999955 ], [ 100.256430146, -0.678992375999944 ], [ 100.256427997, -0.678994754999959 ], [ 100.256426258, -0.678996446999974 ], [ 100.256424882, -0.678998131999948 ], [ 100.256415647, -0.679006281999937 ], [ 100.256379054, -0.679027504999969 ], [ 100.256334411, -0.679064097999978 ], [ 100.256258298, -0.679157774999973 ], [ 100.25604167, -0.679315854999979 ], [ 100.255901154, -0.679444660999934 ], [ 100.255672816, -0.679643724999948 ], [ 100.255514736, -0.679831079999935 ], [ 100.255356656, -0.680035997999942 ], [ 100.255140027, -0.680170658999949 ], [ 100.254964383, -0.680346303999952 ], [ 100.254654077, -0.680574641999952 ], [ 100.254332062, -0.68085567299995 ], [ 100.254045176, -0.681089865999983 ], [ 100.253764144, -0.681347477999974 ], [ 100.253673125, -0.68142996499995 ], [ 100.253977845, -0.681730968999947 ], [ 100.25463944, -0.682293031999962 ], [ 100.255172229, -0.682685304999957 ], [ 100.255997759, -0.683370318999959 ], [ 100.256536402, -0.683856268999933 ], [ 100.256911111, -0.684283670999955 ], [ 100.257121884, -0.684500298999983 ], [ 100.257397061, -0.684752056999977 ], [ 100.25747788, -0.684874587999955 ], [ 100.25745582, -0.684890029999967 ], [ 100.25692036, -0.685245389999988 ], [ 100.25660129, -0.685468069999956 ], [ 100.2563918, -0.685799449999942 ], [ 100.25612947, -0.686348699999942 ], [ 100.25595188, -0.686720529999951 ], [ 100.25591705, -0.686813559999965 ], [ 100.25557678, -0.687722559999941 ], [ 100.25556695, -0.687748829999982 ], [ 100.25549069, -0.687874229999979 ], [ 100.255350307, -0.688105050999976 ], [ 100.25528101, -0.688218989999946 ], [ 100.25491808, -0.688620419999958 ], [ 100.25355983, -0.69017937999997 ], [ 100.25296594, -0.690597299999987 ], [ 100.25238305, -0.690949229999955 ], [ 100.25221524, -0.691249899999942 ], [ 100.25178916, -0.692013279999972 ], [ 100.251662823, -0.692246399999942 ], [ 100.25165807, -0.692255169999954 ] ] ] ] } },
{ "type": "Feature", "properties": { "fid": null, "kk": null, "gid": 78946, "bstt": null, "luas": 0.25790487959734598, "bsbtt": null, "idsls": "13060200080003", "kdkab": "06", "kdkec": "020", "kdsls": "0003", "nmkab": "PADANG PARIAMAN", "nmkec": "LUBUAK ALUANG", "nmsls": "KORONG TAMPUNIAK", "bstt_k": null, "kddesa": "008", "kdprov": "13", "khusus": null, "muatan": null, "nmdesa": "SINGGULIANG LUBUAK ALUANG", "nmprov": "SUMATERA BARAT", "posisi": "", "rw_dki": "", "segmen": "", "sumber": "", "dom_sls": "", "periode": "2024_1", "tingkat": null, "nm_gedung": "", "wil_campur": null, "iddesa": "1306020008", "idkec": "1306020", "idkab": "1306" }, "geometry": { "type": "MultiPolygon", "coordinates": [ [ [ [ 100.28241159, -0.733546379999947 ], [ 100.28238923, -0.733571669999944 ], [ 100.28238443, -0.733577099999939 ], [ 100.28173764, -0.734330419999937 ], [ 100.28119588, -0.734961409999929 ], [ 100.278314779, -0.737967773999975 ], [ 100.278314733, -0.737967089999922 ], [ 100.278207666, -0.737857219999966 ], [ 100.27819257, -0.737838559999944 ], [ 100.277653955, -0.737172769999972 ], [ 100.277396236, -0.736927937999955 ], [ 100.27661169, -0.735991166999954 ], [ 100.275645645, -0.734896314999963 ], [ 100.274293181, -0.733409189999979 ], [ 100.272782637, -0.731992323999976 ], [ 100.272618702, -0.731843025999985 ], [ 100.272486969, -0.731725928999945 ], [ 100.272492823, -0.731664453999943 ], [ 100.272513315, -0.731617614999954 ], [ 100.272539662, -0.731564921999965 ], [ 100.272551372, -0.731509300999966 ], [ 100.272501606, -0.731444897999951 ], [ 100.27242842, -0.731345365999972 ], [ 100.272352308, -0.731269252999949 ], [ 100.272267413, -0.731172648999979 ], [ 100.272311324, -0.731111172999935 ], [ 100.272264485, -0.731055551999928 ], [ 100.2721913, -0.730961874999933 ], [ 100.272065421, -0.730827213999931 ], [ 100.271488722, -0.730244659999924 ], [ 100.271119868, -0.729852386999944 ], [ 100.270815417, -0.729424984999984 ], [ 100.270317757, -0.728704841999956 ], [ 100.269796678, -0.72790273099997 ], [ 100.268900891, -0.726327783999974 ], [ 100.268502763, -0.725672043999964 ], [ 100.26846296, -0.725593833999936 ], [ 100.268169038, -0.725016303999956 ], [ 100.267829458, -0.72440154799995 ], [ 100.26772064, -0.724189444999986 ], [ 100.26600108, -0.721654829999977 ], [ 100.26546562, -0.720433409999938 ], [ 100.26545332, -0.720405339999953 ], [ 100.2651539, -0.719722339999975 ], [ 100.26255854, -0.713802079999939 ], [ 100.26255769, -0.713800149999942 ], [ 100.26254671, -0.713781109999966 ], [ 100.262541181, -0.713771519999963 ], [ 100.264635979, -0.710394660999949 ], [ 100.2667169, -0.70699375199996 ], [ 100.267609833, -0.705596117999968 ], [ 100.267609429, -0.705595800999959 ], [ 100.264468621, -0.70312636899997 ], [ 100.264476923, -0.70309730999998 ], [ 100.264428673, -0.70309730999998 ], [ 100.264277893, -0.703103340999981 ], [ 100.264000457, -0.703103340999981 ], [ 100.263741115, -0.703103340999981 ], [ 100.263337024, -0.703115403999956 ], [ 100.2631199, -0.703109371999978 ], [ 100.262733903, -0.703133496999957 ], [ 100.262384092, -0.70313952799996 ], [ 100.262046344, -0.703151590999933 ], [ 100.261521629, -0.70314555999995 ], [ 100.261039132, -0.703151590999933 ], [ 100.26068329, -0.703163652999938 ], [ 100.260273168, -0.703163652999938 ], [ 100.259784639, -0.703169684999977 ], [ 100.259386579, -0.703181746999977 ], [ 100.259054863, -0.703193808999975 ], [ 100.258711084, -0.703205871999955 ], [ 100.258391429, -0.703211902999956 ], [ 100.258126056, -0.703205871999955 ], [ 100.257872745, -0.703205871999955 ], [ 100.257815121, -0.703214408999943 ], [ 100.257785387, -0.70320945299994 ], [ 100.257769399, -0.70320945299994 ], [ 100.257749902, -0.70320945299994 ], [ 100.2577476, -0.703073629999956 ], [ 100.2576319, -0.70239868999994 ], [ 100.25714979, -0.70168516999997 ], [ 100.2564652, -0.701212709999937 ], [ 100.25572276, -0.700933089999975 ], [ 100.25499961, -0.700653469999967 ], [ 100.25444679, -0.700377059999944 ], [ 100.25368828, -0.69978567999993 ], [ 100.25359009, -0.699732499999935 ], [ 100.252741737, -0.69820940799997 ], [ 100.25055697, -0.694286979999962 ], [ 100.25146034, -0.69262002999995 ], [ 100.25165807, -0.692255169999954 ], [ 100.251662823, -0.692246399999942 ], [ 100.25178916, -0.692013279999972 ], [ 100.25221524, -0.691249899999942 ], [ 100.25238305, -0.690949229999955 ], [ 100.25296594, -0.690597299999987 ], [ 100.25355983, -0.69017937999997 ], [ 100.25491808, -0.688620419999958 ], [ 100.25528101, -0.688218989999946 ], [ 100.255350307, -0.688105050999976 ], [ 100.25549069, -0.687874229999979 ], [ 100.25556695, -0.687748829999982 ], [ 100.25557678, -0.687722559999941 ], [ 100.25591705, -0.686813559999965 ], [ 100.25595188, -0.686720529999951 ], [ 100.25612947, -0.686348699999942 ], [ 100.2563918, -0.685799449999942 ], [ 100.25660129, -0.685468069999956 ], [ 100.25692036, -0.685245389999988 ], [ 100.25745582, -0.684890029999967 ], [ 100.25747788, -0.684874587999955 ], [ 100.257397061, -0.684752056999977 ], [ 100.257121884, -0.684500298999983 ], [ 100.256911111, -0.684283670999955 ], [ 100.256536402, -0.683856268999933 ], [ 100.255997759, -0.683370318999959 ], [ 100.255172229, -0.682685304999957 ], [ 100.25463944, -0.682293031999962 ], [ 100.253977845, -0.681730968999947 ], [ 100.253673125, -0.68142996499995 ], [ 100.253764144, -0.681347477999974 ], [ 100.254045176, -0.681089865999983 ], [ 100.254332062, -0.68085567299995 ], [ 100.254654077, -0.680574641999952 ], [ 100.254964383, -0.680346303999952 ], [ 100.255140027, -0.680170658999949 ], [ 100.255356656, -0.680035997999942 ], [ 100.255514736, -0.679831079999935 ], [ 100.255672816, -0.679643724999948 ], [ 100.255901154, -0.679444660999934 ], [ 100.25604167, -0.679315854999979 ], [ 100.256258298, -0.679157774999973 ], [ 100.256334411, -0.679064097999978 ], [ 100.256379054, -0.679027504999969 ], [ 100.256415647, -0.679006281999937 ], [ 100.256424882, -0.678998131999948 ], [ 100.256426258, -0.678996446999974 ], [ 100.256427997, -0.678994754999959 ], [ 100.256430146, -0.678992375999944 ], [ 100.25643193, -0.678990637999955 ], [ 100.256434263, -0.678988443 ], [ 100.256435544, -0.67898748199997 ], [ 100.256436642, -0.678986749999978 ], [ 100.256437272, -0.678986392999944 ], [ 100.25649777, -0.678933379999941 ], [ 100.25658124, -0.678874639999951 ], [ 100.2566382, -0.678834559999925 ], [ 100.25667818, -0.678806419999951 ], [ 100.25674459, -0.678739099999972 ], [ 100.25679775, -0.678691419999955 ], [ 100.25700342, -0.678528339999965 ], [ 100.25712146, -0.678427339999934 ], [ 100.25728453, -0.678274 ], [ 100.2573402, -0.678229219999939 ], [ 100.25734052, -0.678228969999973 ], [ 100.25736239, -0.678228969999973 ], [ 100.25737824, -0.678228969999973 ], [ 100.25740229, -0.678238039999944 ], [ 100.25741376, -0.678240649999971 ], [ 100.25781779, -0.678352609999938 ], [ 100.25819262, -0.678459699999959 ], [ 100.2585285, -0.678537589999968 ], [ 100.25882544, -0.67859112999998 ], [ 100.25920027, -0.678615469999958 ], [ 100.2592896, -0.678624289999962 ], [ 100.259298841, -0.678625202999967 ], [ 100.25959456, -0.678654409999978 ], [ 100.26017871, -0.678712829999939 ], [ 100.26087968, -0.678776109999949 ], [ 100.26139567, -0.678824789999969 ], [ 100.26195061, -0.678878339999924 ], [ 100.262150350682901, -0.678899357069173 ], [ 100.26216682, -0.678901089999957 ], [ 100.26269052, -0.678956219999976 ], [ 100.26357648, -0.679034109999974 ], [ 100.26414602, -0.679116859999966 ], [ 100.26466688, -0.679194749999961 ], [ 100.26507578, -0.679287239999952 ], [ 100.26550902, -0.679394329999987 ], [ 100.26595199, -0.67952088999993 ], [ 100.26636089, -0.67962798999997 ], [ 100.26677953, -0.67975454999993 ], [ 100.26716896, -0.679856779999972 ], [ 100.267211553, -0.679867988999949 ], [ 100.26741436, -0.679921359999976 ], [ 100.26742794, -0.679870659999947 ], [ 100.26746558, -0.679760869999938 ], [ 100.26749938, -0.679662289999961 ], [ 100.26749853, -0.679656469999941 ], [ 100.26761292, -0.67937169999994 ], [ 100.26765315, -0.679365739999984 ], [ 100.26767864, -0.679361959999941 ], [ 100.26770113, -0.67937 ], [ 100.26791948, -0.679478459999933 ], [ 100.26850052, -0.679767079999979 ], [ 100.27001274, -0.679294169999943 ], [ 100.27037648, -0.67931976999995 ], [ 100.2707551, -0.679346409999946 ], [ 100.27125001, -0.679588369999982 ], [ 100.271352691, -0.679641205999924 ], [ 100.271352706, -0.679641129999937 ], [ 100.271365521, -0.679572780999932 ], [ 100.27138894, -0.679438119999928 ], [ 100.271453343, -0.679285894999969 ], [ 100.271588004, -0.679162943999933 ], [ 100.27205639, -0.679063411999955 ], [ 100.272390115, -0.679004863999985 ], [ 100.272946323, -0.678993153999966 ], [ 100.273250773, -0.678975588999957 ], [ 100.273578643, -0.678975588999957 ], [ 100.273847965, -0.679022427999943 ], [ 100.273985602, -0.679099848999963 ], [ 100.27403532, -0.679127814999957 ], [ 100.274234383, -0.679250765999942 ], [ 100.274304641, -0.679315168999958 ], [ 100.274491996, -0.679356152999955 ], [ 100.274585673, -0.679402990999963 ], [ 100.27467935, -0.679443974999978 ], [ 100.274767172, -0.679479103999942 ], [ 100.274843285, -0.679543506999956 ], [ 100.274913543, -0.679607909999959 ], [ 100.274966236, -0.679607909999959 ], [ 100.27499551, -0.679584490999956 ], [ 100.27499551, -0.67948495899998 ], [ 100.274970298, -0.679396717999969 ], [ 100.274960381, -0.67936200799994 ], [ 100.274901833, -0.679215636999979 ], [ 100.274808156, -0.67909854099998 ], [ 100.274714479, -0.678969734999961 ], [ 100.274573963, -0.678805799999967 ], [ 100.274392464, -0.678559896999954 ], [ 100.274299825, -0.678403123999949 ], [ 100.274240238, -0.678302284999978 ], [ 100.274128997, -0.678126639999961 ], [ 100.274017755, -0.677997833999938 ], [ 100.273953352, -0.677874882999955 ], [ 100.273900659, -0.677699237999948 ], [ 100.27384211, -0.67747089999995 ], [ 100.273789417, -0.677295255999985 ], [ 100.273771853, -0.677166449999968 ], [ 100.273824546, -0.677125465999954 ], [ 100.27402361, -0.677025933999974 ], [ 100.274515415, -0.676926401999944 ], [ 100.274884269, -0.676867853999962 ], [ 100.275086553, -0.676857389999961 ], [ 100.275187767, -0.676840734999928 ], [ 100.275303148, -0.676800442999938 ], [ 100.275354854, -0.676773959999936 ], [ 100.27624307, -0.676110269999934 ], [ 100.27618808, -0.675835319999976 ], [ 100.27618967, -0.675832796999951 ], [ 100.27622682, -0.675773839999978 ], [ 100.27640783, -0.675486589999944 ], [ 100.27644103, -0.675433899999978 ], [ 100.276889708, -0.67445013499998 ], [ 100.276902175, -0.674422798999958 ], [ 100.276728537, -0.673858475999968 ], [ 100.276517764, -0.673179315999966 ], [ 100.276424087, -0.67254699599994 ], [ 100.276377248, -0.671984932999976 ], [ 100.276330409, -0.671516546999952 ], [ 100.276494344, -0.670650033999949 ], [ 100.276611441, -0.669853777999949 ], [ 100.277196923, -0.66854229799998 ], [ 100.277529023100072, -0.667877905989765 ], [ 100.277852663, -0.667230817999954 ], [ 100.277979273262929, -0.666940762696755 ], [ 100.278199562034374, -0.666999074430373 ], [ 100.278478162539443, -0.667063865245504 ], [ 100.278691972229367, -0.667070344327017 ], [ 100.278828032941149, -0.667070344327017 ], [ 100.278931698245358, -0.666986116267347 ], [ 100.278931698245358, -0.666720473925309 ], [ 100.278964093652931, -0.666344687197549 ], [ 100.278938177326879, -0.666079044855511 ], [ 100.278951135489905, -0.665852277002552 ], [ 100.278944656408385, -0.665651425475645 ], [ 100.279054800794114, -0.665463532111765 ], [ 100.278957614571411, -0.665366345889068 ], [ 100.27860213, -0.665219559999974 ], [ 100.278727772414996, -0.66453726383827 ], [ 100.27877104, -0.664298069999975 ], [ 100.27884958, -0.66386956999997 ], [ 100.27939398, -0.662294109999955 ], [ 100.28018033, -0.66139777999996 ], [ 100.28011434, -0.660911119999989 ], [ 100.28036729, -0.660619679999973 ], [ 100.28049609, -0.660224079999979 ], [ 100.280496775, -0.660221975999958 ], [ 100.28059825, -0.659910309999938 ], [ 100.28079072, -0.659783839999928 ], [ 100.28091169, -0.65940715999995 ], [ 100.28097033, -0.659385169999958 ], [ 100.28139965, -0.659224179999966 ], [ 100.281087158203945, -0.658731114761063 ], [ 100.280941295644624, -0.658470117795512 ], [ 100.281235011723226, -0.658286329565613 ], [ 100.281528190161694, -0.658098436201732 ], [ 100.281678828806875, -0.657999630208657 ], [ 100.281827740991815, -0.657933732113335 ], [ 100.28240476, -0.658847899999967 ], [ 100.28241296, -0.658843989999987 ], [ 100.2824195, -0.658841409999985 ], [ 100.28244371, -0.65883189999994 ], [ 100.28245947, -0.658827339999964 ], [ 100.28246033, -0.658826419999972 ], [ 100.2824621, -0.658825749999959 ], [ 100.28249539, -0.658813269999948 ], [ 100.28259987, -0.658508079999935 ], [ 100.28304529, -0.657919689999979 ], [ 100.28319775, -0.657767219999936 ], [ 100.2834925, -0.657711689999933 ], [ 100.28386246, -0.657614329999948 ], [ 100.28414479, -0.657424489999927 ], [ 100.28423241, -0.657000979999973 ], [ 100.284424074128054, -0.656952131198024 ], [ 100.284628670694232, -0.656905514258894 ], [ 100.28474003338215, -0.656853717659861 ], [ 100.284908372329014, -0.656742354971941 ], [ 100.285100019745443, -0.65664653126373 ], [ 100.285260589202437, -0.656563656705277 ], [ 100.285353823080698, -0.656535168575809 ], [ 100.28547295525847, -0.65656883636518 ], [ 100.285606331500944, -0.656573368567596 ], [ 100.285703450124132, -0.656566246535229 ], [ 100.285946894139585, -0.656555887215422 ], [ 100.28618515849513, -0.656555887215422 ], [ 100.286283572033298, -0.656540348235712 ], [ 100.286335368632336, -0.656493731296582 ], [ 100.286397524551163, -0.656312443199967 ], [ 100.286563273668079, -0.656084538164222 ], [ 100.286682405845852, -0.655949867006736 ], [ 100.286811897343426, -0.65587735176809 ], [ 100.286936209181107, -0.65590842972751 ], [ 100.287127856597536, -0.655929148367123 ], [ 100.287412737892211, -0.655903250067606 ], [ 100.287661361567572, -0.65583073482896 ], [ 100.287904805583025, -0.655582111153602 ], [ 100.288183475, -0.655228408999966 ], [ 100.288163174, -0.655201340999961 ], [ 100.287788466, -0.654791502999952 ], [ 100.287343499, -0.654358245999959 ], [ 100.286921952, -0.653901569999959 ], [ 100.287194060245838, -0.653782768582953 ], [ 100.28762635127255, -0.653182562859913 ], [ 100.287847855765577, -0.652875314692167 ], [ 100.288108659442855, -0.652528767340173 ], [ 100.288162617358594, -0.652259755232103 ], [ 100.288189044137894, -0.652025023251194 ], [ 100.288203334750349, -0.651889262432887 ], [ 100.288249779240829, -0.651571296305801 ], [ 100.288281933118853, -0.651317637934754 ], [ 100.288285505771967, -0.651201526708571 ], [ 100.288240847608037, -0.651142577932201 ], [ 100.288190830464458, -0.650963945276534 ], [ 100.288169394545776, -0.650849620376908 ], [ 100.288199762097236, -0.650676346700911 ], [ 100.288226029628703, -0.650571386634766 ], [ 100.288391401718073, -0.650606550194216 ], [ 100.28861916, -0.650603799999948 ], [ 100.28865893, -0.650391679999925 ], [ 100.28870353, -0.650227759999946 ], [ 100.288538270979728, -0.650196718020446 ], [ 100.288465031590903, -0.650182427407993 ], [ 100.28847217689713, -0.650094897406717 ], [ 100.28847771, -0.649920669999979 ], [ 100.288761561799291, -0.64972334148293 ], [ 100.288913399556606, -0.649575076378727 ], [ 100.289059878334257, -0.649419665968297 ], [ 100.289104536498172, -0.649191016169044 ], [ 100.289050946701479, -0.649078477595974 ], [ 100.28896117, -0.649025149999949 ], [ 100.28909769, -0.648956259999983 ], [ 100.28927804, -0.648889879999964 ], [ 100.289215288744671, -0.648708707998744 ], [ 100.289133117723068, -0.648508639424397 ], [ 100.289061664660792, -0.648204963909764 ], [ 100.289004502210986, -0.647947732885604 ], [ 100.288879459352017, -0.647833407985978 ], [ 100.288779425064845, -0.647615476146065 ], [ 100.288722262615025, -0.647351099815678 ], [ 100.288681389259011, -0.647196060365363 ], [ 100.28879392, -0.647189299999984 ], [ 100.28900123, -0.647182069999926 ], [ 100.28919648, -0.647232689999963 ], [ 100.289546, -0.64732428999998 ], [ 100.28968874, -0.647362859999929 ], [ 100.28969512, -0.647350589999975 ], [ 100.289698624, -0.647350589999975 ], [ 100.289699578, -0.647299063999985 ], [ 100.289733243, -0.647176111999957 ], [ 100.28974788, -0.647061942999931 ], [ 100.289749214, -0.647050509999935 ], [ 100.289758126, -0.646974120999972 ], [ 100.289835703, -0.646804330999944 ], [ 100.289864977, -0.646687234999943 ], [ 100.289970363, -0.646657960999967 ], [ 100.290093315, -0.646605266999933 ], [ 100.290181137, -0.646529154999948 ], [ 100.29024554, -0.646371073999948 ], [ 100.290315798, -0.646248122999964 ], [ 100.290450459, -0.646131026999965 ], [ 100.290608539, -0.646101752999925 ], [ 100.290801748, -0.646101752999925 ], [ 100.290994957, -0.646049058999955 ], [ 100.291024231, -0.645890978999941 ], [ 100.290971538, -0.645715333999935 ], [ 100.290971538, -0.645498705999957 ], [ 100.290971538, -0.645364044999953 ], [ 100.290983247, -0.645258657999936 ], [ 100.291047651, -0.64504202999996 ], [ 100.291194021, -0.644977626999942 ], [ 100.291328682, -0.64493078799996 ], [ 100.291475052, -0.64486638499994 ], [ 100.291633133, -0.644766852999962 ], [ 100.291838051, -0.644673175999969 ], [ 100.291961003, -0.644632191999966 ], [ 100.292066389, -0.644667320999933 ], [ 100.292142502, -0.644807836999975 ], [ 100.29222447, -0.644983481999928 ], [ 100.292312292, -0.645153271999962 ], [ 100.292417679, -0.645211819999927 ], [ 100.292569904, -0.644989336999965 ], [ 100.292757258, -0.644854675999975 ], [ 100.293003161, -0.644825401999931 ], [ 100.293190055, -0.644825401999931 ], [ 100.293284192, -0.644825401999931 ], [ 100.293547659, -0.644725869999952 ], [ 100.294033609, -0.64451509599997 ], [ 100.294250238, -0.644474111999959 ], [ 100.294425882, -0.644409708999942 ], [ 100.294583963, -0.64435701599996 ], [ 100.294701059, -0.644304321999923 ], [ 100.294853284, -0.644251628999944 ], [ 100.295052348, -0.644310176999977 ], [ 100.295239703, -0.644398 ], [ 100.295427057, -0.644526805999929 ], [ 100.29566125, -0.644679030999952 ], [ 100.295842749, -0.644790272999961 ], [ 100.296381393, -0.645071303999948 ], [ 100.296574602, -0.645147416999976 ], [ 100.296732682, -0.645211819999927 ], [ 100.296955165, -0.645282077999986 ], [ 100.297113245, -0.645352334999931 ], [ 100.297120066, -0.645356881999931 ], [ 100.297123055223963, -0.645351443636196 ], [ 100.297212270974597, -0.64519980077853 ], [ 100.297357695039992, -0.645012280273151 ], [ 100.297518426901746, -0.644767355531432 ], [ 100.297759524694371, -0.644564527229697 ], [ 100.298107777061503, -0.644384660622497 ], [ 100.298574664850406, -0.644346391131603 ], [ 100.298915263319358, -0.644327256386157 ], [ 100.29916784195926, -0.644553046382429 ], [ 100.299229073144687, -0.644874510105934 ], [ 100.299026244842949, -0.645306955353032 ], [ 100.298850205184834, -0.645578668738376 ], [ 100.298559357054046, -0.646037902629099 ], [ 100.298436567, -0.646282831999948 ], [ 100.29928463, -0.645944879999945 ], [ 100.299863031, -0.645716465999956 ], [ 100.300035913, -0.645617675999975 ], [ 100.30113662, -0.645102450999953 ], [ 100.302143649, -0.644587226999935 ], [ 100.303338032, -0.643158650999975 ], [ 100.304134288, -0.642456071999968 ], [ 100.305117898, -0.641542719999968 ], [ 100.30570338, -0.640863560999955 ], [ 100.307658891, -0.637104765999942 ], [ 100.307729148, -0.636929120999988 ], [ 100.307805261, -0.636741766999936 ], [ 100.307922358, -0.636484154999945 ], [ 100.308062873, -0.636203122999978 ], [ 100.308220953, -0.635886962999967 ], [ 100.308396598, -0.635594221999956 ], [ 100.308531259, -0.63544199599994 ], [ 100.308718613, -0.635225367999977 ], [ 100.308900113, -0.634991174999927 ], [ 100.309146015, -0.634727707999961 ], [ 100.309432901, -0.634411547999958 ], [ 100.309784191, -0.634060258999972 ], [ 100.310351163, -0.633531083999968 ], [ 100.310398947, -0.633486485999935 ], [ 100.310545317, -0.633281566999924 ], [ 100.310996139, -0.63281318199996 ], [ 100.311259606, -0.632526294999936 ], [ 100.311610895, -0.632134021999955 ], [ 100.311886072, -0.631858845999947 ], [ 100.312038297, -0.631665636999974 ], [ 100.31226078, -0.631396314999959 ], [ 100.312453989, -0.631150411999949 ], [ 100.312612069, -0.630892799999977 ], [ 100.312735021, -0.630518091999937 ], [ 100.313033616, -0.630037995999942 ], [ 100.313203406, -0.629938463999964 ], [ 100.313288214, -0.629880437999935 ], [ 100.313314648, -0.629862351999982 ], [ 100.313443454, -0.629797948999963 ], [ 100.313578115, -0.629721835999936 ], [ 100.313747905, -0.629616448999971 ], [ 100.313853291, -0.629534481999939 ], [ 100.313905985, -0.629458368999959 ], [ 100.313993807, -0.629341272999966 ], [ 100.314087484, -0.629241740999934 ], [ 100.314204581, -0.629124643999944 ], [ 100.314309968, -0.629013402999932 ], [ 100.314491467, -0.628785064999936 ], [ 100.314807627, -0.628193727999932 ], [ 100.315094514, -0.627830728999922 ], [ 100.315176481, -0.627778034999952 ], [ 100.315207913437433, -0.627751407633515 ], [ 100.315281868, -0.627684357999956 ], [ 100.315410674, -0.627614099999966 ], [ 100.315568754, -0.627567261999963 ], [ 100.315797092, -0.627415035999943 ], [ 100.31586735, -0.627356487999977 ], [ 100.315931753, -0.62728037599993 ], [ 100.316002011, -0.627180843999948 ], [ 100.316066414, -0.627046182999958 ], [ 100.316107398, -0.626934940999943 ], [ 100.316148381, -0.626806134999924 ], [ 100.316218639, -0.626677328999963 ], [ 100.316271333, -0.626548522999945 ], [ 100.316324026, -0.626408006999953 ], [ 100.316376719, -0.626326039999934 ], [ 100.316436504, -0.626271689999952 ], [ 100.31894248, -0.626550389999981 ], [ 100.32039795, -0.626704219999969 ], [ 100.324032987, -0.627088411999984 ], [ 100.32479339, -0.627168779999978 ], [ 100.32707304, -0.627478359999944 ], [ 100.32730243, -0.627509509999931 ], [ 100.32864643, -0.627692029999942 ], [ 100.33275523, -0.628140807999955 ], [ 100.33332921, -0.628203499999933 ], [ 100.33373928, -0.628297169999945 ], [ 100.333915738162943, -0.628386539323345 ], [ 100.33393195, -0.628394749999937 ], [ 100.33428297, -0.628597409999947 ], [ 100.33464485, -0.62881452999994 ], [ 100.33501397, -0.629035279999931 ], [ 100.3354446, -0.629295829999942 ], [ 100.33558096, -0.629395829999968 ], [ 100.3380174, -0.630795869999939 ], [ 100.339693217, -0.631790889999942 ], [ 100.339718765, -0.631792308999932 ], [ 100.339899315, -0.631834437999948 ], [ 100.340007645, -0.631882583999931 ], [ 100.340094229, -0.631954737999934 ], [ 100.340043755, -0.632051097999986 ], [ 100.339971535, -0.632189518999957 ], [ 100.339899315, -0.632321921999958 ], [ 100.339833113, -0.632466361999956 ], [ 100.339742838, -0.632652929999954 ], [ 100.339616454, -0.632833479999934 ], [ 100.339478032, -0.633248744999945 ], [ 100.339453959, -0.633435312999948 ], [ 100.339441922, -0.633657990999944 ], [ 100.339405812, -0.633832521999979 ], [ 100.33940436, -0.633842203999966 ], [ 100.33933481, -0.634014739999949 ], [ 100.33879923, -0.635194469999935 ], [ 100.33864724, -0.635599779999957 ], [ 100.33874857, -0.636062979999969 ], [ 100.33884571, -0.636232989999946 ], [ 100.33893502, -0.636240609999961 ], [ 100.33915998, -0.636216349999933 ], [ 100.33929403, -0.63620653999993 ], [ 100.33968516, -0.636193499999936 ], [ 100.339711713775301, -0.636192526863379 ], [ 100.33973213, -0.636191929999945 ], [ 100.33990871, -0.636206379999979 ], [ 100.34023231, -0.636172459999951 ], [ 100.34024344, -0.636171649999935 ], [ 100.34028483, -0.636164489999942 ], [ 100.34041588, -0.636153699999964 ], [ 100.34079794, -0.636197779999981 ], [ 100.34100059, -0.636262919999985 ], [ 100.341034981832109, -0.636276021434804 ], [ 100.34130457, -0.636378719999927 ], [ 100.34174606, -0.636393199999933 ], [ 100.34231059, -0.636378719999927 ], [ 100.34250725, -0.636350289999947 ], [ 100.34270362, -0.636532119999981 ], [ 100.34309812, -0.636897389999945 ], [ 100.34479109, -0.638590359999976 ], [ 100.34676622, -0.641223879999929 ], [ 100.35161, -0.646961169999945 ], [ 100.35358513, -0.649406569999945 ], [ 100.35480645, -0.651174259999954 ], [ 100.35537216, -0.651993049999926 ], [ 100.355840212514138, -0.653128590194131 ], [ 100.36020539, -0.664509309999965 ], [ 100.36023075, -0.664963249999975 ], [ 100.36053657, -0.665644229999946 ], [ 100.36134972, -0.66611434999993 ], [ 100.36219029, -0.666705959999951 ], [ 100.36331462, -0.666941529999979 ], [ 100.36423014, -0.667139629999955 ], [ 100.3648619, -0.667265439999944 ], [ 100.36600765, -0.667195839999976 ], [ 100.36677326, -0.667142299999964 ], [ 100.36806356, -0.667053959999973 ], [ 100.36896837, -0.666882639999928 ], [ 100.3691397, -0.666855869999954 ], [ 100.37034969, -0.666606909999926 ], [ 100.37132946, -0.666419519999981 ], [ 100.37261607, -0.666180619999984 ], [ 100.37353528, -0.666009949999939 ], [ 100.37398501, -0.665924279999957 ], [ 100.37570362, -0.665595019999965 ], [ 100.37707423, -0.665335349999972 ], [ 100.37754431, -0.665388319999976 ], [ 100.37821462, -0.665463839999975 ], [ 100.38081128, -0.665744929999969 ], [ 100.38213905, -0.665902869999977 ], [ 100.38300639, -0.665902869999977 ], [ 100.38339723, -0.665902869999977 ], [ 100.38558699, -0.66590018999995 ], [ 100.38760007, -0.666448969999979 ], [ 100.38998792, -0.667088759999968 ], [ 100.39027168, -0.66721725999998 ], [ 100.39213485, -0.668060499999965 ], [ 100.39249356, -0.66834425999997 ], [ 100.39399802, -0.669487329999919 ], [ 100.39469939, -0.669979889999979 ], [ 100.39590937, -0.67086596999997 ], [ 100.39664822, -0.671396009999965 ], [ 100.39755303, -0.672062569999989 ], [ 100.39860776, -0.67243734999995 ], [ 100.39913244, -0.672630089999933 ], [ 100.39988735, -0.672900459999939 ], [ 100.40061013, -0.672948649999978 ], [ 100.40120977, -0.672980769999925 ], [ 100.40291768, -0.673079819999943 ], [ 100.40338882, -0.673026279999935 ], [ 100.40550363, -0.672814799999979 ], [ 100.40593194, -0.672718429999971 ], [ 100.40754883, -0.672373099999967 ], [ 100.40796644, -0.672105399999969 ], [ 100.4082609, -0.671918009999956 ], [ 100.41006518, -0.670791009999969 ], [ 100.41223888, -0.669428429999927 ], [ 100.41300984, -0.668943899999934 ], [ 100.41365767, -0.66834425999997 ], [ 100.41396284, -0.66804979999995 ], [ 100.41533345, -0.666794299999937 ], [ 100.41565469, -0.666489119999944 ], [ 100.416782669, -0.665450694999948 ], [ 100.41690215, -0.665340699999944 ], [ 100.41728228, -0.664987349999943 ], [ 100.41866895, -0.66370507999995 ], [ 100.42011451, -0.662288959999965 ], [ 100.42132986, -0.661081649999972 ], [ 100.42181171, -0.660776469999985 ], [ 100.42194556, -0.660685459999975 ], [ 100.42361063, -0.659606639999935 ], [ 100.42439231, -0.659111399999977 ], [ 100.42584858, -0.658608129999949 ], [ 100.42695149, -0.65824941999995 ], [ 100.42779741, -0.657962979999983 ], [ 100.42877183, -0.657807719999941 ], [ 100.42929651, -0.657716699999985 ], [ 100.43015631, -0.657574959999973 ], [ 100.430298999, -0.657606128999938 ], [ 100.431063839, -0.65766745899993 ], [ 100.431163421, -0.657658789999979 ], [ 100.43161512, -0.657619488999964 ], [ 100.431860123, -0.657598169999978 ], [ 100.431951014, -0.657590259999952 ], [ 100.43229896, -0.65751149799996 ], [ 100.43331231, -0.65728210899994 ], [ 100.434918358, -0.657126660999955 ], [ 100.436299454, -0.656992984999935 ], [ 100.436366068, -0.656968196 ], [ 100.43629765, -0.656994049999983 ], [ 100.435278051, -0.658408646999936 ], [ 100.435143692, -0.658594028999982 ], [ 100.435009758, -0.658780685999946 ], [ 100.434930035, -0.658891021999979 ], [ 100.434918023, -0.658907816999953 ], [ 100.434841702, -0.659013688999953 ], [ 100.434818849, -0.659045417999949 ], [ 100.434818792, -0.659045492999961 ], [ 100.434815394, -0.659049988999931 ], [ 100.434815606, -0.659050945999986 ], [ 100.43492484, -0.659250518999962 ], [ 100.435001201, -0.659390032999967 ], [ 100.435084537, -0.659543949999942 ], [ 100.435129607, -0.659593271999935 ], [ 100.435252061, -0.65971487599996 ], [ 100.435515677, -0.659998049999953 ], [ 100.43568065, -0.660161321999965 ], [ 100.435972328, -0.660478511999948 ], [ 100.436006019, -0.660512643999936 ], [ 100.436167064, -0.660675798999939 ], [ 100.436508914, -0.660990436999955 ], [ 100.437454531, -0.661862920999969 ], [ 100.438236875, -0.662586589999936 ], [ 100.438452658, -0.662786214999924 ], [ 100.438674286, -0.662990198999984 ], [ 100.438759855, -0.663068857999972 ], [ 100.43882087, -0.663125195999958 ], [ 100.438835432, -0.663138482999954 ], [ 100.438899211, -0.663197689999946 ], [ 100.43894865, -0.663243310999979 ], [ 100.439036812, -0.66332466199998 ], [ 100.439043721, -0.663331251999982 ], [ 100.439050874, -0.663338521999954 ], [ 100.4390535, -0.663341190999971 ], [ 100.439056404, -0.663341352999971 ], [ 100.439184923, -0.663407160999956 ], [ 100.439411123, -0.663526213999945 ], [ 100.440012337, -0.663839150999942 ], [ 100.440192351, -0.663933548999979 ], [ 100.440500452, -0.66409511399997 ], [ 100.440750462, -0.664222669999967 ], [ 100.441296403, -0.664510096999953 ], [ 100.441734345, -0.664737996999979 ], [ 100.441863997, -0.665065536999981 ], [ 100.441895917, -0.665146176999948 ], [ 100.441961467, -0.665310190999947 ], [ 100.441997536, -0.665400438999945 ], [ 100.442054937, -0.665543726999943 ], [ 100.442055184, -0.665545555999933 ], [ 100.442082149, -0.665607929999972 ], [ 100.442082264, -0.665612538999938 ], [ 100.442082999, -0.665613882999933 ], [ 100.442111912, -0.665863041999955 ], [ 100.442139974, -0.666101146999948 ], [ 100.442146777, -0.666154720999947 ], [ 100.442144226, -0.666159397999935 ], [ 100.44206259, -0.666358385999951 ], [ 100.442060126, -0.666364293999951 ], [ 100.44192568, -0.666686629999961 ], [ 100.441854248, -0.666857129999933 ], [ 100.441787494, -0.667017 ], [ 100.441731496, -0.667146417999961 ], [ 100.441730094, -0.667149658999962 ], [ 100.441684173, -0.667260207999959 ], [ 100.441645906, -0.667336740999931 ], [ 100.441575325, -0.667472376 ], [ 100.441352952, -0.667916483999931 ], [ 100.441302568, -0.668014276999948 ], [ 100.441185663, -0.668246710999941 ], [ 100.441158004, -0.66830170399994 ], [ 100.440857609, -0.668898665999966 ], [ 100.440780225, -0.669262626999964 ], [ 100.440716766, -0.669556005999938 ], [ 100.440704648, -0.669612555999943 ], [ 100.440701245, -0.669627975999959 ], [ 100.440682645, -0.669712261999964 ], [ 100.440676552, -0.669741970999955 ], [ 100.440663724, -0.669804527999926 ], [ 100.440663724, -0.669815794999979 ], [ 100.4407224, -0.670501196999964 ], [ 100.440761517, -0.67095614699997 ], [ 100.441270466, -0.67161391199995 ], [ 100.441342021, -0.671773119999961 ], [ 100.441491564, -0.672105852999948 ], [ 100.441624647, -0.672573894999981 ], [ 100.441686512, -0.67279146799996 ], [ 100.441686087, -0.672840788999963 ], [ 100.441685662, -0.672958934999941 ], [ 100.441683961, -0.67343179999995 ], [ 100.441473918, -0.674062776999959 ], [ 100.441306394, -0.674574702999969 ], [ 100.441250369, -0.674746279999964 ], [ 100.441222159, -0.67482211699997 ], [ 100.441220719, -0.674825987999959 ], [ 100.441133981, -0.674900395999948 ], [ 100.440946048, -0.675064092999949 ], [ 100.44088529, -0.675118477999949 ], [ 100.440885247, -0.675118516999935 ], [ 100.44088469, -0.675118668999979 ], [ 100.440844641, -0.675148704999972 ], [ 100.440450037, -0.675495091999948 ], [ 100.440371408, -0.675564112999961 ], [ 100.440260648, -0.676093569999988 ], [ 100.44021664, -0.676303938999977 ], [ 100.440289134, -0.677591573999958 ], [ 100.440323787, -0.678207076999968 ], [ 100.44033144, -0.678358443999968 ], [ 100.440514271, -0.679365286999942 ], [ 100.440407549, -0.680522858999951 ], [ 100.440120335, -0.680903400999966 ], [ 100.440026794, -0.680973131999969 ], [ 100.439892009, -0.681076452999946 ], [ 100.439758501, -0.681175945999939 ], [ 100.439709062, -0.681215566999935 ], [ 100.439698549, -0.681223992999947 ], [ 100.439688237, -0.68122852999994 ], [ 100.43967729, -0.68123334699993 ], [ 100.439602124, -0.681269239999954 ], [ 100.439554411, -0.681292022999973 ], [ 100.439437059, -0.681348997999983 ], [ 100.439283992, -0.681426381999936 ], [ 100.439185348, -0.681471451999927 ], [ 100.439171742, -0.68149271099998 ], [ 100.438794176, -0.682224032999964 ], [ 100.438909827, -0.683203663999965 ], [ 100.439187049, -0.685310891999962 ], [ 100.439350321, -0.686385764999955 ], [ 100.439430256, -0.686930004999966 ], [ 100.4395306, -0.687602225999972 ], [ 100.439573438, -0.687887632999947 ], [ 100.439575476, -0.687900950999961 ], [ 100.439579816, -0.687929300999937 ], [ 100.439583642, -0.687954386999931 ], [ 100.43958374, -0.687961797999954 ], [ 100.439586229, -0.687973246999954 ], [ 100.439627251, -0.688238225999952 ], [ 100.439650211, -0.688391292999947 ], [ 100.439634054, -0.688664262999974 ], [ 100.439630666, -0.688736877999932 ], [ 100.439606842, -0.689247619999947 ], [ 100.439592385, -0.689545250999969 ], [ 100.439585157, -0.689677337999971 ], [ 100.439573677, -0.689887101999943 ], [ 100.439554118, -0.690486615999933 ], [ 100.439537111, -0.690977281999955 ], [ 100.439532321, -0.691119183999942 ], [ 100.439523505, -0.691380358999939 ], [ 100.439503096, -0.691957762999954 ], [ 100.439494592, -0.692397406999934 ], [ 100.439481837, -0.693065800999931 ], [ 100.439475034, -0.693477381999965 ], [ 100.439476734, -0.693895766999964 ], [ 100.439475884, -0.694116863999974 ], [ 100.439827939, -0.695299734999938 ], [ 100.439849525, -0.695323846999945 ], [ 100.441361164, -0.697012388999957 ], [ 100.441523585, -0.697191817999976 ], [ 100.441873089, -0.697997972999937 ], [ 100.441868715, -0.698012211999985 ], [ 100.441549947, -0.699049885999959 ], [ 100.441279528, -0.699436805999943 ], [ 100.44110265, -0.699686815999946 ], [ 100.440910753, -0.699956841999949 ], [ 100.440864545, -0.700021863999949 ], [ 100.440522695, -0.70050827799998 ], [ 100.440180844, -0.700947920999961 ], [ 100.439953794, -0.701237048999934 ], [ 100.439817309, -0.701532978999985 ], [ 100.439759935, -0.701659139999943 ], [ 100.439663391, -0.701871427999945 ], [ 100.439478648, -0.702269402999958 ], [ 100.439480348, -0.702297465999946 ], [ 100.439482338, -0.702343217999954 ], [ 100.439488002, -0.702473492999965 ], [ 100.439497479, -0.702677932999964 ], [ 100.439499907, -0.702730305999984 ], [ 100.439521166, -0.703209916999935 ], [ 100.439522867, -0.703260301999941 ], [ 100.439560806, -0.703256834999934 ], [ 100.439563329, -0.703258864999951 ], [ 100.439522827, -0.70326405699996 ], [ 100.439555819, -0.703952718999973 ], [ 100.439574923, -0.704063505999959 ], [ 100.43967232, -0.704628341999985 ], [ 100.439697832, -0.704722732999922 ], [ 100.440161286, -0.706611414999937 ], [ 100.440221662, -0.706884384999966 ], [ 100.440478475, -0.707537471999952 ], [ 100.440545834, -0.707812623999927 ], [ 100.441400281, -0.71130292999993 ], [ 100.441604371, -0.712904184999959 ], [ 100.442026157, -0.713547067999967 ], [ 100.442162217, -0.713751157999976 ], [ 100.442283224, -0.713938047999933 ], [ 100.442298235, -0.713961230999934 ], [ 100.442315284, -0.713975656999947 ], [ 100.442514272, -0.714181446999928 ], [ 100.442726211, -0.714416935999967 ], [ 100.442759179, -0.714453566999973 ], [ 100.443026197, -0.714730788999933 ], [ 100.444189509, -0.715824370999949 ], [ 100.444948756, -0.716290976999972 ], [ 100.445147031, -0.716412829999975 ], [ 100.44593958, -0.716906046999962 ], [ 100.449402304, -0.718169702999947 ], [ 100.450798619, -0.718654416999936 ], [ 100.452344599, -0.719428256999952 ], [ 100.452517632, -0.719519356999978 ], [ 100.452858225, -0.719698675999953 ], [ 100.45532091, -0.72149126599993 ], [ 100.455572621, -0.721664741999972 ], [ 100.456169488, -0.722121419999953 ], [ 100.456528441, -0.722396063999951 ], [ 100.456783554, -0.722555933999955 ], [ 100.456878796, -0.722640971999972 ], [ 100.458477371, -0.724291548999935 ], [ 100.45788574, -0.725280759999974 ], [ 100.457473301, -0.72617159099997 ], [ 100.45628722, -0.728733419999965 ], [ 100.45614433, -0.729042049999975 ], [ 100.45614375, -0.729042269999982 ], [ 100.45612376, -0.729024089999942 ], [ 100.45603854, -0.729056049999941 ], [ 100.45585831, -0.729123649999965 ], [ 100.45583652, -0.729131809999962 ], [ 100.45582173, -0.729278199999964 ], [ 100.4547597, -0.729604969999977 ], [ 100.45376303, -0.730062459999949 ], [ 100.45374758, -0.730067067999937 ], [ 100.45286023, -0.730331719999933 ], [ 100.45285497, -0.730333289999978 ], [ 100.45283239, -0.730343109999983 ], [ 100.45283254, -0.730343749999976 ], [ 100.45289706, -0.730617989999929 ], [ 100.45214547, -0.730944769999947 ], [ 100.4514429, -0.731402259999933 ], [ 100.44984169, -0.73234173999993 ], [ 100.44902474, -0.732766549999954 ], [ 100.44801173, -0.733191369999938 ], [ 100.44771763, -0.733305739999938 ], [ 100.44690068, -0.733436449999947 ], [ 100.44626306, -0.733517159999966 ], [ 100.44625941, -0.733517619999935 ], [ 100.44561554, -0.733599129999959 ], [ 100.44561398, -0.733599329999953 ], [ 100.44561554, -0.733618009999934 ], [ 100.445612, -0.73361829999993 ], [ 100.44560991, -0.733599839999952 ], [ 100.44446618, -0.73368152999996 ], [ 100.44317541, -0.733787739999974 ], [ 100.44281679, -0.733855589999964 ], [ 100.44257087, -0.733902109999975 ], [ 100.44256708, -0.733909149999942 ], [ 100.44254492, -0.733910379999952 ], [ 100.44144349, -0.734261569999949 ], [ 100.44051217, -0.73468637999998 ], [ 100.439249982, -0.735255063999947 ], [ 100.43924067, -0.735259259999966 ], [ 100.43902533, -0.735356269999962 ], [ 100.43802865, -0.735919959999937 ], [ 100.43703198, -0.736589859999933 ], [ 100.43628039, -0.737129039999958 ], [ 100.435512461, -0.737798939999948 ], [ 100.43495998, -0.738136569999945 ], [ 100.43486314, -0.738233399999956 ], [ 100.43419188, -0.738904669999965 ], [ 100.43405756, -0.739038979999983 ], [ 100.43402562, -0.739040699999975 ], [ 100.43363349, -0.739277609999931 ], [ 100.43336501, -0.739515109999967 ], [ 100.43320867, -0.73965340999996 ], [ 100.43266949, -0.740029199999928 ], [ 100.43235905, -0.740339639999953 ], [ 100.431525771, -0.740731768999978 ], [ 100.43123167, -0.74089516 ], [ 100.43077418, -0.740976859999936 ], [ 100.43064346, -0.741009538999954 ], [ 100.43026767, -0.741205599999948 ], [ 100.43002259, -0.74123827899997 ], [ 100.42971215, -0.741336309999947 ], [ 100.42932001, -0.741401669999964 ], [ 100.42869913, -0.741581399999979 ], [ 100.428307, -0.741646749999973 ], [ 100.42776782, -0.741777469999941 ], [ 100.42657508, -0.742194108999972 ], [ 100.4259542, -0.742390169999964 ], [ 100.4252843, -0.74256989999998 ], [ 100.42458173, -0.74278230999994 ], [ 100.424220552, -0.742896367999958 ], [ 100.42396085, -0.742978379999953 ], [ 100.42379746, -0.74302738999995 ], [ 100.42319292, -0.743109089999966 ], [ 100.42229428, -0.743190779999969 ], [ 100.42119957, -0.743174439999973 ], [ 100.420055851, -0.743141759999966 ], [ 100.41940229, -0.743051899999951 ], [ 100.41897748, -0.742921189999957 ], [ 100.41860168, -0.742888509999952 ], [ 100.41843148, -0.742877391999964 ], [ 100.41841324, -0.742876199999963 ], [ 100.41818931, -0.742861559999943 ], [ 100.41815775, -0.742910779999929 ], [ 100.41770968, -0.743178039999983 ], [ 100.41764483, -0.743190049999961 ], [ 100.41726128, -0.743261079999974 ], [ 100.41677706, -0.743350749999945 ], [ 100.415927947, -0.74323665399993 ], [ 100.41372445, -0.742940569999984 ], [ 100.41323469, -0.742794409999938 ], [ 100.4120751, -0.742448349999957 ], [ 100.41051209, -0.742025219999959 ], [ 100.40949744, -0.74159776999995 ], [ 100.4056072, -0.73989227999994 ], [ 100.40451051, -0.739391429999956 ], [ 100.40395784, -0.739141 ], [ 100.40106931, -0.737349159999951 ], [ 100.39824986, -0.73560049999998 ], [ 100.39717044, -0.734978749999931 ], [ 100.39450643, -0.733385529999969 ], [ 100.39322371, -0.732623440999933 ], [ 100.39303841, -0.732513349999975 ], [ 100.39214648, -0.731980329999941 ], [ 100.38943314, -0.730358829999942 ], [ 100.38848325, -0.729823429999957 ], [ 100.38707137, -0.728817409999976 ], [ 100.38609557, -0.728126579999987 ], [ 100.38323294, -0.726075679999954 ], [ 100.38260256, -0.725618009999954 ], [ 100.38189446, -0.725108519999942 ], [ 100.37836691, -0.722997169999936 ], [ 100.37753791, -0.722513589999951 ], [ 100.37631169, -0.721779579999981 ], [ 100.3737513, -0.720713109999973 ], [ 100.37190333, -0.719927289999939 ], [ 100.37060803, -0.719365989999974 ], [ 100.36897162, -0.718843549999975 ], [ 100.36727909, -0.718325429999942 ], [ 100.36412286, -0.71732803999993 ], [ 100.36271529, -0.716870369999933 ], [ 100.35849691, -0.716270209999944 ], [ 100.35481392, -0.715747769999957 ], [ 100.35370859, -0.715566429999974 ], [ 100.35287096, -0.715410989999961 ], [ 100.35116116, -0.71504829999998 ], [ 100.35022595, -0.71502325999995 ], [ 100.34936241, -0.714968 ], [ 100.34824327, -0.714898909999936 ], [ 100.34633312, -0.714826379999985 ], [ 100.34513108, -0.714591489999977 ], [ 100.34317948, -0.714187359999926 ], [ 100.34228979, -0.713921059999962 ], [ 100.34114844, -0.713579429999929 ], [ 100.33992567, -0.713220199999965 ], [ 100.33938337, -0.713140749999983 ], [ 100.33845766, -0.712746979999968 ], [ 100.33502769, -0.711375679999949 ], [ 100.33342496, -0.710698669999945 ], [ 100.33257524, -0.710360159999934 ], [ 100.3319155, -0.710177089999949 ], [ 100.33110032, -0.709935299999927 ], [ 100.329686120594971, -0.70952899545627 ], [ 100.32941469, -0.709451719999952 ], [ 100.32926271, -0.709403359999953 ], [ 100.32822301, -0.709275559999989 ], [ 100.32700715, -0.709116669999963 ], [ 100.32572911, -0.708964679999954 ], [ 100.32411772, -0.709310689999942 ], [ 100.32242077, -0.709276409999973 ], [ 100.32097323, -0.70925227999993 ], [ 100.31991169, -0.708986899999966 ], [ 100.3192603, -0.708914519999957 ], [ 100.31865715, -0.70913164999997 ], [ 100.31800238, -0.709308619999947 ], [ 100.3177645, -0.709372909999958 ], [ 100.317673282146288, -0.709367105211735 ], [ 100.31761979, -0.709361489999932 ], [ 100.31684772, -0.709300529999948 ], [ 100.31581032, -0.709179899999928 ], [ 100.3152313, -0.708962769999977 ], [ 100.31371138, -0.708504379999975 ], [ 100.31301173, -0.708190749999974 ], [ 100.3120467, -0.707852989999934 ], [ 100.311612279, -0.707641645999965 ], [ 100.31115405, -0.707418719999968 ], [ 100.310855093, -0.707285856999935 ], [ 100.31085096, -0.707284019999975 ], [ 100.31071978, -0.707225719999943 ], [ 100.31014076, -0.707153339999937 ], [ 100.30946524, -0.707153339999937 ], [ 100.30922398, -0.707370469999946 ], [ 100.30903098, -0.707901239999956 ], [ 100.30898273, -0.708504379999975 ], [ 100.3088864, -0.708735559999978 ], [ 100.308646372, -0.709311632 ], [ 100.30862084, -0.709372909999958 ], [ 100.30816245, -0.71009667999994 ], [ 100.30804182, -0.710506819999985 ], [ 100.30766224, -0.711310639999968 ], [ 100.30763168, -0.711375349999966 ], [ 100.30707679, -0.712002619999967 ], [ 100.3070755, -0.712005843999976 ], [ 100.307050554, -0.71202135099998 ], [ 100.306932946, -0.712129912999958 ], [ 100.306834023, -0.712255813999953 ], [ 100.306745978, -0.712337989999985 ], [ 100.306591173, -0.712478150999977 ], [ 100.306501714, -0.712392270999942 ], [ 100.306230309, -0.712102771999984 ], [ 100.306061435, -0.711816289999949 ], [ 100.30576289, -0.711565993999953 ], [ 100.305410064, -0.711255386999942 ], [ 100.305012004, -0.710887482999967 ], [ 100.304737584, -0.710658296999959 ], [ 100.304556648, -0.710537672999985 ], [ 100.304402852, -0.710398954999957 ], [ 100.304233978, -0.710148658999976 ], [ 100.304125416, -0.709928519999962 ], [ 100.304131447, -0.709693302999933 ], [ 100.304083197, -0.709364601999935 ], [ 100.304092244, -0.709120337999942 ], [ 100.30409714, -0.709080194999959 ], [ 100.30403137, -0.708796869999965 ], [ 100.3037539, -0.708353899999966 ], [ 100.30314055, -0.708198129999976 ], [ 100.30264402, -0.708344159999967 ], [ 100.30247395, -0.708483769999942 ], [ 100.30231788, -0.708611889999938 ], [ 100.30197713, -0.70908407999997 ], [ 100.30149521, -0.709687689999956 ], [ 100.301297255, -0.709812425999934 ], [ 100.30113985, -0.709911609999957 ], [ 100.30099478, -0.709905809999958 ], [ 100.300933364, -0.709903352999966 ], [ 100.30065307, -0.709892139999968 ], [ 100.30016141, -0.709677959999967 ], [ 100.29982066, -0.709434559999982 ], [ 100.29954319, -0.709040269999953 ], [ 100.29950398, -0.708877529999945 ], [ 100.29944584, -0.708636229999964 ], [ 100.299317296, -0.708359996999949 ], [ 100.29927966, -0.708279119999933 ], [ 100.29921705, -0.708144579999961 ], [ 100.29904669, -0.707806569999954 ], [ 100.29894435, -0.707603509999955 ], [ 100.29887536, -0.707412469999962 ], [ 100.29887841, -0.707351489999949 ], [ 100.29891314, -0.706956859999934 ], [ 100.29893382, -0.706903409999938 ], [ 100.2993024, -0.705950579999986 ], [ 100.29934593, -0.705652299999949 ], [ 100.29938982, -0.705530969999928 ], [ 100.29939415, -0.705321909999954 ], [ 100.29939989, -0.705045279999976 ], [ 100.29940423, -0.704835609999976 ], [ 100.29941382, -0.704788459999985 ], [ 100.29940862, -0.70463 ], [ 100.29786954, -0.704579 ], [ 100.29728619, -0.70455007999993 ], [ 100.29682819, -0.704583829999932 ], [ 100.2963268, -0.704593469999968 ], [ 100.295946868026192, -0.704589834742312 ], [ 100.29585916, -0.704588649999943 ], [ 100.29570174, -0.704575529999944 ], [ 100.29549035, -0.704569359999936 ], [ 100.29519988, -0.704570569999928 ], [ 100.29488892, -0.704574179999962 ], [ 100.2947334, -0.70454290999993 ], [ 100.29466113, -0.70452837999994 ], [ 100.29460978, -0.704502929999937 ], [ 100.29452494, -0.704460889999949 ], [ 100.29442731, -0.704321079999945 ], [ 100.2944214, -0.704300059999987 ], [ 100.29439477, -0.704205369999955 ], [ 100.29438944, -0.704184689999982 ], [ 100.29436464, -0.704088459999978 ], [ 100.29433449, -0.703966799999936 ], [ 100.29432337, -0.703964269999971 ], [ 100.29427282, -0.703952779999957 ], [ 100.29398213, -0.704007499999939 ], [ 100.29391844, -0.704019519999979 ], [ 100.29388146, -0.704023269999936 ], [ 100.2937264, -0.704044549999933 ], [ 100.29361009, -0.704060509999978 ], [ 100.29356663, -0.704066549999941 ], [ 100.29351431, -0.704073819999965 ], [ 100.29348505, -0.70409243999995 ], [ 100.2934611, -0.704129689999955 ], [ 100.29345447, -0.704142 ], [ 100.29342386, -0.70419885999997 ], [ 100.29337863, -0.704297299999958 ], [ 100.29335202, -0.704350509999928 ], [ 100.29332653, -0.704382709999952 ], [ 100.29330147, -0.704414359999935 ], [ 100.29326689, -0.704440959999943 ], [ 100.29321102, -0.704459589999948 ], [ 100.29300616, -0.704504819999955 ], [ 100.29263635, -0.704563349999941 ], [ 100.2923703, -0.704632519999958 ], [ 100.2921548, -0.704680409999978 ], [ 100.29188876, -0.704792149999945 ], [ 100.29174509, -0.704898569999953 ], [ 100.29157482, -0.705161959999949 ], [ 100.29151097, -0.705263049999929 ], [ 100.29126886, -0.705475889999956 ], [ 100.29111456, -0.705569009999979 ], [ 100.29098419, -0.705600929999941 ], [ 100.29086181, -0.705606259999963 ], [ 100.29082603, -0.705608639999989 ], [ 100.290801891712519, -0.70561469089318 ], [ 100.290722789904578, -0.7056215923932 ], [ 100.29066227, -0.705619559999946 ], [ 100.29055319, -0.70566212999995 ], [ 100.29050264, -0.705702029999943 ], [ 100.2904654, -0.705811109999968 ], [ 100.29043347, -0.706188899999982 ], [ 100.29042017, -0.706611919999948 ], [ 100.29015944, -0.708522149999962 ], [ 100.29011438, -0.709075219999938 ], [ 100.29006208, -0.709256239999946 ], [ 100.28993895, -0.70968244999995 ], [ 100.28988699, -0.709752149999929 ], [ 100.28972079, -0.709975099999963 ], [ 100.28952891, -0.710125599999967 ], [ 100.28944942, -0.710187939999969 ], [ 100.28930564, -0.710235159999975 ], [ 100.28865838, -0.71030328999996 ], [ 100.28868444, -0.710401029999967 ], [ 100.28906022, -0.712082179999931 ], [ 100.28908243, -0.712181529999955 ], [ 100.28906665, -0.712241869999961 ], [ 100.288997421, -0.712506568999971 ], [ 100.2889748, -0.712593059999964 ], [ 100.28890439, -0.71286230999994 ], [ 100.28873788, -0.713708279999944 ], [ 100.28830222, -0.715921819999948 ], [ 100.28803261, -0.717291649999944 ], [ 100.28786751, -0.718130479999957 ], [ 100.28780984, -0.718403669999931 ], [ 100.28746952, -0.720015709999935 ], [ 100.28739844, -0.720331 ], [ 100.28720599, -0.721184679999966 ], [ 100.28693649, -0.722380159999945 ], [ 100.286359723945367, -0.725498661698852 ], [ 100.286174432151711, -0.726533022993265 ], [ 100.285849361446594, -0.727801726622821 ], [ 100.285199989623891, -0.730616926012658 ], [ 100.285182422076986, -0.730673393127676 ], [ 100.285008333, -0.730631251999962 ], [ 100.285001944, -0.730638553999946 ], [ 100.28461025, -0.731086209999941 ], [ 100.28358384, -0.73209166999993 ], [ 100.283337355136979, -0.73241605910953 ], [ 100.28297638, -0.732887649999958 ], [ 100.2829511, -0.732917099999953 ], [ 100.28252423, -0.733414269999966 ], [ 100.28252359, -0.733414539999964 ], [ 100.28244062, -0.733508039999953 ], [ 100.28241159, -0.733546379999947 ] ] ] ] } },
{ "type": "Feature", "properties": { "fid": null, "kk": null, "gid": 78969, "bstt": null, "luas": 0.063395301853358996, "bsbtt": null, "idsls": "13060300010001", "kdkab": "06", "kdkec": "030", "kdsls": "0001", "nmkab": "PADANG PARIAMAN", "nmkec": "ULAKAN TAPAKIH", "nmsls": "KORONG SURAU DUKU", "bstt_k": null, "kddesa": "001", "kdprov": "13", "khusus": null, "muatan": null, "nmdesa": "TAPAKIH", "nmprov": "SUMATERA BARAT", "posisi": "", "rw_dki": "", "segmen": "", "sumber": "", "dom_sls": "", "periode": "2024_1", "tingkat": null, "nm_gedung": "", "wil_campur": null, "iddesa": "1306030001", "idkec": "1306030", "idkab": "1306" }, "geometry": { "type": "MultiPolygon", "coordinates": [ [ [ [ 100.19937733, -0.716320939999947 ], [ 100.19779376, -0.714950219999937 ], [ 100.197302843, -0.714534822999961 ], [ 100.19690833, -0.714201 ], [ 100.19670547, -0.713997579999957 ], [ 100.19589235, -0.713182179999941 ], [ 100.19424634, -0.711533339999963 ], [ 100.19387173, -0.711158729999966 ], [ 100.19250952, -0.709799359999978 ], [ 100.19212356, -0.709413399999958 ], [ 100.19072162, -0.708014289999944 ], [ 100.19034701, -0.70763400999994 ], [ 100.18936673, -0.706659729999962 ], [ 100.18895642, -0.706251929999957 ], [ 100.18856479, -0.705860299999929 ], [ 100.18852029, -0.705815889999952 ], [ 100.18724231, -0.704540659999968 ], [ 100.18657823, -0.703887929999952 ], [ 100.1863966, -0.70366089 ], [ 100.18630312, -0.703543139999962 ], [ 100.18596178, -0.703113169999938 ], [ 100.185944637, -0.703091574999979 ], [ 100.18566441, -0.702738569999952 ], [ 100.18529548, -0.702290169999968 ], [ 100.18412625, -0.700828629999938 ], [ 100.18357001, -0.700136169999952 ], [ 100.18353943, -0.700105849999952 ], [ 100.18255403, -0.699128709999976 ], [ 100.18075478, -0.697372019999942 ], [ 100.180014397, -0.696650093999957 ], [ 100.17949523, -0.69614386999996 ], [ 100.17900022, -0.695661199999961 ], [ 100.1788193, -0.695484789999969 ], [ 100.17812073, -0.694805839999967 ], [ 100.17730384, -0.694011899999961 ], [ 100.17675896, -0.693484039999934 ], [ 100.17540242, -0.692153049999947 ], [ 100.1749143, -0.691681949999984 ], [ 100.17488102, -0.691649279999982 ], [ 100.1745764, -0.691350239999965 ], [ 100.173712392, -0.690502036999936 ], [ 100.17351803, -0.690311229999961 ], [ 100.17184365, -0.688685089999978 ], [ 100.17020899, -0.687093 ], [ 100.16956159, -0.686460851999922 ], [ 100.170129445, -0.686061249999964 ], [ 100.170611942, -0.685608908999944 ], [ 100.171088408, -0.685072130999978 ], [ 100.171323625, -0.684867069999945 ], [ 100.171392984, -0.684731367999979 ], [ 100.171483452, -0.684634867999939 ], [ 100.171582967, -0.68449916599997 ], [ 100.171658357, -0.684426791999952 ], [ 100.171691529, -0.68434536999996 ], [ 100.171703592, -0.684276010999962 ], [ 100.171791044, -0.684164433999972 ], [ 100.171929762, -0.684034762999953 ], [ 100.172125776, -0.683832716999974 ], [ 100.172282588, -0.683697014999954 ], [ 100.172367025, -0.683606546999961 ], [ 100.172360994, -0.683519093999965 ], [ 100.172303697, -0.683470843999945 ], [ 100.172180057, -0.68337736099995 ], [ 100.172120227, -0.683317529999961 ], [ 100.172119745, -0.683317047999938 ], [ 100.172065464, -0.68325673599998 ], [ 100.172101652, -0.683202454999964 ], [ 100.172158948, -0.683145158999943 ], [ 100.172246401, -0.68301247199998 ], [ 100.172354962, -0.68287375399996 ], [ 100.172933959, -0.682095727999986 ], [ 100.173039505, -0.681869556999979 ], [ 100.173166161, -0.681673542999929 ], [ 100.173283769, -0.681462449999968 ], [ 100.173485815, -0.681043280999972 ], [ 100.173645642, -0.680823141999959 ], [ 100.173845378382865, -0.680601812273923 ], [ 100.174000148759831, -0.68072596802039 ], [ 100.174228032190896, -0.680945808506827 ], [ 100.174524712, -0.681183891999978 ], [ 100.174738631, -0.680988818999944 ], [ 100.174738627, -0.680988698999952 ], [ 100.17473871, -0.68098878999996 ], [ 100.17598187, -0.679902819999938 ], [ 100.17698729, -0.679009109999925 ], [ 100.17738995, -0.678651189999931 ], [ 100.17779924, -0.678295579999945 ], [ 100.17898642, -0.677264099999954 ], [ 100.17902379, -0.677231629999936 ], [ 100.17943809, -0.676871659999961 ], [ 100.18017969, -0.676763129999932 ], [ 100.18051936, -0.676236069999964 ], [ 100.18164923, -0.674482809999977 ], [ 100.18340795, -0.67175376999996 ], [ 100.184485449, -0.672166496999976 ], [ 100.18714015, -0.673183359999937 ], [ 100.18995604, -0.674261959999964 ], [ 100.190000319, -0.674145437999927 ], [ 100.19094058, -0.671671079999961 ], [ 100.19097411, -0.671694559999936 ], [ 100.19104459, -0.671712179999934 ], [ 100.19225833, -0.672283969999973 ], [ 100.19259126, -0.672428719999967 ], [ 100.19271068, -0.672475769999949 ], [ 100.19277707, -0.672498269999953 ], [ 100.19277868, -0.672490349999975 ], [ 100.19283321, -0.672221689999958 ], [ 100.19290683, -0.671858949999945 ], [ 100.19309414, -0.671447449999959 ], [ 100.19403066, -0.669003979999965 ], [ 100.19403328, -0.66900467999995 ], [ 100.19508637, -0.669284929999945 ], [ 100.19748727, -0.670019959999936 ], [ 100.19799441, -0.670180259999934 ], [ 100.19826867, -0.670266949999923 ], [ 100.19879343, -0.670518369999967 ], [ 100.19858072, -0.671061349999948 ], [ 100.198666927, -0.671190902999968 ], [ 100.19922361, -0.672027489999954 ], [ 100.19949416, -0.672312549999959 ], [ 100.20006317, -0.673105889999938 ], [ 100.20074306, -0.673700259999976 ], [ 100.20112213, -0.674088579999939 ], [ 100.20117756, -0.67414535999995 ], [ 100.20159942, -0.674362319999942 ], [ 100.201902628, -0.674443537999945 ], [ 100.20197136, -0.674509815999956 ], [ 100.202160913, -0.674643363999967 ], [ 100.202272921, -0.674679982999982 ], [ 100.202380621, -0.674723062999932 ], [ 100.202475397, -0.674770450999978 ], [ 100.202509861, -0.674832916999955 ], [ 100.202509861, -0.674891074999951 ], [ 100.202509861, -0.674962156999929 ], [ 100.202544326, -0.675013852999943 ], [ 100.202615408, -0.675033238999961 ], [ 100.202736032, -0.67503539299997 ], [ 100.202908352, -0.675026776999979 ], [ 100.203072057, -0.675005236999943 ], [ 100.203270225, -0.674955694999935 ], [ 100.203477009, -0.67489538299998 ], [ 100.20361702, -0.674845840999978 ], [ 100.203737644, -0.674811376999977 ], [ 100.203800255, -0.674786711999957 ], [ 100.203808726, -0.674783374999946 ], [ 100.203860422, -0.674789836999938 ], [ 100.20395089, -0.674772604999935 ], [ 100.204075823, -0.674733832999956 ], [ 100.204224449, -0.674686444999971 ], [ 100.204379537, -0.674634747999968 ], [ 100.204554012, -0.674576589999959 ], [ 100.204694022, -0.674539971999938 ], [ 100.204702638, -0.674537817999975 ], [ 100.20483834, -0.674492583999954 ], [ 100.205010661, -0.674430117999973 ], [ 100.205081743, -0.67440426999997 ], [ 100.205137747, -0.674397807999987 ], [ 100.205161441, -0.67440426999997 ], [ 100.205185135, -0.674432271999938 ], [ 100.205185135, -0.674471043999976 ], [ 100.205193751, -0.674522739999932 ], [ 100.205219599, -0.674585205999959 ], [ 100.205236831, -0.674647671999939 ], [ 100.205277757, -0.674716600999948 ], [ 100.205327299, -0.674779066999975 ], [ 100.205411306, -0.674835070999967 ], [ 100.205516852, -0.674860918999973 ], [ 100.20568271, -0.674869534999977 ], [ 100.205831336, -0.67485876499996 ], [ 100.205947653, -0.674809222999957 ], [ 100.206035967, -0.674774758999945 ], [ 100.206208287, -0.674688598999985 ], [ 100.206318141, -0.674632593999952 ], [ 100.20644092, -0.674600283999953 ], [ 100.206533542, -0.674585205999959 ], [ 100.206660628, -0.674580897999937 ], [ 100.206783406, -0.674580897999937 ], [ 100.206867413, -0.674567973999952 ], [ 100.207044041, -0.674524893999952 ], [ 100.207201283, -0.674473197999936 ], [ 100.207397298, -0.674406423999927 ], [ 100.20744842884011, -0.674530369396236 ], [ 100.207565493950099, -0.674537313936659 ], [ 100.207810537019313, -0.67451350408378 ], [ 100.20793935, -0.674651589999947 ], [ 100.20798756, -0.674808279999984 ], [ 100.20808398, -0.675061399999955 ], [ 100.20813512, -0.67506449999996 ], [ 100.20848174, -0.675085509999974 ], [ 100.2087228, -0.675085509999974 ], [ 100.20904823, -0.675001129999949 ], [ 100.20920492, -0.674904709999971 ], [ 100.20946051, -0.674874039999965 ], [ 100.209461081, -0.674959968999932 ], [ 100.209466219, -0.674971849999972 ], [ 100.209473758, -0.675016006999952 ], [ 100.209473758, -0.675048316999955 ], [ 100.209472681, -0.67508385799994 ], [ 100.209472681, -0.675107551999935 ], [ 100.209474835, -0.675140939999951 ], [ 100.209476989, -0.675170018999958 ], [ 100.20948022, -0.675198020999972 ], [ 100.209483451, -0.675231407999946 ], [ 100.209483451, -0.675254024999958 ], [ 100.209485605, -0.675280949999944 ], [ 100.209485605, -0.675298181999946 ], [ 100.20949099, -0.675315413999952 ], [ 100.20949099, -0.675331568999984 ], [ 100.20949099, -0.675350954999951 ], [ 100.209489945, -0.675355484999963 ], [ 100.209493144, -0.675377879999927 ], [ 100.209497452, -0.675507119999966 ], [ 100.209536224, -0.675666516999974 ], [ 100.209613768, -0.675817296999981 ], [ 100.209708545, -0.67592930499996 ], [ 100.209824861, -0.676088701999959 ], [ 100.209902405, -0.676222249999968 ], [ 100.209967025, -0.676411801999963 ], [ 100.209971333, -0.676528117999967 ], [ 100.209979455, -0.676613398999967 ], [ 100.210115756, -0.676601545999979 ], [ 100.210230349, -0.676589483999976 ], [ 100.210245296, -0.676588586999972 ], [ 100.21050182, -0.675921619999941 ], [ 100.21055882, -0.675765619999936 ], [ 100.21095574, -0.674921269999976 ], [ 100.21099047, -0.674847379999969 ], [ 100.2113795, -0.673974439999947 ], [ 100.21137545, -0.673907589999948 ], [ 100.21134777, -0.673867329999952 ], [ 100.21132512, -0.673837139999932 ], [ 100.21132009, -0.673794359999936 ], [ 100.21133016, -0.673754099999945 ], [ 100.21135532, -0.673701259999977 ], [ 100.21137796, -0.673633329999978 ], [ 100.21137293, -0.673603129999957 ], [ 100.21131758, -0.67356538999997 ], [ 100.21127732, -0.673537709999958 ], [ 100.21125719, -0.673494939999955 ], [ 100.21125467, -0.673444609999936 ], [ 100.21129996, -0.673291129999941 ], [ 100.21132261, -0.673200539999925 ], [ 100.21132261, -0.673172869999983 ], [ 100.21134274, -0.673155249999977 ], [ 100.21138929, -0.673177899999936 ], [ 100.21140438, -0.673194249999939 ], [ 100.2114459, -0.673221929999954 ], [ 100.21149119, -0.673235769999968 ], [ 100.21154781, -0.673216899999946 ], [ 100.21160568, -0.673182929999938 ], [ 100.21165223, -0.673123799999928 ], [ 100.21169248, -0.673081029999941 ], [ 100.2117189, -0.673046159999961 ], [ 100.21172394, -0.673039509999963 ], [ 100.21172576, -0.673035949999929 ], [ 100.21175162, -0.672985409999971 ], [ 100.21176797, -0.672931309999978 ], [ 100.21178936, -0.672877219999977 ], [ 100.21182333, -0.672830669999943 ], [ 100.21185729, -0.672815569999965 ], [ 100.2118809, -0.67280751999993 ], [ 100.21191265, -0.672796699999937 ], [ 100.21196549, -0.67277027999995 ], [ 100.21198814, -0.672756439999949 ], [ 100.21199568, -0.672728759999928 ], [ 100.21199065, -0.672669629999975 ], [ 100.21199065, -0.672653279999971 ], [ 100.21199065, -0.672614279999946 ], [ 100.21199946, -0.672572759999985 ], [ 100.21202714, -0.672553889999966 ], [ 100.21206362, -0.672548859999947 ], [ 100.21208192, -0.672546759999929 ], [ 100.21210765, -0.672543819999936 ], [ 100.21216804, -0.672517399999956 ], [ 100.21225233, -0.672439399999976 ], [ 100.2122863, -0.672392849999937 ], [ 100.21229762, -0.672363919999951 ], [ 100.21229762, -0.672338759999946 ], [ 100.21228504, -0.672311079999936 ], [ 100.21226368, -0.672292599999942 ], [ 100.21223849, -0.672270819999942 ], [ 100.21220704, -0.672241879999949 ], [ 100.21219446, -0.6722205 ], [ 100.21220201, -0.672189039999986 ], [ 100.21220801, -0.672165909999934 ], [ 100.21221082, -0.672155079999927 ], [ 100.2122083, -0.672127399999965 ], [ 100.21219069, -0.672088399999952 ], [ 100.21216439, -0.672054759999981 ], [ 100.212108948, -0.671938224999964 ], [ 100.21218878, -0.671938569999956 ], [ 100.21231741, -0.671939129999953 ], [ 100.21284079, -0.671941399999979 ], [ 100.21345919, -0.671944079999944 ], [ 100.2166093, -0.672077469999984 ], [ 100.216984465, -0.672074027999944 ], [ 100.21698933, -0.672075244999982 ], [ 100.21701647, -0.672076751999961 ], [ 100.217036072, -0.672077882999936 ], [ 100.217053411, -0.672079013999966 ], [ 100.217063966, -0.672077882999936 ], [ 100.217072648, -0.672076642999971 ], [ 100.21720554, -0.67208043899996 ], [ 100.217207624, -0.672080498999953 ], [ 100.217603961, -0.671903870999929 ], [ 100.218185542, -0.671589385999936 ], [ 100.218801588, -0.671223205999986 ], [ 100.219615801, -0.670766556999981 ], [ 100.21992167, -0.670719168999939 ], [ 100.220425707, -0.670598543999973 ], [ 100.220542023, -0.670589927999971 ], [ 100.220921128, -0.670396067999952 ], [ 100.221170993, -0.67030129199998 ], [ 100.221295925, -0.670266827999964 ], [ 100.221403625, -0.670232363999954 ], [ 100.221623334, -0.670141894999982 ], [ 100.221817194, -0.67003419499998 ], [ 100.221864582, -0.669999730999968 ], [ 100.222650363, -0.667462313999982 ], [ 100.222698613, -0.666823004999966 ], [ 100.222807174, -0.666352570999946 ], [ 100.222819237, -0.665930385999968 ], [ 100.222861455, -0.665574543999981 ], [ 100.22293383, -0.665556449999937 ], [ 100.223096673, -0.665658980999986 ], [ 100.223362046, -0.665791667999941 ], [ 100.223567107, -0.665888166999935 ], [ 100.223766137, -0.665924353999978 ], [ 100.223953105, -0.665972603999933 ], [ 100.224067698, -0.66599069799997 ], [ 100.224254666, -0.666093227999965 ], [ 100.224483852, -0.666262101999972 ], [ 100.224694944, -0.666352570999946 ], [ 100.224749225, -0.666388757999924 ], [ 100.2248216, -0.666262101999972 ], [ 100.224893974, -0.666093227999965 ], [ 100.224918099, -0.665948478999954 ], [ 100.224926335, -0.665943237999956 ], [ 100.224934685, -0.665937924999986 ], [ 100.225017614, -0.665959033999977 ], [ 100.225159347, -0.665992205999952 ], [ 100.225287511, -0.666051009999939 ], [ 100.225387026, -0.666121876999967 ], [ 100.22553479, -0.666176157999925 ], [ 100.225702157, -0.666237976999983 ], [ 100.225955468, -0.666319398999971 ], [ 100.226107363, -0.666340111999941 ], [ 100.226008241, -0.666715950999957 ], [ 100.225815242, -0.667506039999976 ], [ 100.225616212, -0.668278034999966 ], [ 100.225380995, -0.669001780999969 ], [ 100.225115621, -0.66985218199995 ], [ 100.224319501, -0.671981199999955 ], [ 100.224600874, -0.672086714999984 ], [ 100.224619945, -0.672090699999956 ], [ 100.224751124, -0.672154026999978 ], [ 100.22496674, -0.672289729999937 ], [ 100.225277347, -0.672469157999964 ], [ 100.225598509, -0.672606367999945 ], [ 100.226043311, -0.672829522999973 ], [ 100.226353919, -0.672968240999987 ], [ 100.226438356, -0.673058708999978 ], [ 100.226441175, -0.673264538999946 ], [ 100.226441371, -0.673278848999938 ], [ 100.226390106, -0.673553268999972 ], [ 100.226344872, -0.673761345999933 ], [ 100.226317731, -0.673960375999968 ], [ 100.226299638, -0.674132264999975 ], [ 100.226269482, -0.674385575999966 ], [ 100.22623631, -0.674551433999971 ], [ 100.226215201, -0.674653964999949 ], [ 100.226193769, -0.674703971999977 ], [ 100.226046704, -0.674756495999936 ], [ 100.225407395, -0.67490124499995 ], [ 100.22458715, -0.675118367999965 ], [ 100.223875467, -0.675251054999935 ], [ 100.223525657, -0.675419928999935 ], [ 100.223332658, -0.675805926999938 ], [ 100.223199971, -0.676083362999982 ], [ 100.222718178, -0.67669486999995 ], [ 100.222572725, -0.676879482999939 ], [ 100.222210852, -0.677530853999941 ], [ 100.221776605, -0.677808288999929 ], [ 100.221791683, -0.677823366999969 ], [ 100.221873104, -0.677904788999967 ], [ 100.222174665, -0.678170161999966 ], [ 100.222452101, -0.678363160999936 ], [ 100.222572725, -0.678435535999944 ], [ 100.222741599, -0.67830284899998 ], [ 100.22294666, -0.677989225999976 ], [ 100.223212034, -0.677687664999956 ], [ 100.223284408, -0.677675602999952 ], [ 100.223429157, -0.677796226999938 ], [ 100.223525657, -0.677904788999967 ], [ 100.223465345, -0.678158099999963 ], [ 100.22334472, -0.678399347999974 ], [ 100.223248221, -0.678688845999943 ], [ 100.223127597, -0.678893907999968 ], [ 100.223151721, -0.678954219999981 ], [ 100.223465345, -0.679159280999953 ], [ 100.223827217, -0.679364341999934 ], [ 100.22387405, -0.679387758999957 ], [ 100.223875539, -0.679388502999938 ], [ 100.22387337, -0.679397639999935 ], [ 100.22363988, -0.680381309999981 ], [ 100.22280102, -0.683915349999952 ], [ 100.22262384, -0.685722279999947 ], [ 100.22329951, -0.687217639999976 ], [ 100.22340244, -0.687292849999946 ], [ 100.2244342, -0.688046689999975 ], [ 100.22445909, -0.688054069999964 ], [ 100.22842984, -0.689231769999934 ], [ 100.22894546, -0.689384699999953 ], [ 100.229675141, -0.689395986999958 ], [ 100.22980982, -0.689398069999937 ], [ 100.22985888, -0.689389519999966 ], [ 100.230167772, -0.689335660999978 ], [ 100.23018716, -0.689332279999982 ], [ 100.23026769, -0.689318239999985 ], [ 100.23031473, -0.689310039999958 ], [ 100.231606, -0.689084899999955 ], [ 100.23210278, -0.688969139999933 ], [ 100.23425673, -0.688761029999968 ], [ 100.23435081, -0.688732079999971 ], [ 100.234449374, -0.688649607999933 ], [ 100.234532103, -0.688624301999943 ], [ 100.234609159, -0.68865625199993 ], [ 100.234738837, -0.688693839999935 ], [ 100.234791461, -0.688654372999965 ], [ 100.234827169, -0.688573557999982 ], [ 100.234872275, -0.688487105999968 ], [ 100.234900466, -0.688410049999958 ], [ 100.23495121, -0.688379979999975 ], [ 100.235090286, -0.688383738999963 ], [ 100.235259432, -0.688340511999964 ], [ 100.235439741, -0.688268899999976 ], [ 100.235541991, -0.688247144999936 ], [ 100.235650553, -0.688241113999938 ], [ 100.235704834, -0.688253175999937 ], [ 100.235786255, -0.68832856599994 ], [ 100.235834505, -0.68839792499995 ], [ 100.235900848, -0.688512517999922 ], [ 100.235976238, -0.688645204999952 ], [ 100.236051629, -0.688780906999971 ], [ 100.236122765, -0.688843306999968 ], [ 100.23621431, -0.688846559999948 ], [ 100.23681683, -0.688867969999941 ], [ 100.237065, -0.68899293999994 ], [ 100.237147327, -0.689034396999948 ], [ 100.23738871, -0.689155949999929 ], [ 100.23744219, -0.689182889999933 ], [ 100.23740424, -0.689771039999922 ], [ 100.23738626, -0.690049639999929 ], [ 100.23744299, -0.690141589999938 ], [ 100.23767165, -0.690512219999962 ], [ 100.238122749, -0.690724638999948 ], [ 100.238165569, -0.690843581999957 ], [ 100.238183662, -0.690964205999937 ], [ 100.238183662, -0.691114985999952 ], [ 100.238189694, -0.691241641999969 ], [ 100.238225881, -0.691368296999944 ], [ 100.238231912, -0.69148288999998 ], [ 100.238231912, -0.691585420999964 ], [ 100.238268099, -0.691681919999951 ], [ 100.238316349, -0.691742232999961 ], [ 100.238376661, -0.691760325999957 ], [ 100.238430942, -0.691760325999957 ], [ 100.238503317, -0.691724138999984 ], [ 100.238593785, -0.691675888999962 ], [ 100.238702347, -0.691591451999951 ], [ 100.238841065, -0.691500983999958 ], [ 100.238997876, -0.691428608999963 ], [ 100.239088344, -0.691344172999959 ], [ 100.23916675, -0.691247672999972 ], [ 100.239257218, -0.691133079999933 ], [ 100.239314786, -0.691060362999967 ], [ 100.23972381, -0.69084935999996 ], [ 100.2400866, -0.690486559999955 ], [ 100.24016369, -0.690024019999958 ], [ 100.24024893, -0.689896839999969 ], [ 100.24044502, -0.690014499999966 ], [ 100.24071166, -0.690198079999966 ], [ 100.2408253, -0.690390399999952 ], [ 100.2409914, -0.690608949999952 ], [ 100.24114438, -0.690761939999964 ], [ 100.24141101, -0.690866839999963 ], [ 100.24155843, -0.690998459999951 ], [ 100.24165579, -0.691085389999961 ], [ 100.241706422, -0.691136021999975 ], [ 100.241711922, -0.691130063999939 ], [ 100.241820484, -0.691030548999944 ], [ 100.241895874, -0.690946111999948 ], [ 100.241992373, -0.690897862999972 ], [ 100.242073795, -0.690934049999952 ], [ 100.242140138, -0.691009439999962 ], [ 100.242230606, -0.691084829999966 ], [ 100.242315043, -0.691175298999951 ], [ 100.242387418, -0.691253703999972 ], [ 100.242438683, -0.691317031999971 ], [ 100.242471855, -0.691353218999947 ], [ 100.242480901, -0.691416546999962 ], [ 100.242417574, -0.691528123999954 ], [ 100.242384402, -0.691609545999944 ], [ 100.242339186, -0.691686412999961 ], [ 100.24234203, -0.691688589999958 ], [ 100.24283596, -0.692156279999953 ], [ 100.24285749, -0.69217493999998 ], [ 100.24268539, -0.692339159999961 ], [ 100.24225843, -0.692760229999973 ], [ 100.24220398, -0.69281029999997 ], [ 100.24203572, -0.693027509999977 ], [ 100.24197924, -0.693100419999957 ], [ 100.24191368, -0.693314599999959 ], [ 100.24191368, -0.693646789999952 ], [ 100.24201421, -0.693939649999949 ], [ 100.24233766, -0.694158199999944 ], [ 100.2427173, -0.694329269999974 ], [ 100.2427571, -0.694372279999926 ], [ 100.24283719, -0.694434949999968 ], [ 100.243070643000976, -0.694504886430431 ], [ 100.243210292711751, -0.694503416603334 ], [ 100.243306772563443, -0.6945649700571 ], [ 100.243620245629884, -0.6947457401018 ], [ 100.24386715105679, -0.694864697338293 ], [ 100.244040745628652, -0.694953223653823 ], [ 100.244141720957302, -0.694942157864382 ], [ 100.244202582799232, -0.694866080561973 ], [ 100.244338138719883, -0.694821817404208 ], [ 100.24446885335766, -0.694737440759719 ], [ 100.24458729188531, -0.694644851224629 ], [ 100.244652130495254, -0.694552088786579 ], [ 100.244793872, -0.694356762999973 ], [ 100.244878309, -0.694218044999963 ], [ 100.245023058, -0.694067264999949 ], [ 100.245143682, -0.693958702999976 ], [ 100.24523415, -0.693832047999935 ], [ 100.245427081562056, -0.693587203818195 ], [ 100.245619522556581, -0.693608125076357 ], [ 100.245808937749302, -0.693701924932167 ], [ 100.245960919451136, -0.693762959677054 ], [ 100.246156126893027, -0.693806271868539 ], [ 100.246361881415439, -0.693919696210311 ], [ 100.246470637377328, -0.693974852254557 ], [ 100.246385569121045, -0.694202824807342 ], [ 100.246452050309145, -0.694247260868066 ], [ 100.246729891, -0.69451357499998 ], [ 100.246947015, -0.69472466699995 ], [ 100.247248575, -0.694965915999953 ], [ 100.247815509, -0.695400162999933 ], [ 100.248177382, -0.695599192999966 ], [ 100.248575442, -0.695834409999977 ], [ 100.249003658, -0.696093752999966 ], [ 100.249534405, -0.696443562999949 ], [ 100.249974683, -0.696727029999978 ], [ 100.250746679, -0.697125089999932 ], [ 100.251162832, -0.697372369999934 ], [ 100.251621204, -0.697704085999935 ], [ 100.252043389, -0.697921209999951 ], [ 100.252519855, -0.698120239999982 ], [ 100.252741737, -0.69820940799997 ], [ 100.25359009, -0.699732499999935 ], [ 100.25368828, -0.69978567999993 ], [ 100.25444679, -0.700377059999944 ], [ 100.25499961, -0.700653469999967 ], [ 100.25572276, -0.700933089999975 ], [ 100.2564652, -0.701212709999937 ], [ 100.25714979, -0.70168516999997 ], [ 100.2576319, -0.70239868999994 ], [ 100.2577476, -0.703073629999956 ], [ 100.257749902, -0.70320945299994 ], [ 100.257769399, -0.70320945299994 ], [ 100.257785387, -0.70320945299994 ], [ 100.257815121, -0.703214408999943 ], [ 100.257872745, -0.703205871999955 ], [ 100.258126056, -0.703205871999955 ], [ 100.258391429, -0.703211902999956 ], [ 100.258711084, -0.703205871999955 ], [ 100.259054863, -0.703193808999975 ], [ 100.259386579, -0.703181746999977 ], [ 100.259784639, -0.703169684999977 ], [ 100.260273168, -0.703163652999938 ], [ 100.26068329, -0.703163652999938 ], [ 100.261039132, -0.703151590999933 ], [ 100.261521629, -0.70314555999995 ], [ 100.262046344, -0.703151590999933 ], [ 100.262384092, -0.70313952799996 ], [ 100.262733903, -0.703133496999957 ], [ 100.2631199, -0.703109371999978 ], [ 100.263337024, -0.703115403999956 ], [ 100.263741115, -0.703103340999981 ], [ 100.264000457, -0.703103340999981 ], [ 100.264277893, -0.703103340999981 ], [ 100.264428673, -0.70309730999998 ], [ 100.264476923, -0.70309730999998 ], [ 100.264468621, -0.70312636899997 ], [ 100.267609429, -0.705595800999959 ], [ 100.267609833, -0.705596117999968 ], [ 100.2667169, -0.70699375199996 ], [ 100.264635979, -0.710394660999949 ], [ 100.262541181, -0.713771519999963 ], [ 100.260373196, -0.717266359999946 ], [ 100.260371923, -0.717265980999977 ], [ 100.260371065, -0.717265724999957 ], [ 100.260371033, -0.717265715999924 ], [ 100.260370988, -0.717265701999965 ], [ 100.260370897, -0.717265674999972 ], [ 100.260370716, -0.717265620999966 ], [ 100.25385388, -0.715325085999959 ], [ 100.253844756, -0.715334209999982 ], [ 100.25366382, -0.715551333999946 ], [ 100.253404478, -0.715852893999973 ], [ 100.253386296, -0.715872656999975 ], [ 100.253377337, -0.715889081999941 ], [ 100.253362259, -0.715911698999956 ], [ 100.253333611, -0.715947885999933 ], [ 100.253303455, -0.715975025999974 ], [ 100.25327933, -0.716005181999954 ], [ 100.253258221, -0.71602478399996 ], [ 100.253232588, -0.716057954999945 ], [ 100.253205448, -0.716094142999962 ], [ 100.253169261, -0.71612429899995 ], [ 100.253132247, -0.716149414999967 ], [ 100.253072761, -0.716220797999948 ], [ 100.252976262, -0.71635348499996 ], [ 100.252843575, -0.716486171999976 ], [ 100.252759138, -0.716588701999975 ], [ 100.25266867, -0.71667916999997 ], [ 100.252542015, -0.716793762999941 ], [ 100.252415359, -0.716932480999955 ], [ 100.252216329, -0.71707722999997 ], [ 100.252053486, -0.717209916999934 ], [ 100.251908737, -0.717330540999969 ], [ 100.251782082, -0.717463227999933 ], [ 100.25152274, -0.717620039999929 ], [ 100.251414178, -0.717716538999987 ], [ 100.251311647, -0.717837162999958 ], [ 100.251215148, -0.717945724999934 ], [ 100.25117896, -0.718036192999931 ], [ 100.251142773, -0.71811459899994 ], [ 100.251130711, -0.71816284899996 ], [ 100.25112468, -0.71822316099998 ], [ 100.25112468, -0.718301566999976 ], [ 100.251118648, -0.718410127999967 ], [ 100.251118648, -0.718518689999943 ], [ 100.25107643, -0.718735813999964 ], [ 100.251022149, -0.71885040699994 ], [ 100.250961837, -0.719007218999928 ], [ 100.250883431, -0.71914593599997 ], [ 100.250768838, -0.719248466999942 ], [ 100.250666307, -0.719369090999977 ], [ 100.250551714, -0.719483683999965 ], [ 100.250425059, -0.719628432999965 ], [ 100.250304435, -0.719785244999972 ], [ 100.250153654, -0.719960149999965 ], [ 100.250008905, -0.720129023999967 ], [ 100.249901101, -0.720338643999981 ], [ 100.249900343, -0.720340116999979 ], [ 100.249821938, -0.720490896999942 ], [ 100.249538471, -0.720786425999969 ], [ 100.249411815, -0.720943237999965 ], [ 100.249297222, -0.72110608099997 ], [ 100.249146442, -0.721256860999972 ], [ 100.248971537, -0.721437796999974 ], [ 100.248844881, -0.721630795999946 ], [ 100.248682038, -0.721811732999929 ], [ 100.248621726, -0.721944418999964 ], [ 100.248573477, -0.722077105999981 ], [ 100.248483008, -0.722179635999971 ], [ 100.248374446, -0.722318353999922 ], [ 100.248259853, -0.722420884999963 ], [ 100.248133198, -0.722463102999938 ], [ 100.247988449, -0.722420884999963 ], [ 100.247861793, -0.722384697999932 ], [ 100.2477472, -0.722366603999945 ], [ 100.247632607, -0.72242691599996 ], [ 100.247518014, -0.722487227999981 ], [ 100.247415484, -0.722583727999969 ], [ 100.247306922, -0.722722445999979 ], [ 100.247186298, -0.722867194999931 ], [ 100.247059642, -0.722987818999969 ], [ 100.246890768, -0.723186848999948 ], [ 100.246721894, -0.723410003999963 ], [ 100.246617605, -0.723538359999969 ], [ 100.246565083, -0.723603002999945 ], [ 100.246432396, -0.723723626999969 ], [ 100.246339051, -0.723804795999979 ], [ 100.246293678, -0.723844250999955 ], [ 100.246215272, -0.723910594999952 ], [ 100.246148929, -0.723940750999931 ], [ 100.246088617, -0.723928687999953 ], [ 100.246028305, -0.72388043799998 ], [ 100.245967993, -0.723808063999978 ], [ 100.245932841, -0.723742782999976 ], [ 100.245925774, -0.723729657999969 ], [ 100.245877524, -0.723699501999943 ], [ 100.245811181, -0.723777907999938 ], [ 100.245714682, -0.723868375999929 ], [ 100.24560612, -0.723982968999967 ], [ 100.245491527, -0.724109624999934 ], [ 100.245382965, -0.724206123999978 ], [ 100.245274403, -0.724338810999944 ], [ 100.245250224, -0.724366443999947 ], [ 100.245189966, -0.724435309999938 ], [ 100.245173507, -0.724462349999958 ], [ 100.24489135, -0.724245809999966 ], [ 100.24471041, -0.724195149999963 ], [ 100.24428339, -0.724347139999964 ], [ 100.24400198, -0.724183279999979 ], [ 100.24356974, -0.724055209999966 ], [ 100.24288235, -0.724108079999951 ], [ 100.24280533, -0.724177 ], [ 100.242776219, -0.724185315999933 ], [ 100.24264046, -0.724224099999969 ], [ 100.24198908, -0.724824819999985 ], [ 100.24142454, -0.725512389999956 ], [ 100.24080211, -0.726163779999982 ], [ 100.24018691, -0.727169799999955 ], [ 100.23957896, -0.728262679999951 ], [ 100.23933288, -0.728733119999963 ], [ 100.2391447, -0.729232519999929 ], [ 100.239020971, -0.72978932599995 ], [ 100.239001942, -0.729839276999948 ], [ 100.238977817, -0.729953869999971 ], [ 100.238977817, -0.730092587999935 ], [ 100.238983848, -0.73019511799993 ], [ 100.238989879, -0.730303679999966 ], [ 100.239007973, -0.730400179999958 ], [ 100.239062254, -0.730490647999951 ], [ 100.239080348, -0.730556990999957 ], [ 100.23907914, -0.730561822999961 ], [ 100.239062254, -0.730629365999964 ], [ 100.239014004, -0.730713802999962 ], [ 100.238953692, -0.730810301999959 ], [ 100.238899411, -0.730912832999929 ], [ 100.238856966, -0.730974570999934 ], [ 100.238833068, -0.731009331999924 ], [ 100.238772756, -0.731117893999962 ], [ 100.238730537, -0.731274704999979 ], [ 100.238664194, -0.731413422999944 ], [ 100.238585788, -0.731540078999954 ], [ 100.238519445, -0.731696889999969 ], [ 100.238511939, -0.731718468999935 ], [ 100.238471195, -0.731835607999935 ], [ 100.238392789, -0.731944169999972 ], [ 100.23834454, -0.73200448199998 ], [ 100.238272165, -0.732076856999921 ], [ 100.238211853, -0.732022575999966 ], [ 100.238139478, -0.731980356999946 ], [ 100.238106429, -0.732003963999943 ], [ 100.23809726, -0.73201051299998 ], [ 100.238055041, -0.732082888 ], [ 100.238039397, -0.732118870999965 ], [ 100.238020219, -0.732162978999953 ], [ 100.237994729, -0.732221605999937 ], [ 100.237940448, -0.732330167999976 ], [ 100.237892199, -0.73242063599997 ], [ 100.237856011, -0.732565384999937 ], [ 100.23784998, -0.732661883999932 ], [ 100.237831886, -0.73275838399997 ], [ 100.237829448, -0.732814458999943 ], [ 100.237825855, -0.732897101999935 ], [ 100.237813793, -0.733041850999948 ], [ 100.237783637, -0.733138349999944 ], [ 100.237765076, -0.73315876699996 ], [ 100.237763533, -0.733160464999969 ], [ 100.237723325, -0.733204692999945 ], [ 100.237687137, -0.733319286999974 ], [ 100.237584607, -0.73342784799997 ], [ 100.237524295, -0.733512284999968 ], [ 100.237415733, -0.733590690999965 ], [ 100.237295109, -0.733681158999956 ], [ 100.237240652, -0.733750137999957 ], [ 100.237234796, -0.733837970999964 ], [ 100.237228765, -0.733928438999961 ], [ 100.237180516, -0.734024937999954 ], [ 100.237150359, -0.734193811999948 ], [ 100.237150359, -0.73439887399997 ], [ 100.237153233, -0.734482215999952 ], [ 100.237156391, -0.734573778999964 ], [ 100.237156391, -0.734760745999957 ], [ 100.237156391, -0.734905495999959 ], [ 100.237162422, -0.73506833799996 ], [ 100.237126235, -0.735164837999946 ], [ 100.237090047, -0.735188962999926 ], [ 100.236981485, -0.735188962999926 ], [ 100.236866892, -0.735188962999926 ], [ 100.236752299, -0.735201025 ], [ 100.236649769, -0.735231180999964 ], [ 100.236541207, -0.735279430999922 ], [ 100.23645677, -0.73536989899998 ], [ 100.236342177, -0.735490522999953 ], [ 100.236245678, -0.735599084999939 ], [ 100.236112991, -0.735743833999954 ], [ 100.236004429, -0.735864457999976 ], [ 100.235751118, -0.736196174999973 ], [ 100.23566065, -0.736322830999938 ], [ 100.235570182, -0.736443454999976 ], [ 100.235479714, -0.736582172999939 ], [ 100.235371152, -0.736714858999967 ], [ 100.235274652, -0.736853576999978 ], [ 100.235141966, -0.736931982999973 ], [ 100.235057788102424, -0.736933921521641 ], [ 100.235027373, -0.736931982999973 ], [ 100.234858499, -0.736913888999931 ], [ 100.234653437, -0.736913888999931 ], [ 100.234472501, -0.736913888999931 ], [ 100.234285533, -0.736901826999944 ], [ 100.234162091, -0.736906574999976 ], [ 100.234128722, -0.736907857999946 ], [ 100.233996035, -0.736919920999988 ], [ 100.233790974, -0.736938013999972 ], [ 100.233591944, -0.736974200999954 ], [ 100.233429101, -0.736986263999946 ], [ 100.233290383, -0.736986263999946 ], [ 100.233097384, -0.736986263999946 ], [ 100.232910417, -0.736992294999941 ], [ 100.232735512, -0.737010388999983 ], [ 100.232572669, -0.73702245099997 ], [ 100.232433951, -0.73702245099997 ], [ 100.232259046, -0.73702245099997 ], [ 100.232126359, -0.737040544999961 ], [ 100.23198161, -0.73707673199994 ], [ 100.231873048, -0.737100856999981 ], [ 100.231740362, -0.737100856999981 ], [ 100.231589581, -0.737100856999981 ], [ 100.231450863, -0.737100856999981 ], [ 100.231288021, -0.73711291899997 ], [ 100.231149303, -0.73711895099996 ], [ 100.230968366, -0.737149106999938 ], [ 100.23083568, -0.737155137999936 ], [ 100.230702993, -0.737179262999974 ], [ 100.230582369, -0.737203387999951 ], [ 100.230473807, -0.737179262999974 ], [ 100.230250652, -0.737197355999974 ], [ 100.230033528, -0.737233543999946 ], [ 100.229953228, -0.737235149999949 ], [ 100.22781993, -0.735088089999981 ], [ 100.22762139, -0.734949979999964 ], [ 100.22633221, -0.736084459999977 ], [ 100.226325565, -0.736090322999924 ], [ 100.226257989, -0.736015238999934 ], [ 100.226191646, -0.735936832999922 ], [ 100.226125302, -0.735852395999927 ], [ 100.226077053, -0.73577398999993 ], [ 100.225968491, -0.735677490999938 ], [ 100.225890085, -0.73556892899995 ], [ 100.225817711, -0.735490522999953 ], [ 100.225749208509271, -0.735411540363511 ], [ 100.225726839069523, -0.735426537104011 ], [ 100.22570681548865, -0.735440360915086 ], [ 100.22566693, -0.735466397999973 ], [ 100.225558368, -0.735538772999974 ], [ 100.225425682, -0.735611146999926 ], [ 100.22539251, -0.735629240999967 ], [ 100.22534426, -0.735660904999978 ], [ 100.225299026, -0.735691060999953 ], [ 100.225253792, -0.735737802999955 ], [ 100.22520705, -0.735778513999947 ], [ 100.225158801, -0.735814700999922 ], [ 100.225110551, -0.735859934999961 ], [ 100.225072856, -0.735897629999954 ], [ 100.225033653, -0.73593532499996 ], [ 100.225003497, -0.735953418999949 ], [ 100.224962786, -0.735982066999959 ], [ 100.224952238914113, -0.735992614085841 ], [ 100.224941677, -0.73600317599994 ], [ 100.224933085, -0.736013329999936 ], [ 100.22491056, -0.736029549999957 ], [ 100.22448584, -0.736435599999944 ], [ 100.22430382, -0.736505599999926 ], [ 100.22415447, -0.73663161999997 ], [ 100.22404133, -0.736759649999951 ], [ 100.22098901, -0.733808649999965 ], [ 100.21792649, -0.730814179999928 ], [ 100.21754991, -0.730405839999946 ], [ 100.21743231, -0.730323339999936 ], [ 100.21538331, -0.728702869999947 ], [ 100.21494059, -0.728379349999954 ], [ 100.21262484, -0.726696449999962 ], [ 100.210684713057404, -0.725284226209611 ], [ 100.21057017, -0.725200849999969 ], [ 100.20976987, -0.72462191999996 ], [ 100.20822035, -0.723415789999938 ], [ 100.20782872, -0.723114969999924 ], [ 100.20687391, -0.72236413999997 ], [ 100.20595568, -0.721642079999934 ], [ 100.20550728, -0.721290179999923 ], [ 100.20351505, -0.71973214999998 ], [ 100.2012447, -0.717935729999967 ], [ 100.20116255, -0.717864689999948 ], [ 100.20101757, -0.717739329999978 ], [ 100.19937733, -0.716320939999947 ] ] ] ] } },
{ "type": "Feature", "properties": { "fid": null, "kk": null, "gid": 79392, "bstt": null, "luas": 2.405521457211214, "bsbtt": null, "idsls": "13061000050001", "kdkab": "06", "kdkec": "100", "kdsls": "0001", "nmkab": "PADANG PARIAMAN", "nmkec": "IV KOTO AUA MALINTANG", "nmsls": "KORONG BUKIK KABUN", "bstt_k": null, "kddesa": "005", "kdprov": "13", "khusus": null, "muatan": null, "nmdesa": "BALAI BAIAK MALAI III KOTO", "nmprov": "SUMATERA BARAT", "posisi": "", "rw_dki": "", "segmen": "", "sumber": "", "dom_sls": "", "periode": "2024_1", "tingkat": null, "nm_gedung": "", "wil_campur": null, "iddesa": "1306100005", "idkec": "1306100", "idkab": "1306" }, "geometry": { "type": "MultiPolygon", "coordinates": [ [ [ [ 100.009519239718031, -0.421385704872803 ], [ 100.00931137933739, -0.421216818313531 ], [ 100.009059348625854, -0.421175246237402 ], [ 100.008687798195453, -0.421071316047081 ], [ 100.00860816, -0.421078104999938 ], [ 100.008454915, -0.420945893999942 ], [ 100.008319699, -0.420807673999946 ], [ 100.008220541, -0.420717529999935 ], [ 100.008130397, -0.420633394999927 ], [ 100.008061286, -0.420558274999962 ], [ 100.008060903, -0.420557958999951 ], [ 100.00792611, -0.420283139999926 ], [ 100.00763118, -0.41983945999994 ], [ 100.00699045, -0.418540199999939 ], [ 100.00638264, -0.417946199999968 ], [ 100.006288806, -0.417885003999981 ], [ 100.006258407, -0.417876491999952 ], [ 100.006220847, -0.417868979999986 ], [ 100.006183287, -0.417868979999986 ], [ 100.006117181, -0.417874989999977 ], [ 100.006052578, -0.417888511999939 ], [ 100.006012786, -0.417901775999964 ], [ 100.005942903, -0.417947104999947 ], [ 100.005807687, -0.418013210999965 ], [ 100.005642423, -0.418079315999941 ], [ 100.005429082, -0.418175469999943 ], [ 100.005233771, -0.418259603999954 ], [ 100.004996391, -0.418376790999962 ], [ 100.004909252, -0.418316694999933 ], [ 100.004834132, -0.418196502999932 ], [ 100.004771032, -0.418040253999948 ], [ 100.00471394, -0.417884003999974 ], [ 100.004602763, -0.417706720999946 ], [ 100.004542667, -0.417676672999965 ], [ 100.004437499, -0.417649629999979 ], [ 100.004359374, -0.417595543999943 ], [ 100.004287259, -0.417517418999983 ], [ 100.004215144, -0.417472346999946 ], [ 100.004106971, -0.417430279999958 ], [ 100.003992789, -0.417406240999982 ], [ 100.003902645, -0.417334125999956 ], [ 100.003806491, -0.417268020999932 ], [ 100.00374339, -0.41718989599997 ], [ 100.00368029, -0.417099751999961 ], [ 100.003620194, -0.417048669999936 ], [ 100.003536059, -0.416994583999951 ], [ 100.00345493, -0.416985568999961 ], [ 100.003337743, -0.41704566499994 ], [ 100.003280651, -0.417126794999944 ], [ 100.003226565, -0.417225952999964 ], [ 100.003169474, -0.417328116999955 ], [ 100.003061301, -0.417418260999964 ], [ 100.002974162, -0.41747835599995 ], [ 100.00284796, -0.417487370999941 ], [ 100.002742792, -0.417454317999959 ], [ 100.002601567, -0.417349149999948 ], [ 100.002496399, -0.417246986999947 ], [ 100.002406255, -0.417186890999971 ], [ 100.002189909, -0.416952516999978 ], [ 100.002168876, -0.416922468999934 ], [ 100.002129813, -0.416817300999987 ], [ 100.002081737, -0.41670912799998 ], [ 100.002057698, -0.416609969999974 ], [ 100.002057698, -0.416531844999958 ], [ 100.002006617, -0.41641165299996 ], [ 100.001943516, -0.416324513999949 ], [ 100.00187741, -0.416258407999978 ], [ 100.001793276, -0.416198311999954 ], [ 100.001709142, -0.416111172999928 ], [ 100.001634022, -0.416048071999968 ], [ 100.00150782, -0.415987975999948 ], [ 100.001351571, -0.415924875999964 ], [ 100.001153254, -0.415789659999977 ], [ 100.001066115, -0.415684491999973 ], [ 100.000984985, -0.415609371999945 ], [ 100.000879817, -0.415522231999946 ], [ 100.000777654, -0.415450116999987 ], [ 100.000672486, -0.415387016999945 ], [ 100.000558304, -0.415371992999955 ], [ 100.000423088, -0.415347953999972 ], [ 100.000305901, -0.415329924999984 ], [ 100.000176694, -0.415302881999936 ], [ 100.000008425, -0.415170670999943 ], [ 99.999795085000102, -0.415062497999951 ], [ 99.999674893000105, -0.414954325999932 ], [ 99.999398451, -0.414701921999955 ], [ 99.998941722, -0.414221154999956 ], [ 99.998304705000095, -0.413836539999975 ], [ 99.997313189000096, -0.41280455499998 ], [ 99.997126823000102, -0.41261058199996 ], [ 99.996789028000094, -0.412188338999961 ], [ 99.996742209, -0.412129814999964 ], [ 99.996069134, -0.411408662999981 ], [ 99.9955643280001, -0.411036067999934 ], [ 99.994698946000099, -0.410423088999955 ], [ 99.993893660000097, -0.409918282999979 ], [ 99.992896067000103, -0.409329341999976 ], [ 99.991525879000093, -0.40887261299998 ], [ 99.990035498, -0.40850001799993 ], [ 99.988797521, -0.408259633999942 ], [ 99.986742239000094, -0.407225982999935 ], [ 99.98508359, -0.406384638999951 ], [ 99.983448979, -0.405399064999931 ], [ 99.982571578, -0.404930316999989 ], [ 99.982078791000106, -0.404677913999942 ], [ 99.98150187, -0.403788492999981 ], [ 99.980979127000097, -0.402231385999922 ], [ 99.980998686000106, -0.402213706999931 ], [ 99.981180491, -0.40204937899995 ], [ 99.981307790000102, -0.401851780999955 ], [ 99.981417361000098, -0.401681698999937 ], [ 99.981577151000096, -0.401433668999979 ], [ 99.981665411, -0.401296669999966 ], [ 99.981879641, -0.400890758999937 ], [ 99.982100761000098, -0.400471789999936 ], [ 99.982255712, -0.400215448999975 ], [ 99.983938689000098, -0.39877919899994 ], [ 99.98447439, -0.398322028999925 ], [ 99.984620080000099, -0.398031569999946 ], [ 99.98478406, -0.397704658999944 ], [ 99.985174780000094, -0.396925700999931 ], [ 99.985760500000097, -0.396904348999961 ], [ 99.985763599, -0.396856993999969 ], [ 99.985778161, -0.396634498999959 ], [ 99.985785113000105, -0.396626114999951 ], [ 99.986217351, -0.39610484899993 ], [ 99.986559999000093, -0.39587642 ], [ 99.98707396, -0.395705098999951 ], [ 99.9878924920001, -0.395686060999942 ], [ 99.988406460000107, -0.395857387999973 ], [ 99.988653921000093, -0.39610484899993 ], [ 99.988678031000106, -0.396464188999976 ], [ 99.989015600000101, -0.397037598999935 ], [ 99.98932017, -0.397665770999933 ], [ 99.989605709, -0.398293949999926 ], [ 99.990176779000095, -0.398655629999948 ], [ 99.990900131, -0.398750808999982 ], [ 99.991167909000097, -0.39873407299996 ], [ 99.991509272000101, -0.398712738999957 ], [ 99.992042271000102, -0.398579488999933 ], [ 99.992556240000098, -0.398522379999976 ], [ 99.993355740000098, -0.398979238999972 ], [ 99.994155232000097, -0.399531269999951 ], [ 99.994787058, -0.399980201999941 ], [ 99.994878591000102, -0.400045235999936 ], [ 99.995449662000098, -0.400368842999968 ], [ 99.995521368000098, -0.400396259999983 ], [ 99.995592123000094, -0.400365066999946 ], [ 99.995652244, -0.400338561999947 ], [ 99.995734656000096, -0.40037289999998 ], [ 99.996065184000102, -0.400414967999962 ], [ 99.996263501, -0.400463043999937 ], [ 99.996479847, -0.400487082999982 ], [ 99.99658201, -0.400493091999981 ], [ 99.996810374, -0.400451024999944 ], [ 99.996918547, -0.400360880999933 ], [ 99.997062778, -0.400216650999947 ], [ 99.997279123000098, -0.400120496999934 ], [ 99.997465421000101, -0.400126506999925 ], [ 99.997717824000105, -0.400138525999985 ], [ 99.997934169000104, -0.400084439999949 ], [ 99.998192582, -0.399982276999937 ], [ 99.998354841, -0.399922180999975 ], [ 99.998667340000097, -0.399844055999946 ], [ 99.9988235900001, -0.399765930999935 ], [ 99.999057964000102, -0.399585642999968 ], [ 99.999111065000093, -0.399473539999977 ], [ 99.999112050000093, -0.39947146099996 ], [ 99.999129708, -0.399377284999957 ], [ 99.999148108000099, -0.399279153999939 ], [ 99.999148108000099, -0.399098865999975 ], [ 99.999136813000106, -0.398906848999954 ], [ 99.999180657000096, -0.398755830999961 ], [ 99.999300849000093, -0.398635638999965 ], [ 99.999475127, -0.398569532999941 ], [ 99.999573826000102, -0.398549792999982 ], [ 99.999595319, -0.398545494999953 ], [ 99.999733540000094, -0.398533475999961 ], [ 99.999781894000094, -0.398495866999954 ], [ 99.999834656000104, -0.398454829999941 ], [ 99.999841713000095, -0.398449340999953 ], [ 99.999883780000104, -0.398347177999943 ], [ 99.9998957990001, -0.398257033999931 ], [ 99.9998957990001, -0.398218213999937 ], [ 99.999828569, -0.39799917299997 ], [ 99.999819177, -0.397968573999956 ], [ 99.999318294, -0.39683015499998 ], [ 99.998925355, -0.396198645999966 ], [ 99.998307879, -0.395412767999971 ], [ 99.99791494, -0.395047895999937 ], [ 99.997297465000102, -0.393897145999973 ], [ 99.997143096, -0.393160385999985 ], [ 99.996729107000107, -0.39208682099997 ], [ 99.996497554000101, -0.391307958999965 ], [ 99.996560704, -0.390486997999975 ], [ 99.996672973, -0.389799355 ], [ 99.996616839000097, -0.389132761999984 ], [ 99.996546671, -0.388557386999941 ], [ 99.996546671, -0.388353900999963 ], [ 99.997079945000095, -0.387799575999974 ], [ 99.997283431000099, -0.38737155299998 ], [ 99.997430783000098, -0.385820848 ], [ 99.997451834, -0.384733248999969 ], [ 99.997255364000097, -0.382936956999969 ], [ 99.997385290000096, -0.382309064999965 ], [ 99.997427357, -0.382116757999942 ], [ 99.997469424000101, -0.381849330999959 ], [ 99.997493463000097, -0.381696085999981 ], [ 99.997478439000105, -0.381551855999942 ], [ 99.997370266000104, -0.38140762499996 ], [ 99.997284552000096, -0.381366482999962 ], [ 99.997268064000096, -0.38135856899993 ], [ 99.997220026, -0.381335509999937 ], [ 99.997075796, -0.381329500999926 ], [ 99.9969405800001, -0.381344523999935 ], [ 99.996832407, -0.381371567999965 ], [ 99.996801194000099, -0.381381104999953 ], [ 99.996724234000098, -0.381404619999962 ], [ 99.996649071, -0.381424855999971 ], [ 99.996608761000104, -0.381423098999961 ], [ 99.996525182000099, -0.38140627899998 ], [ 99.996451619000098, -0.381375920999968 ], [ 99.996416911, -0.381352638999945 ], [ 99.996357642000106, -0.381277490999938 ], [ 99.996242661, -0.381118708999961 ], [ 99.9961658510001, -0.381013788999949 ], [ 99.996083849, -0.380911598999949 ], [ 99.9960175800001, -0.380854779999943 ], [ 99.995999689000101, -0.380839439999932 ], [ 99.995843891, -0.380741189999982 ], [ 99.995693802, -0.380687100999977 ], [ 99.995571201000104, -0.380667578999976 ], [ 99.9954095, -0.380665678999956 ], [ 99.99527851, -0.380671228999973 ], [ 99.995176431, -0.380675748999982 ], [ 99.995066211, -0.380679519999944 ], [ 99.994946599000102, -0.380696148999962 ], [ 99.99478837, -0.380759488999955 ], [ 99.994663580000093, -0.380821878999941 ], [ 99.994651761, -0.380827788999966 ], [ 99.994518821, -0.38091545999993 ], [ 99.994395791, -0.381000808999949 ], [ 99.994080150000102, -0.381230968999945 ], [ 99.994065410000104, -0.381200522999957 ], [ 99.994056931, -0.381183009999969 ], [ 99.994007359000094, -0.381088768999976 ], [ 99.993964881000096, -0.381011039999975 ], [ 99.993891071, -0.380907458999957 ], [ 99.993792779, -0.380826189999938 ], [ 99.99377939, -0.38081511999997 ], [ 99.993713293, -0.380766377999971 ], [ 99.993713256, -0.380766349999938 ], [ 99.993687029, -0.380747009999936 ], [ 99.99359977, -0.380681147999952 ], [ 99.993522031000097, -0.380614597999968 ], [ 99.993414869, -0.380531489999959 ], [ 99.993339031, -0.38045687999994 ], [ 99.993282171, -0.380399649999967 ], [ 99.993146651000103, -0.380244018999977 ], [ 99.993052390000102, -0.380113240999946 ], [ 99.99301925, -0.380053858999933 ], [ 99.992980821, -0.379975650999934 ], [ 99.992930241000096, -0.379858668999936 ], [ 99.992881101000094, -0.379748768999944 ], [ 99.992838251000094, -0.379657920999932 ], [ 99.992806531, -0.379592589999964 ], [ 99.992795321000102, -0.37956950899997 ], [ 99.992722711000098, -0.379475236999954 ], [ 99.99271984, -0.379471509999972 ], [ 99.992612031000107, -0.37939249099998 ], [ 99.992490740000093, -0.379364329999935 ], [ 99.99237786, -0.379364339999944 ], [ 99.992194020000099, -0.379372649999941 ], [ 99.992095561, -0.379379808999952 ], [ 99.991987701000099, -0.379381568999974 ], [ 99.991870561, -0.379380719999969 ], [ 99.991825081000101, -0.37937536999993 ], [ 99.991809341000106, -0.379373518999958 ], [ 99.991776051, -0.379354228999947 ], [ 99.991735251000094, -0.379313797999946 ], [ 99.991658171, -0.379172379999954 ], [ 99.991637521000101, -0.379118750999965 ], [ 99.9916341200001, -0.379061958999965 ], [ 99.991637500000095, -0.378957748999946 ], [ 99.991653421000095, -0.37874637099998 ], [ 99.99166184, -0.378661540999939 ], [ 99.991661830000098, -0.378558967999939 ], [ 99.991645730000101, -0.378473650999988 ], [ 99.991624960000095, -0.378408628999988 ], [ 99.991571760000099, -0.378315209999924 ], [ 99.99146403, -0.378209659999925 ], [ 99.991307031000105, -0.378026086999977 ], [ 99.991234612000099, -0.377941409999956 ], [ 99.991038930000101, -0.378055699999949 ], [ 99.990927540000101, -0.378107538999929 ], [ 99.990803001000103, -0.378153140999938 ], [ 99.990694182000098, -0.378191819999935 ], [ 99.990637343000103, -0.378215467999953 ], [ 99.990548310000094, -0.378252509999921 ], [ 99.990537671000098, -0.378064790999939 ], [ 99.990537661000104, -0.377946437999921 ], [ 99.990534680000096, -0.377857738999975 ], [ 99.990520007, -0.377777012999962 ], [ 99.990519370000101, -0.377773508999958 ], [ 99.990492409000097, -0.377671249999937 ], [ 99.990419881, -0.377534788999984 ], [ 99.990366809000093, -0.377477765999968 ], [ 99.990336601000095, -0.377445308999937 ], [ 99.990242770000094, -0.377389089999949 ], [ 99.9901261, -0.377346868999947 ], [ 99.990058099000095, -0.377332909999955 ], [ 99.989981002, -0.377317089999974 ], [ 99.989843801000106, -0.377295929999948 ], [ 99.989719392, -0.377277419999933 ], [ 99.989617780000103, -0.377254148999951 ], [ 99.98951422, -0.377216099999951 ], [ 99.989391731000097, -0.377156170999972 ], [ 99.98928827, -0.377096409999984 ], [ 99.989153219, -0.377030859999941 ], [ 99.989016581, -0.376986069999935 ], [ 99.988910721000096, -0.376982918999948 ], [ 99.988769400000095, -0.376985700999968 ], [ 99.988619519, -0.376991139999977 ], [ 99.988447629000106, -0.376993838999971 ], [ 99.988306321000096, -0.376991268999983 ], [ 99.988187941, -0.376974569999966 ], [ 99.988178079000093, -0.376973178999945 ], [ 99.988126560000097, -0.376948429999977 ], [ 99.988093970000094, -0.376913807999933 ], [ 99.988058221000102, -0.376599258999938 ], [ 99.988053891, -0.376461140999936 ], [ 99.988055620000097, -0.376322578999986 ], [ 99.98806211, -0.376221980999965 ], [ 99.988087701000097, -0.37612041999995 ], [ 99.988141161, -0.376002960999924 ], [ 99.988193930000094, -0.375918109999939 ], [ 99.988250731000093, -0.375855549999929 ], [ 99.98831479, -0.375757600999973 ], [ 99.988328141000096, -0.375646270999942 ], [ 99.988322191000094, -0.375537518999977 ], [ 99.988269450000104, -0.375430118999934 ], [ 99.988201637, -0.375357598999926 ], [ 99.988181142000101, -0.375335680999971 ], [ 99.988066171000099, -0.375259529999936 ], [ 99.987948941000099, -0.375186398999979 ], [ 99.987787199000095, -0.375125100999978 ], [ 99.9876357200001, -0.375098728999952 ], [ 99.987479800000102, -0.375082127999971 ], [ 99.987294801000104, -0.375063340999936 ], [ 99.9871387190001, -0.37503991999995 ], [ 99.987015131000106, -0.37500841999998 ], [ 99.986895231, -0.374956699999932 ], [ 99.986882746, -0.374949119999945 ], [ 99.986806531000099, -0.374902848999962 ], [ 99.986737371, -0.374811258999954 ], [ 99.986674629, -0.374676048999967 ], [ 99.98663645, -0.374534058999936 ], [ 99.986584171, -0.374222998999929 ], [ 99.98655355, -0.374032538999935 ], [ 99.986511599, -0.373896068999961 ], [ 99.986455581000101, -0.373765829999974 ], [ 99.98639426, -0.373657357999952 ], [ 99.986344530000096, -0.373565438999945 ], [ 99.986294311, -0.373479429999985 ], [ 99.986256120000107, -0.373400719999954 ], [ 99.98617949, -0.373275988999986 ], [ 99.986094960000102, -0.373155938999952 ], [ 99.986002550000094, -0.373044138999956 ], [ 99.98592095, -0.37295350899996 ], [ 99.985838892, -0.372874438999934 ], [ 99.985740920000097, -0.372747880999963 ], [ 99.985710200000099, -0.372684037999942 ], [ 99.985700751000095, -0.372607278999967 ], [ 99.98569792, -0.372548036999943 ], [ 99.9856953, -0.372493209999969 ], [ 99.985675010000094, -0.372353549999958 ], [ 99.98560812, -0.372240168999952 ], [ 99.985583802000093, -0.372217369999936 ], [ 99.98551953, -0.372157110999985 ], [ 99.98539321, -0.372111638999966 ], [ 99.985144670000096, -0.372011059999972 ], [ 99.9850845980001, -0.371974316999966 ], [ 99.9850048200001, -0.37192551999994 ], [ 99.984980800000102, -0.371890288999969 ], [ 99.984930961, -0.371835208999933 ], [ 99.984875161, -0.371772908999964 ], [ 99.98484055, -0.371729968999953 ], [ 99.984809, -0.371682677999963 ], [ 99.984798210000093, -0.371641518999983 ], [ 99.984794711, -0.371566859999979 ], [ 99.984777819, -0.371486728999967 ], [ 99.984712181000106, -0.371367588999927 ], [ 99.984625722, -0.371299078999933 ], [ 99.984612410000096, -0.371288529999959 ], [ 99.9845312610001, -0.371228168999958 ], [ 99.98436301, -0.371112059999983 ], [ 99.984361335000102, -0.371111002999961 ], [ 99.984259405, -0.37104665999994 ], [ 99.984249060000096, -0.371040129999929 ], [ 99.984234628000095, -0.37103472699994 ], [ 99.984500855000107, -0.370965507999926 ], [ 99.984529054000106, -0.370936100999931 ], [ 99.984611746, -0.370854662999931 ], [ 99.98466061, -0.370798283999937 ], [ 99.984673765000096, -0.370782308999939 ], [ 99.984683788, -0.370771659999944 ], [ 99.984692324, -0.370759913999963 ], [ 99.984703287, -0.370746445999949 ], [ 99.984713623000104, -0.370733916999946 ], [ 99.984729520000101, -0.37071559299995 ], [ 99.9847443190001, -0.37069539099997 ], [ 99.984774624000096, -0.370660466999938 ], [ 99.98479287, -0.370642142999938 ], [ 99.984827951000099, -0.370603303999937 ], [ 99.984859822, -0.370575270999952 ], [ 99.984889892000098, -0.370545201999965 ], [ 99.984934996, -0.370495085999954 ], [ 99.985000148, -0.370439959999949 ], [ 99.985122384000107, -0.370325790999971 ], [ 99.98523264, -0.370195490999951 ], [ 99.985323398, -0.370101681999925 ], [ 99.985360985000099, -0.370066600999967 ], [ 99.9854737470001, -0.369987668999961 ], [ 99.985566462000094, -0.36985736999998 ], [ 99.985580244, -0.369799736999935 ], [ 99.985587761, -0.369737092999976 ], [ 99.985595279000094, -0.369649390999943 ], [ 99.985599037, -0.369582988999987 ], [ 99.985599037, -0.369549160999964 ], [ 99.985606555000103, -0.369436401999965 ], [ 99.985629107000094, -0.36937125199995 ], [ 99.985653539, -0.36933115999995 ], [ 99.985653539, -0.369301089999971 ], [ 99.985654792, -0.369280417999965 ], [ 99.985656045, -0.369257865999947 ], [ 99.985665441, -0.369235313999978 ], [ 99.985669200000103, -0.369210255999983 ], [ 99.985676091000101, -0.369175801999979 ], [ 99.985682356, -0.369146359999948 ], [ 99.985689247, -0.369105640999977 ], [ 99.985707414, -0.369061789999931 ], [ 99.9857193160001, -0.369008542999956 ], [ 99.985734351000104, -0.368959679999929 ], [ 99.985756277, -0.368897662999928 ], [ 99.985763795000096, -0.368830006999926 ], [ 99.985772565, -0.368757339999952 ], [ 99.985783841, -0.368734787999927 ], [ 99.985777577000107, -0.368708476999932 ], [ 99.985777577000107, -0.368683419999973 ], [ 99.985775071, -0.368658361999963 ], [ 99.985771312, -0.368599476999977 ], [ 99.985777577000107, -0.368553119999944 ], [ 99.985797623, -0.368499245999948 ], [ 99.985816417000095, -0.368445371999945 ], [ 99.985833957000096, -0.368400268999955 ], [ 99.985843981000102, -0.368357670999962 ], [ 99.985855257000097, -0.368296278999933 ], [ 99.985860269000099, -0.368267462999945 ], [ 99.985869039000093, -0.368239899999943 ], [ 99.985877809, -0.368182266999951 ], [ 99.985895350000106, -0.368115863999953 ], [ 99.985907879000095, -0.368068254999966 ], [ 99.985946719000097, -0.367954242999934 ], [ 99.986004353000098, -0.367822689999973 ], [ 99.986054469000095, -0.36768487299998 ], [ 99.986082033000102, -0.367607194999955 ], [ 99.986117115000098, -0.367529515999943 ], [ 99.986152196, -0.367451836999977 ], [ 99.986192915000103, -0.367355365 ], [ 99.986221106000102, -0.367290214999976 ], [ 99.986245538, -0.367205018999931 ], [ 99.986260572, -0.36715427799993 ], [ 99.986273102, -0.367097271999971 ], [ 99.9862906420001, -0.367042144999972 ], [ 99.986310689, -0.366964465999963 ], [ 99.986345770000099, -0.366839177999975 ], [ 99.986375856000095, -0.366748025999927 ], [ 99.986391453000095, -0.366758139999951 ], [ 99.986592045000094, -0.36594195799995 ], [ 99.986628983000102, -0.365319300999942 ], [ 99.986646310000097, -0.365027216999981 ], [ 99.986662208, -0.364759236999928 ], [ 99.986654005000048, -0.36468730699994 ], [ 99.98652327700006, -0.364730103999932 ], [ 99.986119797000072, -0.364066216999959 ], [ 99.986218234000034, -0.363439741999969 ], [ 99.986216025000033, -0.363420896999969 ], [ 99.986495864000062, -0.363136775999976 ], [ 99.986693149000075, -0.363172333999955 ], [ 99.986797130000099, -0.363071591999923 ], [ 99.986869245, -0.362885293999967 ], [ 99.986919368000102, -0.362434188999945 ], [ 99.986923332, -0.362398516999977 ], [ 99.9870315040001, -0.362043950999978 ], [ 99.987127658000105, -0.361755489999955 ], [ 99.987229821000099, -0.361497076999968 ], [ 99.987347242, -0.361237773999968 ], [ 99.987374052000106, -0.361178568999955 ], [ 99.987422128, -0.361058376999952 ], [ 99.9876324640001, -0.360727848999947 ], [ 99.987572368000102, -0.360451406999968 ], [ 99.987488234000097, -0.360114869999973 ], [ 99.987380061000096, -0.359766312999971 ], [ 99.987151696000097, -0.359333621999951 ], [ 99.987043524, -0.359009103999946 ], [ 99.987776695, -0.358876892999953 ], [ 99.989218998000098, -0.358864873999959 ], [ 99.990613225000104, -0.358792758999924 ], [ 99.992488219, -0.358636508999949 ], [ 99.994194945000103, -0.358744681999959 ], [ 99.995264653, -0.358961026999965 ], [ 99.995889651000098, -0.359189391999959 ], [ 99.997175705000103, -0.35961006399998 ], [ 99.997692530000094, -0.35981438999994 ], [ 99.997871051000104, -0.359892131999975 ], [ 99.997912181000103, -0.359858148999932 ], [ 99.99801432, -0.359801908999942 ], [ 99.998144061000104, -0.359743678999961 ], [ 99.998217301000096, -0.359711888999928 ], [ 99.998269520000093, -0.359683239999924 ], [ 99.99830204, -0.359659608999946 ], [ 99.998332469, -0.359624859999949 ], [ 99.998334774, -0.359621816999955 ], [ 99.998352238, -0.359598760999976 ], [ 99.998390780000094, -0.359547878999931 ], [ 99.998445899, -0.359477198999976 ], [ 99.998505961, -0.359407268999985 ], [ 99.99866367, -0.359227589999932 ], [ 99.998852960000093, -0.359039390999963 ], [ 99.998994791000101, -0.358864258999979 ], [ 99.999107620000103, -0.358757229999983 ], [ 99.999123960000105, -0.358755528999952 ], [ 99.999201110000101, -0.358747489999929 ], [ 99.999404210000094, -0.358753959999951 ], [ 99.99960683, -0.35885628999995 ], [ 99.99968979, -0.358901549999938 ], [ 99.999762280000098, -0.358931879999945 ], [ 99.999865880000101, -0.358963519999982 ], [ 99.99996179, -0.358975319999954 ], [ 99.99999999, -0.358978919999966 ], [ 100.00009653, -0.358988019999975 ], [ 100.00017551, -0.35897715999995 ], [ 100.00025371, -0.358932159999937 ], [ 100.000261547, -0.35892602099995 ], [ 100.0002843, -0.358908199999972 ], [ 100.00031973, -0.358889249999946 ], [ 100.00033588, -0.358884319999964 ], [ 100.00043057, -0.358900549999932 ], [ 100.00047999, -0.358937329999952 ], [ 100.00053525, -0.358991099999974 ], [ 100.000608469, -0.359042109999967 ], [ 100.00064685, -0.359068849999982 ], [ 100.00074626, -0.359115539999949 ], [ 100.00082915, -0.359141209999973 ], [ 100.000926479, -0.359164629999954 ], [ 100.001043749, -0.359173047999944 ], [ 100.00115807, -0.359171080999951 ], [ 100.001269031, -0.359164749999944 ], [ 100.00143027, -0.359122519999975 ], [ 100.001521399, -0.359070648999937 ], [ 100.001574101, -0.359048090999975 ], [ 100.001628889, -0.359036349999942 ], [ 100.00167709, -0.359038409999928 ], [ 100.001736271, -0.359058260999977 ], [ 100.001810501, -0.359103369999965 ], [ 100.00189001, -0.359168068999969 ], [ 100.002144431, -0.35935585899995 ], [ 100.00227456, -0.359419009999955 ], [ 100.002470621, -0.359447769999979 ], [ 100.002751751, -0.359473459999958 ], [ 100.002810322, -0.359495568999932 ], [ 100.002887701, -0.359540489999978 ], [ 100.002973022, -0.359602950999942 ], [ 100.00309311, -0.359654748999966 ], [ 100.003202761, -0.359667 ], [ 100.003287879, -0.359664739999978 ], [ 100.003414901, -0.35964644999996 ], [ 100.003679191, -0.35958174999996 ], [ 100.003747949, -0.359538979999973 ], [ 100.003774061, -0.359467018999967 ], [ 100.00377128, -0.35939212899996 ], [ 100.003793072, -0.359328149999953 ], [ 100.003843271, -0.35930095799995 ], [ 100.00393214, -0.359292069999929 ], [ 100.004109871, -0.359274300999971 ], [ 100.004219261, -0.359262738999972 ], [ 100.004262241, -0.359246380999933 ], [ 100.004321431, -0.359201990999965 ], [ 100.004383249, -0.359143900999926 ], [ 100.004431892, -0.359075868999981 ], [ 100.004488321, -0.358970118999934 ], [ 100.00449705, -0.358952539999966 ], [ 100.00454488, -0.358856198999953 ], [ 100.00466992, -0.358741950999959 ], [ 100.004800582, -0.35867709099995 ], [ 100.0050272, -0.358525800999935 ], [ 100.00527104, -0.35872069999994 ], [ 100.00534498, -0.35876461999993 ], [ 100.005447361, -0.358780469999943 ], [ 100.00558158, -0.358790238999977 ], [ 100.00572265, -0.358848829999947 ], [ 100.00588511, -0.358961598999936 ], [ 100.006117691, -0.359134800999931 ], [ 100.006106232, -0.359246429999928 ], [ 100.00610062, -0.359301128999971 ], [ 100.006105492, -0.359394228999977 ], [ 100.00614942, -0.359486128999948 ], [ 100.006259409, -0.35960125099997 ], [ 100.006381541, -0.359712068999955 ], [ 100.006479339, -0.359817399999949 ], [ 100.00661724, -0.359944208999934 ], [ 100.006742411, -0.36007567999997 ], [ 100.0068312, -0.360186918999946 ], [ 100.006897831, -0.360275819999974 ], [ 100.006977352, -0.360346678999982 ], [ 100.00703737, -0.36037479899995 ], [ 100.007106239, -0.360380977999976 ], [ 100.007186359, -0.360384069999961 ], [ 100.0072854, -0.360379908999965 ], [ 100.007376651, -0.360349709999979 ], [ 100.00747376, -0.360298328999936 ], [ 100.007624149, -0.360237749999958 ], [ 100.007743449, -0.360221878999941 ], [ 100.00787043, -0.360227848999951 ], [ 100.0080225, -0.360247648999975 ], [ 100.00815337, -0.360267149999981 ], [ 100.00825509, -0.360268599999935 ], [ 100.008363312, -0.360255509999944 ], [ 100.00844865, -0.360230388999979 ], [ 100.008520801, -0.360189078999955 ], [ 100.008601962, -0.360140039999977 ], [ 100.00861938, -0.360131698999972 ], [ 100.008896531, -0.359998898999951 ], [ 100.00898338, -0.359988530999952 ], [ 100.009022471, -0.360022038999955 ], [ 100.009105731, -0.360232597999921 ], [ 100.009154912, -0.36028759899995 ], [ 100.0091874, -0.360323919999928 ], [ 100.009258621, -0.360374898999975 ], [ 100.009382839, -0.360487768999983 ], [ 100.009448261, -0.360536768999968 ], [ 100.009547341, -0.360602718999924 ], [ 100.009595409, -0.360630169999978 ], [ 100.00971966, -0.360672338999958 ], [ 100.00981307, -0.360687489999983 ], [ 100.009968299, -0.360708858999944 ], [ 100.0101554, -0.360718579999968 ], [ 100.010210898, -0.360716826999981 ], [ 100.010227571, -0.360716299999985 ], [ 100.01025842, -0.360715328999956 ], [ 100.010613961, -0.360699669999971 ], [ 100.011178548, -0.361117446999974 ], [ 100.011750743, -0.361469566999979 ], [ 100.012129273, -0.361689641999932 ], [ 100.013106407, -0.361971337999938 ], [ 100.014655736, -0.361680838999979 ], [ 100.015139902, -0.361381536999949 ], [ 100.015580052, -0.360624477999985 ], [ 100.016222672, -0.360554053999977 ], [ 100.017050155, -0.361196673999934 ], [ 100.017886441, -0.361003007999965 ], [ 100.018749135, -0.360518841999974 ], [ 100.019140869, -0.360039077999946 ], [ 100.019422566, -0.35956371599998 ], [ 100.020082791, -0.359202791999967 ], [ 100.020514139, -0.359326033999939 ], [ 100.020989501, -0.359678154999925 ], [ 100.021447258, -0.36012710799997 ], [ 100.021702545, -0.360567258999942 ], [ 100.022045862, -0.36122748399993 ], [ 100.022283543, -0.361350725999966 ], [ 100.02258332, -0.36139886699993 ], [ 100.022764482, -0.361310971999961 ], [ 100.022896521, -0.36124690799995 ], [ 100.023174969, -0.361160398999974 ], [ 100.023242729, -0.361148634999958 ], [ 100.023378301, -0.361125098999947 ], [ 100.023535059, -0.361117739999949 ], [ 100.02371445, -0.361136428999939 ], [ 100.02395599, -0.361232187999971 ], [ 100.02423513, -0.361335860999938 ], [ 100.024525141, -0.361409258999977 ], [ 100.024731471, -0.361502209999967 ], [ 100.024871549, -0.361616148999938 ], [ 100.024982841, -0.361712409999945 ], [ 100.02509805, -0.361813239999949 ], [ 100.025178991, -0.361875798999969 ], [ 100.025298701, -0.361932410999937 ], [ 100.025493922, -0.361991348999941 ], [ 100.025522865, -0.361999871999968 ], [ 100.02570063, -0.362052219999953 ], [ 100.025891561, -0.362098268999948 ], [ 100.026212162, -0.362111617999974 ], [ 100.026450791, -0.362134639999965 ], [ 100.026704001, -0.362245269999962 ], [ 100.026959359, -0.362428578999928 ], [ 100.027136311, -0.362620649999947 ], [ 100.027345761, -0.36278897899996 ], [ 100.0278857, -0.363170059999965 ], [ 100.02809222, -0.363313169999974 ], [ 100.02829922, -0.363447688999942 ], [ 100.028554839, -0.363563610999957 ], [ 100.028924109, -0.363648868999983 ], [ 100.029223891, -0.363658619999972 ], [ 100.029468781, -0.363653697999951 ], [ 100.029708311, -0.363613479 ], [ 100.029912642, -0.363519668999975 ], [ 100.03002571, -0.36343780899996 ], [ 100.030107612, -0.36337850099995 ], [ 100.030302411, -0.363230930999977 ], [ 100.030364967, -0.363199130999931 ], [ 100.030506721, -0.363127070999962 ], [ 100.030718891, -0.36308838799994 ], [ 100.03091252, -0.363036260999934 ], [ 100.031101399, -0.362987340999949 ], [ 100.031278031, -0.362966150999968 ], [ 100.03145053, -0.363008148999944 ], [ 100.031563841, -0.363143428999939 ], [ 100.031629329, -0.363282978999967 ], [ 100.031688821, -0.363407737999986 ], [ 100.031742001, -0.363502889999959 ], [ 100.031812451, -0.363586928999948 ], [ 100.031936311, -0.363664649999976 ], [ 100.032055821, -0.363729809999947 ], [ 100.03224215, -0.363831168999982 ], [ 100.032382041, -0.363897167999934 ], [ 100.03248568, -0.363907719999932 ], [ 100.032513181, -0.363906959999957 ], [ 100.0334329, -0.363368029999951 ], [ 100.033455431, -0.363343988999933 ], [ 100.03357679, -0.363195868999987 ], [ 100.03372853, -0.363087350999932 ], [ 100.03390404, -0.363038128999962 ], [ 100.03399592, -0.363038118999954 ], [ 100.034082149, -0.36303810099997 ], [ 100.034241181, -0.363051859999934 ], [ 100.03439876, -0.363051840999962 ], [ 100.03460048, -0.363107068999974 ], [ 100.034804801, -0.36321253999995 ], [ 100.034944746, -0.363292924999935 ], [ 100.034961451, -0.363302518999943 ], [ 100.03498743, -0.363317438999957 ], [ 100.035076169, -0.363447528999927 ], [ 100.035136249, -0.363506779999969 ], [ 100.035291261, -0.363581070999949 ], [ 100.035379111, -0.363615860999966 ], [ 100.035461631, -0.363631188999934 ], [ 100.03559719, -0.363623589999976 ], [ 100.035851997, -0.363600673999948 ], [ 100.036057861, -0.363582158999983 ], [ 100.036236466, -0.363573967999975 ], [ 100.036260179, -0.363572880999929 ], [ 100.03629926, -0.363577691999975 ], [ 100.036328699, -0.363581315999968 ], [ 100.036331172, -0.363581620999986 ], [ 100.036329833, -0.363580903999948 ], [ 100.036334994, -0.363579026999953 ], [ 100.036334618, -0.363567007999959 ], [ 100.036333116, -0.363559871999938 ], [ 100.036321097, -0.363542969999972 ], [ 100.036312082, -0.363532076999949 ], [ 100.036306244, -0.363525363999941 ], [ 100.036310204, -0.363444186999975 ], [ 100.036322223, -0.363119668999954 ], [ 100.036346262, -0.362698996999941 ], [ 100.036442415, -0.362314382999958 ], [ 100.036514531, -0.36192976799993 ], [ 100.036598665, -0.361605249999973 ], [ 100.036682799, -0.361388904999962 ], [ 100.036730876, -0.361208616999935 ], [ 100.036730876, -0.360980251999939 ], [ 100.036694819, -0.360739867999941 ], [ 100.036550588, -0.360391310999945 ], [ 100.036418377, -0.359970639999981 ], [ 100.036141936, -0.35970621699995 ], [ 100.036190012, -0.359465832999945 ], [ 100.036430396, -0.359093237999961 ], [ 100.036658761, -0.358852854999948 ], [ 100.036863087, -0.358756700999951 ], [ 100.037139529, -0.358672566999932 ], [ 100.037343855, -0.35861247099996 ], [ 100.037548181, -0.358504297999967 ], [ 100.037692412, -0.358299971999952 ], [ 100.037824623, -0.358047567999965 ], [ 100.037848661, -0.357759107999931 ], [ 100.037800584, -0.357362473999954 ], [ 100.037788565, -0.356941801999937 ], [ 100.037788565, -0.356557187999959 ], [ 100.037776546, -0.355980266999958 ], [ 100.03757222, -0.355319210999942 ], [ 100.037440009, -0.355054788999948 ], [ 100.037235682, -0.354634116999933 ], [ 100.037151548, -0.354249502999956 ], [ 100.037139529, -0.353876907999968 ], [ 100.037139529, -0.353600465999942 ], [ 100.037199625, -0.35331200599996 ], [ 100.037256774, -0.353317048999951 ], [ 100.03725704, -0.353317071999927 ], [ 100.037608277, -0.353348062999945 ], [ 100.038065007, -0.353504312999969 ], [ 100.038738082, -0.353672580999964 ], [ 100.039266926, -0.353780753999957 ], [ 100.039675579, -0.353949022999925 ], [ 100.039831828, -0.353997099999955 ], [ 100.040065424, -0.354070098999964 ], [ 100.040216443, -0.354117291999959 ], [ 100.040575099, -0.35413970799993 ], [ 100.040601057, -0.354141329999945 ], [ 100.040927074, -0.354086993999947 ], [ 100.041177978, -0.354045175999947 ], [ 100.041490477, -0.353949022999925 ], [ 100.042091437, -0.353708638999933 ], [ 100.042524128, -0.353516331999976 ], [ 100.042989103, -0.353446585999967 ], [ 100.043004896, -0.353444216999946 ], [ 100.044014508, -0.353564408999946 ], [ 100.044519315, -0.353636523999967 ], [ 100.044976044, -0.353732676999925 ], [ 100.045288543, -0.353828830999939 ], [ 100.045366002, -0.353844322999973 ], [ 100.045769311, -0.353924984999939 ], [ 100.045843325, -0.353933691999947 ], [ 100.046177963, -0.353973060999976 ], [ 100.046471101, -0.35405123099998 ], [ 100.046538539, -0.354069214999928 ], [ 100.046995269, -0.354309598999977 ], [ 100.04702743, -0.354329174999981 ], [ 100.047040686, -0.354337243999973 ], [ 100.0470645, -0.354328679999982 ], [ 100.04720014, -0.354310379999968 ], [ 100.04732738, -0.354265339999935 ], [ 100.04748118, -0.354156979999977 ], [ 100.04752548, -0.35411124999996 ], [ 100.04765854, -0.35397390999998 ], [ 100.04768424, -0.353933 ], [ 100.047795889, -0.353755259999957 ], [ 100.04789152, -0.353635297999976 ], [ 100.047946961, -0.353592048999929 ], [ 100.048003791, -0.353572510999932 ], [ 100.048029968, -0.353570693999933 ], [ 100.048054015, -0.353569023999968 ], [ 100.04808419, -0.353566928999957 ], [ 100.04822004, -0.353618518999949 ], [ 100.048348629, -0.353690598999947 ], [ 100.048419827, -0.35377972699997 ], [ 100.048427179, -0.353788930999943 ], [ 100.04855637, -0.354117329999955 ], [ 100.04858919, -0.354186458999952 ], [ 100.048612231, -0.354234989999954 ], [ 100.048664599, -0.354289428999955 ], [ 100.04869451, -0.354298690999946 ], [ 100.04878166, -0.35432569099993 ], [ 100.04888932, -0.354321448999943 ], [ 100.048916301, -0.354307188999949 ], [ 100.04894313, -0.354285758999941 ], [ 100.048965089, -0.354259629999951 ], [ 100.04899731, -0.354210349999965 ], [ 100.0490278, -0.354134859999928 ], [ 100.04905741, -0.354015580999942 ], [ 100.049096071, -0.353924739999969 ], [ 100.04918173, -0.353797749999957 ], [ 100.049292581, -0.353741929999954 ], [ 100.04938347, -0.35371543999997 ], [ 100.049510971, -0.353713168999949 ], [ 100.049614251, -0.353737489999956 ], [ 100.049733582, -0.353786619999938 ], [ 100.0498684, -0.353847099999938 ], [ 100.050025471, -0.353910660999932 ], [ 100.05003813, -0.353916119999956 ], [ 100.050168121, -0.35397219 ], [ 100.05028039, -0.35400621899994 ], [ 100.050380449, -0.354011370999963 ], [ 100.05043845, -0.354005108999969 ], [ 100.050479891, -0.353985419999953 ], [ 100.050488409, -0.353975960999953 ], [ 100.050496259, -0.353949208999961 ], [ 100.050499841, -0.353873090999976 ], [ 100.05048996, -0.353784889999933 ], [ 100.050451992, -0.353686068999938 ], [ 100.050400701, -0.353589799999957 ], [ 100.050384061, -0.353567779999943 ], [ 100.050176961, -0.353293748999929 ], [ 100.049845351, -0.35291089899994 ], [ 100.049751431, -0.352790419999965 ], [ 100.04969387, -0.352672618999984 ], [ 100.049649931, -0.352559850999974 ], [ 100.049649919, -0.352432970999925 ], [ 100.0496744, -0.35230220999995 ], [ 100.049778051, -0.352164630999939 ], [ 100.049895051, -0.352082380999949 ], [ 100.0500274, -0.352030668999938 ], [ 100.050136812, -0.352003597999954 ], [ 100.05025328, -0.351989788999968 ], [ 100.05032499, -0.351978450999988 ], [ 100.05034738, -0.351971789999942 ], [ 100.050330351, -0.351895479999946 ], [ 100.05033279, -0.351750499999982 ], [ 100.05040037, -0.351620049999946 ], [ 100.050522712, -0.351525499999981 ], [ 100.050695291, -0.351502698999988 ], [ 100.050851411, -0.351571938999938 ], [ 100.050950731, -0.351679789999942 ], [ 100.050998589, -0.351811688999941 ], [ 100.051030081, -0.351912820999939 ], [ 100.05108962, -0.351840190999961 ], [ 100.051155111, -0.351739689999939 ], [ 100.051234601, -0.351625628999964 ], [ 100.05135867, -0.351536009999971 ], [ 100.05151854, -0.351523369999942 ], [ 100.051653161, -0.351595858999936 ], [ 100.05171967, -0.351696249999977 ], [ 100.05174968, -0.351804458999944 ], [ 100.051751521, -0.351926440999937 ], [ 100.051785911, -0.351902108999987 ], [ 100.05199301, -0.351671459999983 ], [ 100.052082002, -0.351581830999984 ], [ 100.052174599, -0.351506948999942 ], [ 100.05223493, -0.351428319999972 ], [ 100.052285742, -0.35128659999998 ], [ 100.05232657, -0.350904808999931 ], [ 100.052370411, -0.350790028999943 ], [ 100.052478351, -0.35070307999996 ], [ 100.052603179, -0.35067037999995 ], [ 100.05271967, -0.350668410999966 ], [ 100.05286248, -0.350671708999926 ], [ 100.052954511, -0.350671698999983 ], [ 100.053075379, -0.350670098999966 ], [ 100.053206381, -0.350661198999952 ], [ 100.05331339, -0.350637088999982 ], [ 100.0534575, -0.350588708999968 ], [ 100.05362126, -0.350545098999929 ], [ 100.053782429, -0.350547588999985 ], [ 100.053910941, -0.35062644999994 ], [ 100.053934671, -0.350669439999939 ], [ 100.05399444, -0.350777710999987 ], [ 100.054023741, -0.350904870999957 ], [ 100.05405151, -0.350996328999949 ], [ 100.054079359, -0.351034418999975 ], [ 100.05413443, -0.351057709999965 ], [ 100.05424521, -0.351061219999966 ], [ 100.054313511, -0.351043768999954 ], [ 100.054392011, -0.350991060999956 ], [ 100.05449281, -0.350909868999965 ], [ 100.05455223, -0.350874848999981 ], [ 100.054566939, -0.350859599999981 ], [ 100.05457139, -0.350836719999967 ], [ 100.05456556, -0.350788930999962 ], [ 100.054509531, -0.350680108999947 ], [ 100.054426721, -0.350550278999955 ], [ 100.054349519, -0.350417599999965 ], [ 100.054338431, -0.350376709999987 ], [ 100.054306931, -0.350260519999956 ], [ 100.054336, -0.350120719999947 ], [ 100.054447921, -0.350000738999939 ], [ 100.05461701, -0.349986820999969 ], [ 100.05464791, -0.350002369999971 ], [ 100.054841439, -0.349856389999957 ], [ 100.05489423, -0.349810828999984 ], [ 100.05491804, -0.349777529999925 ], [ 100.054927127, -0.349752689999943 ], [ 100.05493849, -0.349721628999942 ], [ 100.054942441, -0.349617840999946 ], [ 100.054942439, -0.349528589999979 ], [ 100.0549307, -0.349405899999964 ], [ 100.05491797, -0.349239558999953 ], [ 100.054917951, -0.349063149999953 ], [ 100.05492055, -0.348944968999944 ], [ 100.05493638, -0.348801347999947 ], [ 100.054967911, -0.348629318999949 ], [ 100.055018111, -0.348461659999947 ], [ 100.055088661, -0.348282820999945 ], [ 100.055137621, -0.348112479999943 ], [ 100.055159561, -0.347935659999967 ], [ 100.055157461, -0.347782817999928 ], [ 100.055114431, -0.347624778999954 ], [ 100.05502596, -0.34737364999995 ], [ 100.054855892, -0.347106349999932 ], [ 100.054777661, -0.346982988999976 ], [ 100.054708971, -0.346833669999969 ], [ 100.05466781, -0.346699829999977 ], [ 100.054672262, -0.346569400999962 ], [ 100.05475513, -0.346435178999969 ], [ 100.0548568, -0.346329949999936 ], [ 100.054948301, -0.346248648999965 ], [ 100.05511406, -0.346126459999942 ], [ 100.055292699, -0.346090468999945 ], [ 100.05548111, -0.346096198999929 ], [ 100.05563279, -0.346127860999968 ], [ 100.055780939, -0.346185010999934 ], [ 100.05591086, -0.34621552799997 ], [ 100.056021161, -0.346228079999949 ], [ 100.05610719, -0.346223168999924 ], [ 100.05616329, -0.346190528999962 ], [ 100.05621592, -0.346114339999934 ], [ 100.05627262, -0.34597599899997 ], [ 100.056328279, -0.345819520999962 ], [ 100.056375049, -0.345643508999962 ], [ 100.056444, -0.345461878999969 ], [ 100.056533981, -0.345291319999942 ], [ 100.05664326, -0.345124989999932 ], [ 100.05670102, -0.345040427999957 ], [ 100.05677931, -0.344959533999939 ], [ 100.0567821, -0.344956649999971 ], [ 100.05680548, -0.344932498999928 ], [ 100.056913251, -0.344833009999953 ], [ 100.056969881, -0.344746567999948 ], [ 100.057012811, -0.344614779999977 ], [ 100.057040521, -0.344467629999944 ], [ 100.057100951, -0.344317069999926 ], [ 100.05721379, -0.344192369999974 ], [ 100.057328731, -0.344043248999979 ], [ 100.057374791, -0.343946609999932 ], [ 100.057404622, -0.343818899999984 ], [ 100.05748419, -0.343665609999963 ], [ 100.05765578, -0.343547048999942 ], [ 100.057843181, -0.343497538999942 ], [ 100.05800468, -0.34349475999995 ], [ 100.05809305, -0.34349474999994 ], [ 100.05818116, -0.343470859999976 ], [ 100.05824587, -0.34342691099995 ], [ 100.058293831, -0.343355358999939 ], [ 100.058355861, -0.343242448999949 ], [ 100.058424139, -0.343129948999949 ], [ 100.05851936, -0.343056187999934 ], [ 100.058673941, -0.342984117999953 ], [ 100.058760451, -0.342958488999966 ], [ 100.058870372, -0.342914210999932 ], [ 100.05899707, -0.34287668899998 ], [ 100.059056179, -0.342855099999958 ], [ 100.059225521, -0.342793258999966 ], [ 100.059459691, -0.342748079999982 ], [ 100.0596522, -0.342692448999973 ], [ 100.059667351, -0.342685270999937 ], [ 100.060001649, -0.342527068999971 ], [ 100.06024093, -0.342432448999954 ], [ 100.060469841, -0.342379259999979 ], [ 100.060570991, -0.342382077999962 ], [ 100.06061627, -0.34237984899994 ], [ 100.06066378, -0.342369017999938 ], [ 100.060725061, -0.342331580999937 ], [ 100.060813529, -0.342246818999973 ], [ 100.060923731, -0.342161068999937 ], [ 100.061025381, -0.342095368999937 ], [ 100.061083179, -0.342050518999948 ], [ 100.061142691, -0.341982198999976 ], [ 100.06119968, -0.341888298999958 ], [ 100.061343911, -0.341582968999943 ], [ 100.061583999, -0.341010118999975 ], [ 100.061913511, -0.340435290999953 ], [ 100.06230783, -0.339849059999954 ], [ 100.062596651, -0.339398928999967 ], [ 100.062690919, -0.339268418999955 ], [ 100.06289195, -0.338863528999984 ], [ 100.063049421, -0.338500019999972 ], [ 100.06315242, -0.338265428999939 ], [ 100.06325277, -0.338043099999941 ], [ 100.063348151, -0.337872089999967 ], [ 100.063394622, -0.337711328999948 ], [ 100.063575761, -0.337380988999946 ], [ 100.063949061, -0.336890469999967 ], [ 100.06427053, -0.336556489999969 ], [ 100.064674969, -0.336316428999964 ], [ 100.064758131, -0.336268958999939 ], [ 100.06476491, -0.336260769999978 ], [ 100.064817491, -0.336197260999936 ], [ 100.064865919, -0.336056538999977 ], [ 100.064798881, -0.335698677999979 ], [ 100.06473651, -0.335459818999934 ], [ 100.06464392, -0.335241259999986 ], [ 100.064524531, -0.334931408999982 ], [ 100.064490231, -0.334778349999959 ], [ 100.064463101, -0.334604958999941 ], [ 100.06443599, -0.334443098999948 ], [ 100.064389421, -0.334330179999949 ], [ 100.064304831, -0.334200458999927 ], [ 100.064222181, -0.334124209999973 ], [ 100.06413883, -0.334077388999966 ], [ 100.064066969, -0.334036297999945 ], [ 100.063981399, -0.33398861899997 ], [ 100.0639187, -0.333944308999951 ], [ 100.063840251, -0.33386981999996 ], [ 100.0638331, -0.333862807999942 ], [ 100.063771169, -0.333802019999957 ], [ 100.063698342, -0.333743378999945 ], [ 100.06361321, -0.333699548999964 ], [ 100.063449221, -0.333625090999934 ], [ 100.063419371, -0.333595097999938 ], [ 100.063405059, -0.333532689999972 ], [ 100.06342651, -0.333427080999973 ], [ 100.06360777, -0.333235049999935 ], [ 100.063941659, -0.332795790999973 ], [ 100.064065591, -0.332469649999951 ], [ 100.064066301, -0.332464158999931 ], [ 100.064087481, -0.332300628999975 ], [ 100.064121851, -0.332035229999984 ], [ 100.0641262, -0.332001688999981 ], [ 100.064207059, -0.331791438999968 ], [ 100.06446988, -0.331431960999974 ], [ 100.064495931, -0.331407348999961 ], [ 100.06485401, -0.331069088999934 ], [ 100.064908551, -0.331033009999938 ], [ 100.064960521, -0.33099863899997 ], [ 100.065068358, -0.33092731399995 ], [ 100.06508989, -0.330913070999949 ], [ 100.065253441, -0.330891318999932 ], [ 100.06528319, -0.330887359999968 ], [ 100.06529481, -0.330888358999979 ], [ 100.06546228, -0.330902720999977 ], [ 100.06557008, -0.330911969999927 ], [ 100.065590571, -0.330913729999961 ], [ 100.065849231, -0.331034408999932 ], [ 100.066310451, -0.331339840999937 ], [ 100.06646948, -0.331445158999943 ], [ 100.06659525, -0.331528449999962 ], [ 100.06674454, -0.331559689999952 ], [ 100.06682997, -0.331550469999973 ], [ 100.066965469, -0.331535848999984 ], [ 100.06747043, -0.331305540999951 ], [ 100.067673761, -0.331179340999941 ], [ 100.067926421, -0.331022528999949 ], [ 100.06870001, -0.330677829999957 ], [ 100.068866512, -0.330603639999944 ], [ 100.06957521, -0.330107569999939 ], [ 100.06967942, -0.330034628999956 ], [ 100.069769421, -0.329971628999948 ], [ 100.069784182, -0.329962729999982 ], [ 100.07011091, -0.329765858999968 ], [ 100.070448367, -0.329490561999929 ], [ 100.070764281, -0.329232839999971 ], [ 100.070788411, -0.329213149999934 ], [ 100.0710317, -0.329017169999937 ], [ 100.07148132, -0.328654979999953 ], [ 100.0713548, -0.328187809999982 ], [ 100.0713594, -0.328099499999948 ], [ 100.07137506, -0.327799149999978 ], [ 100.071283285, -0.327210256999929 ], [ 100.07126932, -0.327120649999928 ], [ 100.07126138, -0.327069729999952 ], [ 100.07116832, -0.326118420999938 ], [ 100.071168607, -0.32611839199996 ], [ 100.07113563, -0.325783240999951 ], [ 100.0711682, -0.325718108999985 ], [ 100.071233339, -0.32567105999993 ], [ 100.071450462, -0.32563848999997 ], [ 100.071977812, -0.325626395999962 ], [ 100.07208877, -0.32562385099994 ], [ 100.072239361, -0.325620398999951 ], [ 100.07234505, -0.325614179999951 ], [ 100.072362401, -0.325613159999931 ], [ 100.07239497, -0.325595068999977 ], [ 100.072400131, -0.325515020999953 ], [ 100.0724031, -0.325469058999945 ], [ 100.07240254, -0.325457538999962 ], [ 100.072402481, -0.325456399999958 ], [ 100.072389541, -0.325363460999942 ], [ 100.072360591, -0.325086628999948 ], [ 100.0723425, -0.32475188899997 ], [ 100.072333451, -0.324460577999962 ], [ 100.072326212, -0.324333918999973 ], [ 100.072331641, -0.324295919999936 ], [ 100.072382301, -0.324259729999933 ], [ 100.0724453, -0.324245729999982 ], [ 100.072512581, -0.324230779999935 ], [ 100.07285275, -0.324156598999936 ], [ 100.073057211, -0.324104120999958 ], [ 100.07306781, -0.324102310999937 ], [ 100.073255109, -0.324070338999952 ], [ 100.073367461, -0.324070338999952 ], [ 100.074777137, -0.323880103999963 ], [ 100.075360359, -0.323801398999937 ], [ 100.076567129, -0.323518669999951 ], [ 100.076710332, -0.323447478999934 ], [ 100.076901947, -0.323352225999941 ], [ 100.077620768, -0.322994893999979 ], [ 100.077622129, -0.322994216999972 ], [ 100.077633699, -0.322983444999975 ], [ 100.077735862, -0.322827194999953 ], [ 100.077795958, -0.322688974999955 ], [ 100.077850045, -0.322502676999937 ], [ 100.077862064, -0.322400513999984 ], [ 100.077886102, -0.322250273999937 ], [ 100.077898122, -0.322094023999962 ], [ 100.077936911, -0.321977656999947 ], [ 100.077949203, -0.321973831999975 ], [ 100.078063386, -0.32196181299998 ], [ 100.078180573, -0.32196181299998 ], [ 100.078264707, -0.321967822999975 ], [ 100.078426966, -0.321985851999958 ], [ 100.078550163, -0.321997870999952 ], [ 100.078670355, -0.322003879999958 ], [ 100.078838624, -0.322000875999954 ], [ 100.078979849, -0.321982846999965 ], [ 100.07911807, -0.321940779999978 ], [ 100.079238262, -0.32190472199995 ], [ 100.079337348, -0.321852264999965 ], [ 100.079340425, -0.321850635999969 ], [ 100.079415545, -0.321799553999943 ], [ 100.07949367, -0.321739457999963 ], [ 100.079516589, -0.321721313999949 ], [ 100.079565785, -0.321682366999939 ], [ 100.079664943, -0.321601236999927 ], [ 100.079734054, -0.321544145999961 ], [ 100.079803164, -0.321484049999919 ], [ 100.079839222, -0.321339819999933 ], [ 100.079839222, -0.321252680999983 ], [ 100.079839412, -0.321250203999968 ], [ 100.07986326, -0.321246670999926 ], [ 100.079953404, -0.321234651999933 ], [ 100.079957651, -0.321233518999975 ], [ 100.080043548, -0.321210613999947 ], [ 100.080283932, -0.321132488999985 ], [ 100.080292828, -0.321130918999929 ], [ 100.08030159, -0.321140329999938 ], [ 100.080302834, -0.321143785999944 ], [ 100.080335013, -0.321129483999926 ], [ 100.080422153, -0.321087416999948 ], [ 100.080445164, -0.321079745999955 ], [ 100.080485253, -0.321066382999964 ], [ 100.080524316, -0.321039339999966 ], [ 100.080524316, -0.320991262999947 ], [ 100.080527321, -0.320937176999963 ], [ 100.080530325, -0.320877080999939 ], [ 100.080548354, -0.32081097499997 ], [ 100.080599436, -0.320768907999933 ], [ 100.080701599, -0.320777922999983 ], [ 100.080761695, -0.320813979999966 ], [ 100.080767704, -0.320856046999954 ], [ 100.080773714, -0.320913137999984 ], [ 100.080728642, -0.321009291999935 ], [ 100.080706996, -0.32105876899994 ], [ 100.080686575, -0.321105445999933 ], [ 100.080674556, -0.321177560999957 ], [ 100.080665541, -0.32124366599993 ], [ 100.080665541, -0.321318785999946 ], [ 100.080665541, -0.321390900999979 ], [ 100.080665541, -0.321444987999944 ], [ 100.080653522, -0.321514097999969 ], [ 100.080632489, -0.321577198999938 ], [ 100.08060845, -0.32163128499997 ], [ 100.080563378, -0.321685371999933 ], [ 100.080515301, -0.321739457999963 ], [ 100.080455205, -0.321808567999937 ], [ 100.080410133, -0.32187467399996 ], [ 100.080374076, -0.321937774999982 ], [ 100.080353042, -0.321991860999964 ], [ 100.080347086, -0.322075262999933 ], [ 100.080364011, -0.322111069999945 ], [ 100.080387589, -0.32215331999993 ], [ 100.080411961, -0.322197018999931 ], [ 100.080474389, -0.322253108999974 ], [ 100.08049051, -0.322259397999977 ], [ 100.080828122, -0.322226869999952 ], [ 100.081098316, -0.322200695999933 ], [ 100.08140713, -0.322170779999967 ], [ 100.08191014, -0.322158119999928 ], [ 100.0821417, -0.322144 ], [ 100.08220688, -0.322140019999951 ], [ 100.08226297, -0.322140019999951 ], [ 100.08234259, -0.322143639999987 ], [ 100.08245296, -0.322168969999951 ], [ 100.0825835, -0.322212479999964 ], [ 100.08262666, -0.322226869999952 ], [ 100.08276714, -0.322279549999964 ], [ 100.08281769, -0.322298509999946 ], [ 100.08295959, -0.32235171999998 ], [ 100.08297822, -0.322356869999973 ], [ 100.08304464, -0.322375239999933 ], [ 100.0831739, -0.322373919999963 ], [ 100.08322196, -0.322373429999981 ], [ 100.083243796, -0.322372030999934 ], [ 100.083321984, -0.322382454999976 ], [ 100.083472397, -0.32239971599995 ], [ 100.083664728, -0.322421907999969 ], [ 100.083896513, -0.322463826999982 ], [ 100.08410857, -0.322520539999979 ], [ 100.084293505, -0.322574786999958 ], [ 100.084599263, -0.322703007999971 ], [ 100.084739977, -0.322746980999969 ], [ 100.084749059, -0.322752323999963 ], [ 100.084762005, -0.322759104999932 ], [ 100.084781115, -0.322767734999964 ], [ 100.084797759, -0.322776364999927 ], [ 100.084810088, -0.322781296999952 ], [ 100.084821184, -0.32278499599995 ], [ 100.084839677, -0.322789926999982 ], [ 100.084855705, -0.322793625999965 ], [ 100.084870499, -0.322795474999967 ], [ 100.084875832, -0.322794859999942 ], [ 100.084886527, -0.322793625999965 ], [ 100.084892692, -0.32278931099995 ], [ 100.084901322, -0.32277944799995 ], [ 100.084903788, -0.32276341999995 ], [ 100.084900705, -0.322749241999934 ], [ 100.084881595, -0.322733213999931 ], [ 100.084857554, -0.322720268999943 ], [ 100.084835362, -0.322706706999953 ], [ 100.084816252, -0.322690062999926 ], [ 100.084793443, -0.322672801999945 ], [ 100.084754607, -0.322657390999957 ], [ 100.084723785, -0.322643212999945 ], [ 100.084684332, -0.322621020999975 ], [ 100.084660907, -0.322607458999932 ], [ 100.084626386, -0.322589581999983 ], [ 100.084601112, -0.322574786999958 ], [ 100.084590275, -0.322570845999968 ], [ 100.084480905, -0.322505744999949 ], [ 100.083953226, -0.322214781999947 ], [ 100.083627741, -0.322037244999928 ], [ 100.083440341, -0.321953407999962 ], [ 100.083331847, -0.321889297999983 ], [ 100.083203815, -0.321838084999969 ], [ 100.083146912, -0.321790665999973 ], [ 100.08303102, -0.321741349999977 ], [ 100.082929923, -0.321711760999966 ], [ 100.082801702, -0.321674773999977 ], [ 100.082653755, -0.321640252999949 ], [ 100.082537862, -0.321618060999931 ], [ 100.082552657, -0.321410933999971 ], [ 100.082584712, -0.321127368999952 ], [ 100.082591944, -0.321112102999962 ], [ 100.082606905, -0.321080518999964 ], [ 100.082735126, -0.321087915999958 ], [ 100.083065541, -0.321144628999941 ], [ 100.083265588, -0.321184144999973 ], [ 100.083385637, -0.321207857999977 ], [ 100.083464999, -0.321223533999965 ], [ 100.083738702, -0.321255589999961 ], [ 100.083782548, -0.321263075999981 ], [ 100.083839799, -0.321272849999954 ], [ 100.08387432, -0.321285178999975 ], [ 100.08385706, -0.321334494999985 ], [ 100.083832402, -0.321489839999967 ], [ 100.083898978, -0.321620525999943 ], [ 100.084071584, -0.32170436299998 ], [ 100.084212134, -0.321847378999968 ], [ 100.085094886, -0.322269028999929 ], [ 100.08560777, -0.322397249999942 ], [ 100.085753889, -0.322463181999981 ], [ 100.08601216, -0.322579718999975 ], [ 100.086339231, -0.322756720999971 ], [ 100.086395641, -0.322762457999954 ], [ 100.08664534, -0.322764260999977 ], [ 100.086918378, -0.322738627999971 ], [ 100.087030741, -0.322728078999945 ], [ 100.087195392, -0.322691888999943 ], [ 100.087553659, -0.322570658999958 ], [ 100.08802229, -0.322436759999961 ], [ 100.08838598, -0.322339058999948 ], [ 100.0885054, -0.32231733999993 ], [ 100.088769571, -0.322288389999933 ], [ 100.088983081, -0.322266679999932 ], [ 100.089154971, -0.322239538999956 ], [ 100.089361242, -0.322203349999947 ], [ 100.089538569, -0.322170779999967 ], [ 100.08971408, -0.322138210999933 ], [ 100.08982626, -0.322123738999953 ], [ 100.08997644, -0.322087548999952 ], [ 100.09009767, -0.322047740999956 ], [ 100.090148331, -0.32201517099998 ], [ 100.090175472, -0.321966319999952 ], [ 100.090190157, -0.321950171999964 ], [ 100.09019357, -0.321946418999971 ], [ 100.090199296, -0.32194578199994 ], [ 100.090221263, -0.321889297999983 ], [ 100.090354415, -0.321849844999976 ], [ 100.090620721, -0.321982997999956 ], [ 100.090946205, -0.322209849999983 ], [ 100.091562652, -0.322456428999943 ], [ 100.092307321, -0.322510676999967 ], [ 100.093402131, -0.322614239999951 ], [ 100.094058031, -0.322683281999958 ], [ 100.094328081, -0.322712269999953 ], [ 100.094930921, -0.322776981999939 ], [ 100.095369832, -0.322791776999971 ], [ 100.09556047, -0.322808050999932 ], [ 100.095774221, -0.322826297999946 ], [ 100.096252584, -0.322855886999948 ], [ 100.096425189, -0.32258464999996 ], [ 100.096469574, -0.32240711299994 ], [ 100.096477207, -0.322239186999983 ], [ 100.096683066, -0.322255991999965 ], [ 100.09710423, -0.322291683999935 ], [ 100.097496841, -0.32226312999996 ], [ 100.09798939, -0.322220299999978 ], [ 100.098446246, -0.322198884999989 ], [ 100.098888826, -0.322127500999953 ], [ 100.099359959, -0.322056116999931 ], [ 100.099823954, -0.32206325599998 ], [ 100.100380748, -0.322077531999983 ], [ 100.100801913, -0.322091808999982 ], [ 100.101108863, -0.322077531999983 ], [ 100.101380122, -0.321977594999969 ], [ 100.101572858, -0.321813411999932 ], [ 100.101729902, -0.321584983999969 ], [ 100.101908362, -0.321285171999935 ], [ 100.102172482, -0.321106711999967 ], [ 100.102415187, -0.321063881999979 ], [ 100.102512732, -0.321063881999979 ], [ 100.102513884, -0.321072526999958 ], [ 100.102505827, -0.321124902999943 ], [ 100.1025798, -0.32135668699994 ], [ 100.102624185, -0.321583539999952 ], [ 100.102408428, -0.321827652999955 ], [ 100.101619375, -0.322202452999941 ], [ 100.101175533, -0.322508210999957 ], [ 100.100771144, -0.322577252999964 ], [ 100.100337165, -0.322626568999971 ], [ 100.099932775, -0.322587115999967 ], [ 100.099548112, -0.322606841999976 ], [ 100.099222628, -0.322735062999926 ], [ 100.098768922, -0.323040820999956 ], [ 100.09835467, -0.323484662999936 ], [ 100.097841786, -0.323928505999961 ], [ 100.097347176, -0.32432799799995 ], [ 100.097304243, -0.324401936999955 ], [ 100.097180954, -0.32445125299996 ], [ 100.097052733, -0.324470978999961 ], [ 100.096939307, -0.32448084199996 ], [ 100.096687796, -0.324510431999949 ], [ 100.096485601, -0.324530157999963 ], [ 100.096352449, -0.324535089999926 ], [ 100.09616998, -0.324549884999955 ], [ 100.096056554, -0.324559747999957 ], [ 100.095989866, -0.324569274999937 ], [ 100.095556799, -0.324705720999928 ], [ 100.095565934, -0.32497673799998 ], [ 100.0956197, -0.326571765999983 ], [ 100.095515475, -0.328311501999972 ], [ 100.095574431, -0.328609440999965 ], [ 100.095637821, -0.328780399999972 ], [ 100.095725221, -0.328969258999963 ], [ 100.095728001, -0.328973480999933 ], [ 100.095843071, -0.329148509999931 ], [ 100.096002031, -0.329318829999974 ], [ 100.096150001, -0.329455738999978 ], [ 100.09636417, -0.329740179999925 ], [ 100.096346311, -0.329849400999942 ], [ 100.096342592, -0.329872138999981 ], [ 100.096340168, -0.329886954999952 ], [ 100.096312292, -0.330057460999969 ], [ 100.096381282, -0.330130004999948 ], [ 100.096393801, -0.330143168999944 ], [ 100.09667972, -0.330211368999932 ], [ 100.09672096, -0.330220260999972 ], [ 100.096871429, -0.330252718999929 ], [ 100.097116612, -0.33031259099994 ], [ 100.097184881, -0.330343219999974 ], [ 100.097437949, -0.330639669999927 ], [ 100.09757106, -0.330756808999984 ], [ 100.097597211, -0.330816418999977 ], [ 100.097757559, -0.331130696999942 ], [ 100.09776833, -0.331151807999964 ], [ 100.09778614, -0.331186709999948 ], [ 100.097913731, -0.331385638999966 ], [ 100.098045811, -0.331581278999973 ], [ 100.098305291, -0.331907118999938 ], [ 100.098452591, -0.332082547999965 ], [ 100.09860754, -0.332267740999961 ], [ 100.09872752, -0.332425700999983 ], [ 100.098841161, -0.332523280999967 ], [ 100.098947511, -0.332593959999944 ], [ 100.099047751, -0.33259778299993 ], [ 100.099061563, -0.332598310999966 ], [ 100.099075007, -0.332598823999954 ], [ 100.099219192, -0.332647185999972 ], [ 100.099265882, -0.332669079999961 ], [ 100.099431295, -0.332746642999958 ], [ 100.099659839, -0.33284182499995 ], [ 100.099907061, -0.332855173999979 ], [ 100.100166086, -0.332841843999974 ], [ 100.100242019, -0.332811255999965 ], [ 100.100378644, -0.332756220999956 ], [ 100.100588449, -0.332651857999963 ], [ 100.100755921, -0.332547184999956 ], [ 100.100849942, -0.332717505999944 ], [ 100.100921678, -0.332847456999964 ], [ 100.101122472, -0.332774373999944 ], [ 100.101283125, -0.332702470999953 ], [ 100.101378075, -0.332675835999967 ], [ 100.101431782, -0.332683940999971 ], [ 100.101527695, -0.332743818999983 ], [ 100.101607925, -0.332821782999938 ], [ 100.101717735, -0.332934091999965 ], [ 100.101866313, -0.332976809999933 ], [ 100.101879121, -0.332980490999949 ], [ 100.102119088, -0.332985107999953 ], [ 100.102246847, -0.333011540999966 ], [ 100.102348534, -0.333113887999967 ], [ 100.10253075, -0.333463282999965 ], [ 100.102659713, -0.333534075999976 ], [ 100.102807876, -0.333592421999927 ], [ 100.10305527, -0.333667400999965 ], [ 100.103205113, -0.333716515999927 ], [ 100.103215496, -0.333861567999978 ], [ 100.10322543, -0.333973190999937 ], [ 100.103232895, -0.334057072999946 ], [ 100.103246495, -0.334195549999954 ], [ 100.103292709, -0.334340987999958 ], [ 100.103477, -0.334459417999938 ], [ 100.103673372, -0.334386558999937 ], [ 100.103808022, -0.334322938999956 ], [ 100.103971224, -0.334199685999981 ], [ 100.104072825, -0.334063283999963 ], [ 100.104272033, -0.333826791999969 ], [ 100.104354999, -0.333728296999945 ], [ 100.10441295, -0.333676555999955 ], [ 100.104535926, -0.333649834999961 ], [ 100.104548128, -0.333649631999954 ], [ 100.10466473, -0.333647694999975 ], [ 100.104781862, -0.333645749999967 ], [ 100.104830715, -0.333671268999984 ], [ 100.104828619, -0.333721832 ], [ 100.104814207, -0.334069411999958 ], [ 100.105110944, -0.334080282999939 ], [ 100.105273237, -0.334090851999975 ], [ 100.105428237, -0.334101646999965 ], [ 100.105547702, -0.334104433999933 ], [ 100.105647589, -0.334136697999952 ], [ 100.105734917, -0.334191331999941 ], [ 100.105812156, -0.334301466999934 ], [ 100.105928746, -0.334521686999948 ], [ 100.10594037, -0.334543642999959 ], [ 100.106175263, -0.334589386999947 ], [ 100.106550771, -0.334620584999926 ], [ 100.106600926, -0.33462057999998 ], [ 100.106772375, -0.334620559999962 ], [ 100.107013879, -0.334639354999983 ], [ 100.107112401, -0.334624989999958 ], [ 100.107320844, -0.334723016999934 ], [ 100.107425455, -0.334773554999976 ], [ 100.107458734, -0.334789632999963 ], [ 100.107597042, -0.334769724999945 ], [ 100.107929114, -0.335545415999947 ], [ 100.108616661, -0.335704475999937 ], [ 100.109144897, -0.335826679999974 ], [ 100.109926653, -0.336007533999975 ], [ 100.110297417, -0.336093307999934 ], [ 100.110346636, -0.336119284999945 ], [ 100.11058282, -0.336198586999964 ], [ 100.110705854, -0.33626981799995 ], [ 100.110729354, -0.336320987999962 ], [ 100.110748318, -0.336365809999961 ], [ 100.110754354, -0.336408908999946 ], [ 100.110753921, -0.336433044999977 ], [ 100.110752036, -0.336441715999975 ], [ 100.110728095, -0.336458725999938 ], [ 100.116770469, -0.337281247999957 ], [ 100.118364431, -0.337498227999956 ], [ 100.119803056, -0.33733518399993 ], [ 100.12173939, -0.337115729999944 ], [ 100.12361291, -0.33605695899997 ], [ 100.124726879, -0.335722764999961 ], [ 100.125754421, -0.335414499999957 ], [ 100.125970164, -0.335320112999966 ], [ 100.128038709, -0.334415128999989 ], [ 100.129466381, -0.333915439999951 ], [ 100.130679909, -0.332701918999929 ], [ 100.130851751, -0.332028098999956 ], [ 100.130881682, -0.331891835999958 ], [ 100.13088631, -0.331892608999973 ], [ 100.131093969, -0.33196916899994 ], [ 100.131158271, -0.331990199999962 ], [ 100.13118016, -0.33199177099993 ], [ 100.13122163, -0.331994749999975 ], [ 100.13130772, -0.331982329999962 ], [ 100.131472521, -0.331877458999941 ], [ 100.131538679, -0.331826388999958 ], [ 100.131591191, -0.331785848999969 ], [ 100.13162931, -0.331746228999978 ], [ 100.13172434, -0.331647449999933 ], [ 100.13187664, -0.331515659999985 ], [ 100.132044431, -0.331408808999926 ], [ 100.132391041, -0.331269679999933 ], [ 100.13259857, -0.331262608999961 ], [ 100.132611742, -0.331262158999944 ], [ 100.13280822, -0.331262138999933 ], [ 100.133006731, -0.331259990999973 ], [ 100.133163491, -0.331242679999954 ], [ 100.133326989, -0.331233258999932 ], [ 100.13361148, -0.331211079999942 ], [ 100.133703359, -0.331195388999969 ], [ 100.13371442, -0.331193499999931 ], [ 100.133884691, -0.331164419999936 ], [ 100.134218471, -0.331054050999971 ], [ 100.1344659, -0.330947348999938 ], [ 100.134591489, -0.330878490999966 ], [ 100.13475162, -0.330790708999927 ], [ 100.13497649, -0.33068113099995 ], [ 100.13514622, -0.330645509999963 ], [ 100.1352827, -0.330639928999973 ], [ 100.135316792, -0.330638529999933 ], [ 100.13544183, -0.330653979999971 ], [ 100.135702421, -0.33067268799994 ], [ 100.13596035, -0.330676840999961 ], [ 100.13617564, -0.330676818999964 ], [ 100.1363991, -0.330651138999943 ], [ 100.136416881, -0.33064417999998 ], [ 100.13660211, -0.33057174099997 ], [ 100.136852489, -0.330451870999985 ], [ 100.13710207, -0.330304208999959 ], [ 100.137385571, -0.330136477999925 ], [ 100.13779916, -0.329818340999962 ], [ 100.137893871, -0.329752329999974 ], [ 100.13805549, -0.329648170999982 ], [ 100.13807075, -0.329639829999958 ], [ 100.138281219, -0.329524779999926 ], [ 100.138508711, -0.329413499999931 ], [ 100.138764971, -0.329322419999932 ], [ 100.138955631, -0.329259109999958 ], [ 100.139148869, -0.329185437999966 ], [ 100.139169689, -0.32917749899997 ], [ 100.13969201, -0.328963598999965 ], [ 100.139924401, -0.328961230999943 ], [ 100.139981989, -0.328966716999964 ], [ 100.140007631, -0.328969159999933 ], [ 100.140137159, -0.328981498999958 ], [ 100.140374242, -0.32904838899998 ], [ 100.140585305, -0.329129699999957 ], [ 100.140683759, -0.329167628999924 ], [ 100.140919909, -0.329258608999966 ], [ 100.14119247, -0.329384059999946 ], [ 100.141400811, -0.329469569999958 ], [ 100.1416159, -0.329518749999983 ], [ 100.141815441, -0.329520739999971 ], [ 100.14188179, -0.329519298999976 ], [ 100.141892699, -0.329519058999955 ], [ 100.14199539, -0.329516820999979 ], [ 100.142209401, -0.329440318999959 ], [ 100.14227919, -0.329417519999932 ], [ 100.14250737, -0.329342971999955 ], [ 100.142780961, -0.32925358899997 ], [ 100.143053789, -0.329170710999967 ], [ 100.143348872, -0.329128869999976 ], [ 100.143384871, -0.329127029999934 ], [ 100.14369261, -0.329111308999927 ], [ 100.144340399, -0.329180108999935 ], [ 100.14466479, -0.329234868999949 ], [ 100.145020121, -0.329363058999949 ], [ 100.145275279, -0.329557339999959 ], [ 100.145592401, -0.329828039999941 ], [ 100.145613969, -0.329846448999948 ], [ 100.146037112, -0.33030349999996 ], [ 100.14603973, -0.33030632099997 ], [ 100.146398251, -0.330508149999967 ], [ 100.14661831, -0.330617848999967 ], [ 100.14704726, -0.330789688999969 ], [ 100.14730883, -0.330883699999961 ], [ 100.147597471, -0.330970219999926 ], [ 100.14796955, -0.331026990999933 ], [ 100.148370741, -0.331120318999988 ], [ 100.149077721, -0.331393800999932 ], [ 100.14974752, -0.331649770999952 ], [ 100.150339371, -0.331951890999964 ], [ 100.15044697, -0.332014210999953 ], [ 100.150876361, -0.332262929999963 ], [ 100.151138961, -0.332674309999961 ], [ 100.15123835, -0.333116549999954 ], [ 100.15124753, -0.333197797999966 ], [ 100.15132143, -0.33385178999993 ], [ 100.151397801, -0.334005508999957 ], [ 100.151465399, -0.334084618999956 ], [ 100.151512481, -0.334101199999976 ], [ 100.15165929, -0.334101188999976 ], [ 100.151844419, -0.33408331999994 ], [ 100.151970821, -0.334045869999959 ], [ 100.152169771, -0.333940648999947 ], [ 100.152367822, -0.33382517999996 ], [ 100.152540291, -0.333722259999947 ], [ 100.15296075, -0.333504269999941 ], [ 100.15297231, -0.333498278999972 ], [ 100.153201339, -0.333409209999952 ], [ 100.153247071, -0.333405169999937 ], [ 100.153308281, -0.333399758999975 ], [ 100.153460221, -0.333386328999947 ], [ 100.153642921, -0.333395498999956 ], [ 100.15386889, -0.333448478999976 ], [ 100.154131329, -0.333517739999936 ], [ 100.154502309, -0.333656418999964 ], [ 100.154839091, -0.33376655899997 ], [ 100.155131201, -0.333874438999949 ], [ 100.15514293, -0.333922229999938 ], [ 100.155169102, -0.334028970999955 ], [ 100.15516912, -0.334125768999976 ], [ 100.155169121, -0.334141975999953 ], [ 100.15516914, -0.334301708999931 ], [ 100.1551671, -0.334569370999932 ], [ 100.155149159, -0.334790357999973 ], [ 100.155034349, -0.335195078999967 ], [ 100.154956259, -0.33542481899997 ], [ 100.15482775, -0.335723308999949 ], [ 100.1546733, -0.336051408999936 ], [ 100.15463495, -0.336150969999955 ], [ 100.154534361, -0.336412140999924 ], [ 100.15447856, -0.336713468999964 ], [ 100.15448319, -0.336995409999932 ], [ 100.154563879, -0.337234369999983 ], [ 100.1550518, -0.337973600999937 ], [ 100.15514477, -0.338100038999927 ], [ 100.15523881, -0.338287380999936 ], [ 100.155276889, -0.338490439999939 ], [ 100.15527378, -0.338675709999962 ], [ 100.15538046000006, -0.340761229999941 ], [ 100.15537845, -0.341007000999987 ], [ 100.155355229, -0.341239150999973 ], [ 100.155261301, -0.341433888999982 ], [ 100.155233811, -0.34146190999997 ], [ 100.155211471, -0.341484688999968 ], [ 100.155110521, -0.341587609999979 ], [ 100.154951471, -0.341688667999968 ], [ 100.15472088, -0.341766748999936 ], [ 100.1544883, -0.341824788999924 ], [ 100.154013369, -0.341922248999941 ], [ 100.153922979, -0.341940798999936 ], [ 100.153650499, -0.341987668999935 ], [ 100.153450701, -0.342098078999924 ], [ 100.153412841, -0.342141568999983 ], [ 100.153285251, -0.342288138999957 ], [ 100.153155521, -0.342508880999956 ], [ 100.153046839, -0.342777159999976 ], [ 100.15292753, -0.343021658999929 ], [ 100.1527964, -0.343315119999948 ], [ 100.152723291, -0.343438477999941 ], [ 100.152484851, -0.343767038999941 ], [ 100.15232599, -0.344001829999966 ], [ 100.152224611, -0.344151659999962 ], [ 100.152061641, -0.344361119999974 ], [ 100.151982678, -0.344509556999979 ], [ 100.15195408, -0.34456331799993 ], [ 100.151935529, -0.344841628999979 ], [ 100.151953319, -0.345069610999935 ], [ 100.1520068, -0.345345128999949 ], [ 100.15203295, -0.345496788999979 ], [ 100.15207844, -0.345760588999961 ], [ 100.152204211, -0.34641256899994 ], [ 100.15230348, -0.346694499999964 ], [ 100.15243248, -0.346938479999949 ], [ 100.152476691, -0.346995439999954 ], [ 100.152598022, -0.347151749999969 ], [ 100.152823051, -0.347388818999954 ], [ 100.15292319, -0.347520687999975 ], [ 100.153039321, -0.347673610999951 ], [ 100.15317359, -0.347968069999987 ], [ 100.153259691, -0.348261007999963 ], [ 100.153358362, -0.348660218999957 ], [ 100.153367901, -0.348815418999955 ], [ 100.153348399, -0.348976599999967 ], [ 100.15326183, -0.349366939999926 ], [ 100.1531413, -0.349748900999948 ], [ 100.15310664, -0.349858748999973 ], [ 100.15295653, -0.350199208999925 ], [ 100.152853341, -0.350433239999976 ], [ 100.15297331, -0.350858047999964 ], [ 100.153061421, -0.351067849999931 ], [ 100.15313642, -0.351258609999952 ], [ 100.153212461, -0.351469070999941 ], [ 100.15328804, -0.351653780999923 ], [ 100.153530401, -0.35215017099995 ], [ 100.15354937, -0.352184840999943 ], [ 100.153658779, -0.352384879999932 ], [ 100.153801371, -0.352619728999969 ], [ 100.15398749, -0.352863028999936 ], [ 100.15407333, -0.352975909999942 ], [ 100.15413378, -0.353126229999928 ], [ 100.15420713, -0.353308578999936 ], [ 100.154495361, -0.354025219999929 ], [ 100.15506454, -0.355440358999947 ], [ 100.155343061, -0.356132850999925 ], [ 100.155843581, -0.356886379999937 ], [ 100.156054409, -0.357162858999976 ], [ 100.15624131, -0.357398549999975 ], [ 100.156410721, -0.35756904099998 ], [ 100.15658895, -0.357676208999975 ], [ 100.15687731, -0.357788868999941 ], [ 100.15694703, -0.357816108999944 ], [ 100.157127201, -0.357924089999934 ], [ 100.1576154, -0.358230918999943 ], [ 100.157715621, -0.358339548999934 ], [ 100.157767241, -0.358399988999967 ], [ 100.157814639, -0.358455478999939 ], [ 100.1579033, -0.358584369999964 ], [ 100.157956762, -0.358689997999933 ], [ 100.158034321, -0.358856357999977 ], [ 100.158091079, -0.359017508999951 ], [ 100.15814425, -0.359196529999967 ], [ 100.158192401, -0.359417749999974 ], [ 100.158247121, -0.359625268999944 ], [ 100.158291851, -0.359836318999958 ], [ 100.15837952, -0.359931338999956 ], [ 100.158387212, -0.360025589999971 ], [ 100.15841382, -0.360351509999927 ], [ 100.158368182, -0.360535377999951 ], [ 100.158362811, -0.361172629999945 ], [ 100.158362829, -0.361304608999948 ], [ 100.158371831, -0.361485418999962 ], [ 100.15842552, -0.361699158999958 ], [ 100.158517561, -0.361860038999967 ], [ 100.158698661, -0.362044509999982 ], [ 100.15880603, -0.362167648999959 ], [ 100.158871532, -0.362242769999964 ], [ 100.15901943, -0.362514178999959 ], [ 100.15903578, -0.362623849999977 ], [ 100.159035789, -0.362688282999952 ], [ 100.15903579, -0.362692938999944 ], [ 100.1590358, -0.362773258999935 ], [ 100.159025789, -0.362868189999975 ], [ 100.158982881, -0.363089008999969 ], [ 100.15896017, -0.363127000999958 ], [ 100.15885444, -0.363303888999956 ], [ 100.15877949, -0.363440229999988 ], [ 100.1587429, -0.363606069999952 ], [ 100.158757831, -0.363756169999932 ], [ 100.15880752, -0.364040049999976 ], [ 100.15881185, -0.364064780999967 ], [ 100.158811881, -0.364346029999988 ], [ 100.158801161, -0.364605768999976 ], [ 100.158796201, -0.364652210999975 ], [ 100.158787021, -0.364738129999984 ], [ 100.15876515, -0.364813410999945 ], [ 100.158722301, -0.36490166099998 ], [ 100.15867206, -0.364983398999926 ], [ 100.158570811, -0.365095750999962 ], [ 100.15846796, -0.365205938999971 ], [ 100.15837797, -0.365305398999962 ], [ 100.158269549, -0.365423139999964 ], [ 100.1579824, -0.365679519999962 ], [ 100.157908201, -0.36574576099997 ], [ 100.157984311, -0.366284 ], [ 100.157986491, -0.366566429999975 ], [ 100.1579865, -0.366600349999952 ], [ 100.157986521, -0.366821329999946 ], [ 100.157995651, -0.36706628999997 ], [ 100.1580317, -0.367245349999971 ], [ 100.158056851, -0.367416129999922 ], [ 100.158059851, -0.367533449999946 ], [ 100.158059953, -0.367537438999943 ], [ 100.158061029, -0.367579278999924 ], [ 100.158052449, -0.36775901999994 ], [ 100.158043631, -0.367950288999971 ], [ 100.15804145, -0.368139789999941 ], [ 100.158041455, -0.368173934999956 ], [ 100.15804147, -0.368280509999984 ], [ 100.15804148, -0.368343958999965 ], [ 100.15803771, -0.368465750999979 ], [ 100.15798065, -0.368593657999963 ], [ 100.157865411, -0.368758559999953 ], [ 100.157697289, -0.368925768999936 ], [ 100.15739425, -0.369166838999948 ], [ 100.157260661, -0.369273108999954 ], [ 100.157079379, -0.369440070999932 ], [ 100.156899, -0.36959955999993 ], [ 100.15672529, -0.369767398999959 ], [ 100.156631081, -0.369943958999956 ], [ 100.15661339, -0.370140218999958 ], [ 100.156633311, -0.370365 ], [ 100.156607251, -0.370961368999929 ], [ 100.156608271, -0.37103004999994 ], [ 100.156609799, -0.371132429999942 ], [ 100.15661171, -0.371261019999966 ], [ 100.15661178, -0.371801408999944 ], [ 100.156592882, -0.372044838999954 ], [ 100.156538939, -0.372283129999968 ], [ 100.156474009, -0.372449749999926 ], [ 100.156371701, -0.372691009999926 ], [ 100.156508119, -0.373125689999938 ], [ 100.156509125, -0.373128897999956 ], [ 100.15651345, -0.373142689999954 ], [ 100.15658007, -0.373341518999956 ], [ 100.156709639, -0.37356910899996 ], [ 100.15692583, -0.373812159999946 ], [ 100.15723201, -0.374075979999939 ], [ 100.15744884, -0.374296340999936 ], [ 100.15756334, -0.374446568999936 ], [ 100.157606501, -0.374529499999936 ], [ 100.157643421, -0.374614118999953 ], [ 100.1576867, -0.374736058999928 ], [ 100.157732552, -0.374852280999965 ], [ 100.157803111, -0.37503111099995 ], [ 100.157861581, -0.375282930999956 ], [ 100.157934781, -0.375474450999956 ], [ 100.157998281, -0.375735570999954 ], [ 100.15800388, -0.375990409999936 ], [ 100.15799278, -0.376273498999983 ], [ 100.157922921, -0.376515548999972 ], [ 100.157830721, -0.376830710999977 ], [ 100.157828331, -0.376838897999966 ], [ 100.15757485, -0.377411778999947 ], [ 100.15753415, -0.377673609999934 ], [ 100.15752822, -0.377946908999947 ], [ 100.15751977, -0.378254640999953 ], [ 100.157465211, -0.378482 ], [ 100.157375181, -0.378857189999966 ], [ 100.15724415, -0.37914457999995 ], [ 100.157184871, -0.379373978999981 ], [ 100.157157639, -0.37966686999994 ], [ 100.157151801, -0.379995359999957 ], [ 100.15714025, -0.380251989999977 ], [ 100.157117301, -0.380613679999955 ], [ 100.15704748, -0.381015247999933 ], [ 100.157003421, -0.381503880999967 ], [ 100.156947671, -0.382098427999948 ], [ 100.15694161, -0.382727178999978 ], [ 100.157034821, -0.382866159999944 ], [ 100.1571016, -0.382977729999938 ], [ 100.1559223, -0.383114689999957 ], [ 100.15520025, -0.383336159999944 ], [ 100.15488723, -0.383503319999932 ], [ 100.15418258, -0.383764139999931 ], [ 100.1532635, -0.384104309999952 ], [ 100.14762251, -0.386192209999935 ], [ 100.14739537, -0.386276279999954 ], [ 100.14591992, -0.386822389999968 ], [ 100.14228538, -0.388078449999963 ], [ 100.14134546, -0.388403269999969 ], [ 100.1407473, -0.388609989999971 ], [ 100.13761521, -0.389692399999951 ], [ 100.13701973, -0.389944279999956 ], [ 100.13410923, -0.391175379999948 ], [ 100.1308667, -0.392595459999944 ], [ 100.12949091, -0.393198 ], [ 100.12809533, -0.393693499999924 ], [ 100.12807475, -0.39372659999998 ], [ 100.1280619, -0.39376943999998 ], [ 100.12806047, -0.393806569999927 ], [ 100.12806667, -0.39383230999994 ], [ 100.1282778, -0.394154029999923 ], [ 100.12853797, -0.394560549999942 ], [ 100.12855067, -0.394618479999971 ], [ 100.12855067, -0.395364919999963 ], [ 100.1284276, -0.39618030999998 ], [ 100.12840148, -0.396223649999967 ], [ 100.12811324, -0.396464889999953 ], [ 100.12786132, -0.396675739999975 ], [ 100.12784837, -0.396691829999951 ], [ 100.12781381, -0.396789189999941 ], [ 100.12779078, -0.396798569999929 ], [ 100.12775553, -0.396812929999959 ], [ 100.12739967, -0.396957909999968 ], [ 100.12732067, -0.396981139999987 ], [ 100.1271389, -0.397034609999934 ], [ 100.12689348, -0.397095959999953 ], [ 100.12681409, -0.397138709999974 ], [ 100.12669408, -0.397203329999963 ], [ 100.12626459, -0.397494769999978 ], [ 100.12505282, -0.398292389999942 ], [ 100.12404721, -0.399242139999962 ], [ 100.12388999, -0.399356959999978 ], [ 100.12205408, -0.40003334999995 ], [ 100.12174165, -0.400128439999946 ], [ 100.12156346, -0.400100519999972 ], [ 100.12066313, -0.399837919999929 ], [ 100.1205969, -0.399818599999945 ], [ 100.12038215, -0.399726569999926 ], [ 100.12007538, -0.399757249999942 ], [ 100.11979928, -0.399787919999943 ], [ 100.11959987, -0.399956649999982 ], [ 100.11944648, -0.400125379999963 ], [ 100.11935445, -0.400432159999986 ], [ 100.11928776, -0.400621109999985 ], [ 100.11927118, -0.400668079999945 ], [ 100.11926242, -0.400692919999924 ], [ 100.11924708, -0.400815629999955 ], [ 100.11915505, -0.400861639999964 ], [ 100.11889429, -0.400907659999969 ], [ 100.1186642, -0.400923 ], [ 100.11837277, -0.400769609999945 ], [ 100.1181887, -0.400708249999984 ], [ 100.11783591, -0.40052418999994 ], [ 100.11740642, -0.400447489999982 ], [ 100.11702295, -0.400355459999958 ], [ 100.11660071, -0.400224419999982 ], [ 100.11657812, -0.400217409999929 ], [ 100.11617931, -0.400125379999963 ], [ 100.11597991, -0.399987329999933 ], [ 100.11584186, -0.399803259999939 ], [ 100.11564245, -0.399450469999984 ], [ 100.11557608, -0.399273469999973 ], [ 100.11555042, -0.399205049999978 ], [ 100.11554652, -0.399198539999931 ], [ 100.11553983, -0.399187389999954 ], [ 100.11545839, -0.399051659999949 ], [ 100.11538595, -0.398995939999972 ], [ 100.11507492, -0.398775559999941 ], [ 100.11487551, -0.398729549999927 ], [ 100.11482284, -0.398719969999943 ], [ 100.11472874, -0.39874937999997 ], [ 100.11467732, -0.398775089999961 ], [ 100.11462305, -0.39885220999997 ], [ 100.11458021, -0.398946469999953 ], [ 100.11439455, -0.399440599999938 ], [ 100.11434314, -0.399649109999932 ], [ 100.1142803, -0.399880469999981 ], [ 100.11417176, -0.400023289999978 ], [ 100.11404037, -0.400134679999954 ], [ 100.11403476, -0.400137859999973 ], [ 100.11397653, -0.400307739999958 ], [ 100.11393962, -0.400415439999961 ], [ 100.11369443, -0.400769609999945 ], [ 100.11321125, -0.401145409999978 ], [ 100.11261371, -0.401410729999953 ], [ 100.1125756, -0.401426779999963 ], [ 100.11245366, -0.401534199999958 ], [ 100.11232522, -0.401767729999963 ], [ 100.112303, -0.401795209999928 ], [ 100.11218355, -0.401943029999933 ], [ 100.11215058, -0.401971109999976 ], [ 100.11210922, -0.402006349999962 ], [ 100.112040020686464, -0.402065379529849 ], [ 100.1117694, -0.402295819999956 ], [ 100.11126799, -0.402526199999963 ], [ 100.11120187, -0.402556579999958 ], [ 100.11095644, -0.402571919999965 ], [ 100.11040425, -0.402510569999942 ], [ 100.11006298, -0.402439959999925 ], [ 100.10995942, -0.402418529999983 ], [ 100.10934587, -0.402280479999948 ], [ 100.10900841, -0.402111759999971 ], [ 100.10885024, -0.402037609999986 ], [ 100.10862707, -0.401937799999937 ], [ 100.10788013, -0.401603709999964 ], [ 100.10759724, -0.401590239999965 ], [ 100.10744385, -0.40145218999993 ], [ 100.10719843, -0.401298799999951 ], [ 100.1069859, -0.40121909999994 ], [ 100.10681407, -0.401244659999982 ], [ 100.10678428, -0.401252779999935 ], [ 100.10643149, -0.401344819999975 ], [ 100.10618098, -0.401371179999963 ], [ 100.10611617, -0.401357979999953 ], [ 100.10592977, -0.40122128999997 ], [ 100.10590997, -0.401133369999977 ], [ 100.10590997, -0.40096000999995 ], [ 100.10585664, -0.400906049999946 ], [ 100.10571057, -0.400838629999955 ], [ 100.10548048, -0.400807959999952 ], [ 100.10495896, -0.40077727999995 ], [ 100.10457549, -0.400746599999939 ], [ 100.1043224, -0.400738929999933 ], [ 100.10380088, -0.400861639999964 ], [ 100.10314131, -0.401183759999927 ], [ 100.10283134, -0.401316599999976 ], [ 100.10250547, -0.401469519999979 ], [ 100.10211361, -0.401689939999925 ], [ 100.1017915, -0.401827989999961 ], [ 100.10137735, -0.401858669999974 ], [ 100.10117794, -0.401843329999969 ], [ 100.10115363, -0.401837249999975 ], [ 100.10094963, -0.401885249999974 ], [ 100.10080981, -0.401981379999937 ], [ 100.10044168, -0.402211459999942 ], [ 100.10037115, -0.40224672999995 ], [ 100.10030876, -0.402295469999965 ], [ 100.10027591, -0.402325459999932 ], [ 100.10024021, -0.402378299999958 ], [ 100.10018736, -0.402468269999939 ], [ 100.10013738, -0.402523969999951 ], [ 100.10008025, -0.402559669999956 ], [ 100.10000885, -0.402588239999947 ], [ 100.09994458, -0.402598229999975 ], [ 100.09990316, -0.402586809999955 ], [ 100.09985771, -0.402559079999956 ], [ 100.0998189, -0.402535389999974 ], [ 100.09976463, -0.402521109999954 ], [ 100.09971465, -0.402519689999967 ], [ 100.09959468, -0.402532539999933 ], [ 100.099479, -0.402542539999963 ], [ 100.09943759, -0.402558239999967 ], [ 100.09938332, -0.402605369999959 ], [ 100.09931905, -0.402689629999948 ], [ 100.09925764, -0.402786749999963 ], [ 100.09922383, -0.402852559999926 ], [ 100.09901517, -0.40308576999996 ], [ 100.09895729, -0.403182239999978 ], [ 100.09891489, -0.403223759999951 ], [ 100.09886764, -0.403246729999986 ], [ 100.09858568, -0.403285179999962 ], [ 100.09844763, -0.403269839999955 ], [ 100.09824823, -0.40316246999993 ], [ 100.09824043, -0.40315531999994 ], [ 100.09820378, -0.403145239999958 ], [ 100.09804015, -0.40315841999995 ], [ 100.09790019, -0.403174129999968 ], [ 100.09783592, -0.403202699999956 ], [ 100.09776166, -0.403249819999936 ], [ 100.09769025, -0.403318379999974 ], [ 100.0976217, -0.403389779999951 ], [ 100.09751031, -0.403538309999937 ], [ 100.09737749, -0.403693979999964 ], [ 100.09736035, -0.403731109999964 ], [ 100.09731465, -0.403745389999923 ], [ 100.09724324, -0.403741109999943 ], [ 100.09718897, -0.403716829999958 ], [ 100.09707758, -0.403669699999965 ], [ 100.09697047, -0.403629709999972 ], [ 100.09691048, -0.403602579999932 ], [ 100.09680337, -0.403529739999951 ], [ 100.09671626, -0.403475469999932 ], [ 100.09666307, -0.403448319999947 ], [ 100.09652132, -0.403407629999951 ], [ 100.09637136, -0.403376219999928 ], [ 100.09624293, -0.403340309999981 ], [ 100.09623854, -0.403339079999969 ], [ 100.09608287, -0.403296239999982 ], [ 100.09598291, -0.403260539999962 ], [ 100.0958915, -0.403209119999935 ], [ 100.09588565, -0.403204029999935 ], [ 100.095856478, -0.403178627999987 ], [ 100.09579441, -0.403124579999935 ], [ 100.09572655, -0.40306548999997 ], [ 100.09564382, -0.402915089999971 ], [ 100.09566728, -0.402610019999945 ], [ 100.0957187, -0.402272969999964 ], [ 100.09573298, -0.402113019999952 ], [ 100.09571584, -0.401930219999948 ], [ 100.09569585, -0.401815969999977 ], [ 100.09559017, -0.401547479999978 ], [ 100.09551304, -0.401393239999952 ], [ 100.09545306, -0.401350389999957 ], [ 100.09536737, -0.401336109999939 ], [ 100.09530168, -0.401327539999954 ], [ 100.09523027, -0.40137323999995 ], [ 100.09517029, -0.401464639999969 ], [ 100.0950846, -0.401598889999945 ], [ 100.09493607, -0.401750269999984 ], [ 100.09478469, -0.401895939999974 ], [ 100.0946076, -0.402021619999968 ], [ 100.09448764, -0.402090169999961 ], [ 100.09440452, -0.402108059999938 ], [ 100.09426199, -0.402138729999938 ], [ 100.09410204, -0.402167289999973 ], [ 100.09397636, -0.402158719999933 ], [ 100.0938564, -0.402107309999963 ], [ 100.09371644, -0.402035899999938 ], [ 100.09365931, -0.401995909999932 ], [ 100.09359648, -0.401924509999959 ], [ 100.09355769, -0.401848739999935 ], [ 100.09347365, -0.401684579999941 ], [ 100.09343081, -0.401593179999961 ], [ 100.09341653, -0.401564609999986 ], [ 100.09333941, -0.401530339999973 ], [ 100.09327371, -0.401527479999974 ], [ 100.09306806, -0.401478919999942 ], [ 100.09289954, -0.401418939999932 ], [ 100.09276529, -0.401353249999941 ], [ 100.09266029, -0.401334869999969 ], [ 100.09265104, -0.401333249999939 ], [ 100.09245967, -0.401324679999969 ], [ 100.09236541, -0.401327539999954 ], [ 100.0922226, -0.401313259999942 ], [ 100.092141029, -0.401284315999934 ], [ 100.09213405, -0.401281839999969 ], [ 100.09207693, -0.401230429999948 ], [ 100.09200838, -0.401084759999958 ], [ 100.09198267, -0.400990499999974 ], [ 100.09196268, -0.400870529999969 ], [ 100.09196564, -0.400803339999934 ], [ 100.09197124, -0.400676309999941 ], [ 100.09191983, -0.400413529999981 ], [ 100.09189127, -0.400279279999952 ], [ 100.09183986, -0.400173599999963 ], [ 100.09181129, -0.400090769999964 ], [ 100.09169419, -0.399859409999981 ], [ 100.09154851, -0.399542359999948 ], [ 100.09135143, -0.399082499999965 ], [ 100.09128574, -0.398999659999959 ], [ 100.09125146, -0.398976809999967 ], [ 100.09118862, -0.398968249999939 ], [ 100.09112487, -0.398966759999954 ], [ 100.0910658, -0.398965389999943 ], [ 100.09094298, -0.398988239999948 ], [ 100.0907716, -0.399036799999979 ], [ 100.09068592, -0.399076779999985 ], [ 100.09063736, -0.399133909999934 ], [ 100.09055452, -0.39923958999998 ], [ 100.09048312, -0.399302429999979 ], [ 100.09038029, -0.399365269999985 ], [ 100.09022605, -0.399422399999935 ], [ 100.09009752, -0.39944524999993 ], [ 100.08982903, -0.399456669999953 ], [ 100.08972049, -0.399456669999953 ], [ 100.08964622, -0.399436679999955 ], [ 100.08958624, -0.39938525999998 ], [ 100.08948627, -0.399285289999975 ], [ 100.0893863, -0.399179609999987 ], [ 100.08935488, -0.399111059999944 ], [ 100.0893646, -0.399050329999966 ], [ 100.08936631, -0.399039649999966 ], [ 100.08942915, -0.39894253999995 ], [ 100.08950341, -0.398873989999974 ], [ 100.08960052, -0.398754019999965 ], [ 100.08981475, -0.39841983999997 ], [ 100.0898633, -0.398322719999958 ], [ 100.08984045, -0.398239889999959 ], [ 100.08978618, -0.398174199999982 ], [ 100.08969193, -0.398111359999978 ], [ 100.08956009, -0.398019349999974 ], [ 100.08941772, -0.397919989999943 ], [ 100.08930061, -0.397868569999963 ], [ 100.0892035, -0.397837149999932 ], [ 100.08910924, -0.397837149999932 ], [ 100.08898357, -0.397888569999964 ], [ 100.08884646, -0.39795997999994 ], [ 100.08872936, -0.397968539999966 ], [ 100.088685461, -0.397955125999947 ], [ 100.088614736, -0.397972329999966 ], [ 100.088446468, -0.398071487999967 ], [ 100.088323271, -0.398212713999957 ], [ 100.088209089, -0.398341919999955 ], [ 100.08811594, -0.398426053999968 ], [ 100.088010772, -0.398528216999984 ], [ 100.087872551, -0.398645404999966 ], [ 100.087737335, -0.398705500999944 ], [ 100.0875901, -0.398738552999936 ], [ 100.08751498, -0.398690476999953 ], [ 100.087469908, -0.398549250999967 ], [ 100.087454884, -0.398432063999958 ], [ 100.087451879, -0.398350933999953 ], [ 100.087430846, -0.398275813999935 ], [ 100.08738123, -0.398217441999979 ], [ 100.087379764, -0.39821571799996 ], [ 100.087316663, -0.398167641999986 ], [ 100.087281926, -0.398143475999974 ], [ 100.08717554, -0.398107069999986 ], [ 100.08699273, -0.398044239999944 ], [ 100.08675566, -0.397995679999961 ], [ 100.08659856, -0.398018529999951 ], [ 100.08649003, -0.398069939999975 ], [ 100.08635292, -0.398189909999932 ], [ 100.08632722, -0.39824988999994 ], [ 100.08625295, -0.39829844999997 ], [ 100.08615298, -0.39833557999998 ], [ 100.08602445, -0.398327009999951 ], [ 100.08589306, -0.398304159999957 ], [ 100.085719286, -0.398260193999936 ], [ 100.085603928, -0.39828182399998 ], [ 100.085489746, -0.398371967999933 ], [ 100.085387583, -0.398474130999951 ], [ 100.085375563, -0.398618360999936 ], [ 100.085345515, -0.398762591999973 ], [ 100.085255371, -0.398864754999986 ], [ 100.085081093, -0.398888792999974 ], [ 100.084882776, -0.398888792999974 ], [ 100.084648402, -0.398840716999931 ], [ 100.084408018, -0.398774610999967 ], [ 100.084197682, -0.398714514999937 ], [ 100.084017394, -0.398678456999967 ], [ 100.083825087, -0.398618360999936 ], [ 100.083674847, -0.398540236999967 ], [ 100.083500569, -0.398383986999928 ], [ 100.083468784, -0.39834902399997 ], [ 100.0834595, -0.398347 ], [ 100.08329384, -0.39827273999993 ], [ 100.08317958, -0.398129919999979 ], [ 100.08312246, -0.398084219999935 ], [ 100.08308515, -0.398031989999938 ], [ 100.08303936, -0.397990599999959 ], [ 100.0828911, -0.397921409999924 ], [ 100.08273972, -0.39788 ], [ 100.08261261, -0.397868569999963 ], [ 100.08250978, -0.397875709999943 ], [ 100.08236697, -0.397907129999965 ], [ 100.08224129, -0.397951409999969 ], [ 100.08212133, -0.398029949999965 ], [ 100.08196852, -0.398148489999929 ], [ 100.08179571, -0.398327009999951 ], [ 100.08166147, -0.398468389999949 ], [ 100.08161434, -0.398525519999966 ], [ 100.08158863, -0.398606919999971 ], [ 100.08153865, -0.398812579999971 ], [ 100.08148581, -0.399041079999962 ], [ 100.0814401, -0.399128199999946 ], [ 100.08137441, -0.399158189999983 ], [ 100.08133157, -0.399153899999928 ], [ 100.08126159, -0.399113919999942 ], [ 100.08121731, -0.399059649999973 ], [ 100.08115733, -0.398988239999948 ], [ 100.08105165, -0.398845429999942 ], [ 100.0809374, -0.398745449999978 ], [ 100.08070033, -0.398614069999955 ], [ 100.08061892, -0.398582649999982 ], [ 100.08049467, -0.398572649999955 ], [ 100.08038756, -0.398578359999927 ], [ 100.08028188, -0.398594069999953 ], [ 100.08011621, -0.398651199999956 ], [ 100.08003481, -0.39870974999997 ], [ 100.07994769, -0.398835429999969 ], [ 100.07989485, -0.398949679999926 ], [ 100.07982773, -0.399095349999931 ], [ 100.07968634, -0.399225309999969 ], [ 100.07958494, -0.39934669999997 ], [ 100.07954496, -0.39941525999996 ], [ 100.0795521, -0.399502369999938 ], [ 100.07957638, -0.399586629999929 ], [ 100.07960637, -0.399648039999937 ], [ 100.07975775, -0.399897969999934 ], [ 100.07984344, -0.400052209999955 ], [ 100.0799077, -0.400165029999928 ], [ 100.07993341, -0.400236439999968 ], [ 100.07993341, -0.400270709999971 ], [ 100.07990913, -0.400356399999966 ], [ 100.07988486, -0.400389249999935 ], [ 100.07980916, -0.400440659999957 ], [ 100.07974347, -0.400483509999966 ], [ 100.07959351, -0.400564909999956 ], [ 100.07948355, -0.400602039999973 ], [ 100.0793593, -0.400630609999957 ], [ 100.07925933, -0.400633459999949 ], [ 100.0792122, -0.400626319999956 ], [ 100.07917792, -0.400593469999939 ], [ 100.07915507, -0.400534919999935 ], [ 100.07915222, -0.400466369999949 ], [ 100.07913079, -0.400312129999974 ], [ 100.0790751, -0.400172169999974 ], [ 100.07902083, -0.400047919999966 ], [ 100.07897798, -0.399987939999964 ], [ 100.07894371, -0.399966519999963 ], [ 100.07891514, -0.399966519999963 ], [ 100.07882803, -0.399990799999961 ], [ 100.07874519, -0.400026499999969 ], [ 100.07866665, -0.40006362999998 ], [ 100.07861523, -0.400105049999983 ], [ 100.07854525, -0.400199309999955 ], [ 100.07844529, -0.40033925999996 ], [ 100.07836531, -0.400480649999964 ], [ 100.07822963, -0.400623469999978 ], [ 100.07814252, -0.400694869999943 ], [ 100.07802398, -0.400764849999977 ], [ 100.07792116, -0.400813409999961 ], [ 100.07772693, -0.40088909999998 ], [ 100.07756412, -0.400939089999952 ], [ 100.07739131, -0.400991929999984 ], [ 100.07731705, -0.401031909999973 ], [ 100.07724993, -0.401094749999977 ], [ 100.07723605, -0.401117249999973 ], [ 100.07720851, -0.401161879999969 ], [ 100.07718281, -0.401223289999965 ], [ 100.0771014, -0.401358959999927 ], [ 100.07707284, -0.401404659999975 ], [ 100.07701, -0.401461789999931 ], [ 100.07692003, -0.401520339999942 ], [ 100.07679435, -0.401601739999934 ], [ 100.07666724, -0.401677439999962 ], [ 100.07658727, -0.40170171999995 ], [ 100.07652443, -0.401696 ], [ 100.07647302, -0.401666009999929 ], [ 100.07642732, -0.401621739999941 ], [ 100.07637305, -0.401521769999933 ], [ 100.07632163, -0.401446079999981 ], [ 100.07628307, -0.401413229999948 ], [ 100.07625023, -0.40138466999997 ], [ 100.0761831, -0.401390379999952 ], [ 100.07611027, -0.401408949999966 ], [ 100.07601458, -0.401434649999948 ], [ 100.07592318, -0.40146035999994 ], [ 100.07586177, -0.401466069999976 ], [ 100.07581321, -0.401458929999934 ], [ 100.07572324, -0.401416089999947 ], [ 100.07565897, -0.401376099999934 ], [ 100.07564612, -0.401348959999953 ], [ 100.07564469, -0.401294689999934 ], [ 100.07565469, -0.401169019999944 ], [ 100.07565704, -0.40103148999998 ], [ 100.07565755, -0.401001919999951 ], [ 100.07565612, -0.400941939999942 ], [ 100.07561327, -0.400874819999962 ], [ 100.07558043, -0.400853399999956 ], [ 100.07547903, -0.40082197999993 ], [ 100.0753762, -0.400809129999979 ], [ 100.07535918, -0.400812529999943 ], [ 100.07528337, -0.400827689999969 ], [ 100.07522625, -0.400863389999926 ], [ 100.07518054, -0.400926229999933 ], [ 100.07511913, -0.401006209999938 ], [ 100.07504059, -0.401120459999967 ], [ 100.07492062, -0.401291839999943 ], [ 100.07486778, -0.401377529999937 ], [ 100.07482208, -0.40141036999995 ], [ 100.074771956795161, -0.401412319052813 ], [ 100.07474353, -0.401413229999948 ], [ 100.07470069, -0.401407519999972 ], [ 100.07463357, -0.401364669999966 ], [ 100.07455359, -0.401284699999964 ], [ 100.07450218, -0.401250419999939 ], [ 100.07435222, -0.40109617999997 ], [ 100.07428624, -0.401049509999951 ], [ 100.07423511, -0.401013349999968 ], [ 100.07416942, -0.400979069999955 ], [ 100.07408801, -0.400959079999946 ], [ 100.07404089, -0.400957649999956 ], [ 100.07397948, -0.400971929999977 ], [ 100.07392806, -0.400997639999957 ], [ 100.07388379, -0.401041909999945 ], [ 100.07386094, -0.401079039999959 ], [ 100.07385169, -0.401134539999941 ], [ 100.07384951, -0.401147589999941 ], [ 100.0738538, -0.401216149999923 ], [ 100.07386094, -0.401260419999983 ], [ 100.07388522, -0.401364669999966 ], [ 100.07388807, -0.401670299999988 ], [ 100.07388522, -0.401820249999955 ], [ 100.07384237, -0.401851669999931 ], [ 100.07378382, -0.401838819999969 ], [ 100.07373669, -0.40180025999996 ], [ 100.07368671, -0.401750269999984 ], [ 100.07364672, -0.401657439999948 ], [ 100.07355389, -0.401416089999947 ], [ 100.07348391, -0.401293269999946 ], [ 100.07344678, -0.401257559999981 ], [ 100.0734025, -0.401233279999935 ], [ 100.07336109, -0.401229 ], [ 100.07331682, -0.401229 ], [ 100.07319971, -0.401266129999955 ], [ 100.07307403, -0.401316119999937 ], [ 100.07294264, -0.401396089999942 ], [ 100.07290837, -0.401450359999963 ], [ 100.07289837, -0.401506059999974 ], [ 100.07289837, -0.401534619999953 ], [ 100.07292693, -0.40161030999997 ], [ 100.0729812, -0.401704569999938 ], [ 100.07301119, -0.401770269999941 ], [ 100.07301119, -0.401810249999931 ], [ 100.0730012, -0.401830249999931 ], [ 100.07293836, -0.401877379999971 ], [ 100.0728541, -0.401920219999974 ], [ 100.07276841, -0.40197448999993 ], [ 100.07265701, -0.402051609999954 ], [ 100.07255276, -0.402114449999943 ], [ 100.07245993, -0.402137299999935 ], [ 100.07228284, -0.402187279999966 ], [ 100.0720729, -0.402230129999961 ], [ 100.0719815, -0.402235839999946 ], [ 100.07186868, -0.402217269999936 ], [ 100.07180869, -0.402194419999945 ], [ 100.07176299, -0.402164429999975 ], [ 100.07170872, -0.402108739999973 ], [ 100.0716873, -0.402024479999966 ], [ 100.07167873, -0.401960209999971 ], [ 100.07168445, -0.401834529999975 ], [ 100.07169873, -0.401775979999976 ], [ 100.07179156, -0.401606029999929 ], [ 100.0718344, -0.401506059999974 ], [ 100.07183583, -0.401466069999976 ], [ 100.07181583, -0.401424649999975 ], [ 100.07176157, -0.40137323999995 ], [ 100.07169159, -0.40132610999996 ], [ 100.07160875, -0.40130040999998 ], [ 100.0715402, -0.401283269999974 ], [ 100.07148308, -0.401283269999974 ], [ 100.0713474, -0.401281839999969 ], [ 100.07124172, -0.401298979999986 ], [ 100.0711646, -0.401313259999942 ], [ 100.07109034, -0.401344679999973 ], [ 100.07102607, -0.401390379999952 ], [ 100.07089611, -0.401477499999943 ], [ 100.07078329, -0.401533189999958 ], [ 100.07071045, -0.401547479999978 ], [ 100.07064761, -0.401527479999974 ], [ 100.07055478, -0.401480349999931 ], [ 100.07044053, -0.401418939999932 ], [ 100.07036627, -0.401383239999975 ], [ 100.07026344, -0.401313259999942 ], [ 100.07012348, -0.401231859999934 ], [ 100.0699823, -0.401171119999963 ], [ 100.06986785, -0.401121889999957 ], [ 100.06975502, -0.401091899999933 ], [ 100.06967933, -0.401107609999949 ], [ 100.06965648, -0.401123319999963 ], [ 100.06965791, -0.401156159999973 ], [ 100.06966362, -0.401201859999957 ], [ 100.06968219, -0.401234709999928 ], [ 100.06971646, -0.401264699999964 ], [ 100.06973663, -0.401279609999969 ], [ 100.06973596, -0.401281359999931 ], [ 100.06985928, -0.401377529999937 ], [ 100.06992926, -0.401451789999955 ], [ 100.07002066, -0.401556039999954 ], [ 100.07008778, -0.401636019999963 ], [ 100.07006493, -0.401803109999953 ], [ 100.07000352, -0.401941639999962 ], [ 100.06995068, -0.402015909999934 ], [ 100.06985785, -0.402118729999924 ], [ 100.06972218, -0.402212989999956 ], [ 100.06961649, -0.402245839999987 ], [ 100.06955651, -0.402244409999981 ], [ 100.0695051, -0.402231559999966 ], [ 100.0694594, -0.402205849999977 ], [ 100.06943083, -0.402173 ], [ 100.06941655, -0.402137299999935 ], [ 100.06941084, -0.402084459999972 ], [ 100.06940798, -0.402014479999938 ], [ 100.06942369, -0.401911649999939 ], [ 100.06944226, -0.40180025999996 ], [ 100.06943655, -0.401743129999946 ], [ 100.06942798, -0.401704569999938 ], [ 100.06940655, -0.401677439999962 ], [ 100.06936228, -0.401647449999928 ], [ 100.06929659, -0.401613169999969 ], [ 100.06922661, -0.401586039999928 ], [ 100.06916234, -0.401566039999978 ], [ 100.06900096, -0.401508919999969 ], [ 100.06880959, -0.401443219999982 ], [ 100.06867106, -0.401398949999937 ], [ 100.0686225, -0.401378949999987 ], [ 100.06853824, -0.401313259999942 ], [ 100.06843399, -0.401216149999923 ], [ 100.06835687, -0.401157589999963 ], [ 100.06826261, -0.401124739999944 ], [ 100.06820834, -0.401114749999979 ], [ 100.06817835, -0.401120459999967 ], [ 100.06808838, -0.401157589999963 ], [ 100.06799412, -0.401220429999971 ], [ 100.067907, -0.401258989999974 ], [ 100.06781417, -0.40130040999998 ], [ 100.06774134, -0.401317539999987 ], [ 100.06768421, -0.401317539999987 ], [ 100.06762566, -0.401298979999986 ], [ 100.06759138, -0.401280409999974 ], [ 100.06756425, -0.401236139999982 ], [ 100.0675414, -0.401189009999945 ], [ 100.06751997, -0.40114901999993 ], [ 100.06750855, -0.401106179999942 ], [ 100.06749855, -0.401046199999939 ], [ 100.06747142, -0.400926229999933 ], [ 100.06745, -0.400827689999969 ], [ 100.06744101, -0.400806119999972 ], [ 100.06743571, -0.400793409999956 ], [ 100.06739573, -0.400766279999968 ], [ 100.06738145, -0.400760569999934 ], [ 100.06734574, -0.400749139999965 ], [ 100.06724759, -0.400721539999946 ], [ 100.06720864, -0.400710579999957 ], [ 100.06706583, -0.400676309999941 ], [ 100.066963, -0.400664879999977 ], [ 100.0668616, -0.400649169999947 ], [ 100.06679733, -0.400626319999956 ], [ 100.0667345, -0.40059061999995 ], [ 100.06669879, -0.400549199999942 ], [ 100.06666309, -0.40049349999993 ], [ 100.06664738, -0.400453519999928 ], [ 100.06662024, -0.400384969999953 ], [ 100.06657454, -0.400306419999937 ], [ 100.06650456, -0.400236439999968 ], [ 100.06649811, -0.400232749999935 ], [ 100.06644458, -0.400202159999941 ], [ 100.06638603, -0.400187879999985 ], [ 100.0663032, -0.400200729999936 ], [ 100.06626606, -0.400233579999972 ], [ 100.06623465, -0.400304989999942 ], [ 100.06623191, -0.40033779999993 ], [ 100.06622608, -0.400407819999946 ], [ 100.06621893, -0.400546349999956 ], [ 100.06618609, -0.400700589999925 ], [ 100.06612611, -0.400870529999969 ], [ 100.06609754, -0.400907669999928 ], [ 100.06606041, -0.400930519999986 ], [ 100.06601328, -0.400926229999933 ], [ 100.06598758, -0.400923379999938 ], [ 100.0659176, -0.400907669999928 ], [ 100.06587618, -0.400891959999962 ], [ 100.06580763, -0.400844829999926 ], [ 100.06573908, -0.400767709999975 ], [ 100.06569766, -0.400697729999931 ], [ 100.06567624, -0.400652029999943 ], [ 100.06565339, -0.400559199999987 ], [ 100.06563625, -0.400496359999979 ], [ 100.06561909, -0.400473479999964 ], [ 100.06560198, -0.400450659999932 ], [ 100.06554913, -0.400424949999939 ], [ 100.06550772, -0.400426379999948 ], [ 100.06547202, -0.400450659999932 ], [ 100.06541917, -0.400476369999986 ], [ 100.06537204, -0.400523499999964 ], [ 100.06536124, -0.40053545999997 ], [ 100.06533206, -0.400567769999952 ], [ 100.06528921, -0.400629179999954 ], [ 100.06528064, -0.400667739999957 ], [ 100.06526208, -0.400943369999934 ], [ 100.06526065, -0.401044769999942 ], [ 100.06524494, -0.401090469999931 ], [ 100.0652278, -0.401111889999927 ], [ 100.0652021, -0.401130459999939 ], [ 100.06511784, -0.401177589999981 ], [ 100.06506214, -0.401209 ], [ 100.06499216, -0.401241849999967 ], [ 100.06493646, -0.401286119999964 ], [ 100.06484363, -0.40140037999993 ], [ 100.06475223, -0.401561759999935 ], [ 100.06469225, -0.401660299999945 ], [ 100.06465083, -0.40172741999993 ], [ 100.06460942, -0.401774549999968 ], [ 100.06453944, -0.401813109999976 ], [ 100.0645123, -0.401821679999961 ], [ 100.06444803, -0.401834529999975 ], [ 100.0643752, -0.401838819999969 ], [ 100.06432236, -0.401827389999933 ], [ 100.06427237, -0.401821679999961 ], [ 100.06422096, -0.401815969999977 ], [ 100.06417383, -0.401815969999977 ], [ 100.06411528, -0.401828819999943 ], [ 100.06400103, -0.401875949999981 ], [ 100.06386964, -0.401915939999979 ], [ 100.06380394, -0.401918789999966 ], [ 100.0636497, -0.401910219999932 ], [ 100.06356687, -0.401921649999966 ], [ 100.06345833, -0.401944499999961 ], [ 100.06338978, -0.401993059999941 ], [ 100.06333837, -0.40204446999996 ], [ 100.06329552, -0.402135869999947 ], [ 100.06325553, -0.402215849999952 ], [ 100.06318698, -0.402341519999938 ], [ 100.0630356, -0.402484339999954 ], [ 100.06295277, -0.402581449999957 ], [ 100.06286422, -0.402630009999941 ], [ 100.0627614, -0.402647149999956 ], [ 100.06258145, -0.402661429999967 ], [ 100.06241578, -0.402664279999956 ], [ 100.06224649, -0.402657449999944 ], [ 100.06213301, -0.402652859999931 ], [ 100.06200162, -0.402667139999953 ], [ 100.0618988, -0.402714269999931 ], [ 100.06179597, -0.402808529999964 ], [ 100.06170171, -0.402934199999947 ], [ 100.061606769, -0.403129514999939 ], [ 100.06160174, -0.40313985999996 ], [ 100.0615132, -0.403348369999954 ], [ 100.06141037, -0.403428339999959 ], [ 100.06131326, -0.403451189999949 ], [ 100.06122186, -0.403456899999989 ], [ 100.06104191, -0.403428339999959 ], [ 100.06093623, -0.403419769999971 ], [ 100.06084768, -0.403351219999928 ], [ 100.06075057, -0.40325981999996 ], [ 100.06061632, -0.403079869999947 ], [ 100.06052206, -0.402954199999966 ], [ 100.06041353, -0.402797099999929 ], [ 100.06034497, -0.40270283999996 ], [ 100.06024309, -0.402389099999946 ], [ 100.06016503, -0.402148719999963 ], [ 100.0601079, -0.40197448999993 ], [ 100.06009155, -0.401962399999952 ], [ 100.06004786, -0.401930109999972 ], [ 100.06002229, -0.401956119999965 ], [ 100.06001369, -0.401971549999933 ], [ 100.0600095, -0.40197906999993 ], [ 100.05995938, -0.402045899999969 ], [ 100.0598794, -0.402060179999977 ], [ 100.059788, -0.402028759999947 ], [ 100.05965661, -0.401897369999979 ], [ 100.05953093, -0.401657439999948 ], [ 100.05947095, -0.401483209999984 ], [ 100.05947381, -0.401426079999964 ], [ 100.05950081, -0.401220609999934 ], [ 100.0595395, -0.400926229999933 ], [ 100.05951951, -0.400843399999929 ], [ 100.05944239, -0.400791989999962 ], [ 100.05926815, -0.400714869999945 ], [ 100.05919222, -0.400718539999963 ], [ 100.05909106, -0.400723439999985 ], [ 100.05889969, -0.400777699999944 ], [ 100.05870261, -0.40088909999998 ], [ 100.058357, -0.401157589999963 ], [ 100.05798854, -0.401451789999955 ], [ 100.0576115, -0.401657439999948 ], [ 100.0572916, -0.401757409999963 ], [ 100.05717735, -0.401774549999968 ], [ 100.05705167, -0.401737419999973 ], [ 100.0569517, -0.401660299999945 ], [ 100.05690029, -0.401606909999942 ], [ 100.05672891, -0.40142893999996 ], [ 100.05656325, -0.401180439999972 ], [ 100.05646042, -0.400917659999949 ], [ 100.056429, -0.400789129999966 ], [ 100.05644674, -0.400637119999943 ], [ 100.056449, -0.400617749999923 ], [ 100.056449, -0.400426379999948 ], [ 100.05642043, -0.400314989999969 ], [ 100.05639025, -0.40027415699996 ], [ 100.05637187, -0.400249289999985 ], [ 100.05628619, -0.40020929999997 ], [ 100.05618522, -0.40018727999996 ], [ 100.05617633, -0.400185339999955 ], [ 100.05612909, -0.400175029999956 ], [ 100.05600056, -0.400169319999983 ], [ 100.05582347, -0.400169319999983 ], [ 100.05560639, -0.400195019999963 ], [ 100.05534647, -0.400212159999966 ], [ 100.05513224, -0.400240719999949 ], [ 100.0550437, -0.400255 ], [ 100.05496087, -0.400217869999957 ], [ 100.05488307, -0.400162299999973 ], [ 100.05484601, -0.400152349999939 ], [ 100.05482948, -0.400155029999955 ], [ 100.05478949, -0.400152179999959 ], [ 100.05470809, -0.400149319999976 ], [ 100.05460383, -0.400143609999929 ], [ 100.05456384, -0.400133609999966 ], [ 100.05453895, -0.400124649999956 ], [ 100.0545035, -0.400137309999934 ], [ 100.05447754, -0.400154109999969 ], [ 100.05432054, -0.400255699999953 ], [ 100.05416352, -0.400357299999946 ], [ 100.05403551, -0.400440129999944 ], [ 100.05398198, -0.400474759999961 ], [ 100.05388247, -0.400575959999973 ], [ 100.0537568, -0.400703779999965 ], [ 100.05367012, -0.400791939999974 ], [ 100.05361715, -0.400845799999955 ], [ 100.05357118, -0.400870659999951 ], [ 100.05356572, -0.400870979999987 ], [ 100.05349416, -0.400875179999961 ], [ 100.05336634, -0.400879099999941 ], [ 100.05332752, -0.400878799999934 ], [ 100.05328252, -0.400878439999932 ], [ 100.05325281, -0.400869109999973 ], [ 100.05321568, -0.400786269999964 ], [ 100.05313284, -0.400616329999935 ], [ 100.05301431, -0.400389249999935 ], [ 100.05286007, -0.400167889999979 ], [ 100.05283321, -0.400127609999981 ], [ 100.05279437, -0.400069339999959 ], [ 100.05272011, -0.400006509999974 ], [ 100.05265013, -0.39997936999993 ], [ 100.05257729, -0.399970799999958 ], [ 100.0525216, -0.399987939999964 ], [ 100.05248446, -0.400032209999957 ], [ 100.05246161, -0.400132179999962 ], [ 100.05243591, -0.400247859999978 ], [ 100.05236878, -0.400422099999967 ], [ 100.05235946, -0.400436859999963 ], [ 100.05230023, -0.400530639999941 ], [ 100.05224454, -0.400586329999957 ], [ 100.05215456, -0.400657739999933 ], [ 100.05202175, -0.400732 ], [ 100.05190464, -0.400776279999946 ], [ 100.05178039, -0.400806269999979 ], [ 100.051649, -0.40082197999993 ], [ 100.05152475, -0.400820549999943 ], [ 100.05144049, -0.400801979999927 ], [ 100.05132767, -0.400779129999939 ], [ 100.05125055, -0.400749139999965 ], [ 100.05108774, -0.400664879999977 ], [ 100.05093636, -0.400587759999949 ], [ 100.05072213, -0.400507789999951 ], [ 100.05057503, -0.400462089999966 ], [ 100.05048506, -0.400426379999948 ], [ 100.05042312, -0.400417169999972 ], [ 100.05031226, -0.400400669999956 ], [ 100.05025226, -0.400403499999935 ], [ 100.05019086, -0.400406389999949 ], [ 100.04996807, -0.400444949999957 ], [ 100.04990445, -0.400469479999975 ], [ 100.04984954, -0.40049064999994 ], [ 100.04977813, -0.400544919999965 ], [ 100.04970958, -0.40061060999994 ], [ 100.04964388, -0.400720579999934 ], [ 100.04960104, -0.400843399999929 ], [ 100.04955534, -0.401009069999939 ], [ 100.04951821, -0.401091899999933 ], [ 100.04944966, -0.401177589999981 ], [ 100.04944394, -0.401237569999989 ], [ 100.04945822, -0.401271839999941 ], [ 100.04950964, -0.401311829999937 ], [ 100.04957533, -0.40136324999998 ], [ 100.0496753, -0.401451789999955 ], [ 100.04970741, -0.401491929999961 ], [ 100.0497667, -0.401566039999978 ], [ 100.04984954, -0.40170885999993 ], [ 100.04988667, -0.401788829999927 ], [ 100.0499238, -0.401957349999975 ], [ 100.04990952, -0.402215849999952 ], [ 100.04988524, -0.402557169999977 ], [ 100.04982812, -0.403102719999941 ], [ 100.04977813, -0.403218399999961 ], [ 100.04969673, -0.403315519999989 ], [ 100.04966102, -0.403331229999939 ], [ 100.04958961, -0.403331229999939 ], [ 100.04916117, -0.403341229999979 ], [ 100.04893382, -0.403342179999929 ], [ 100.04882127, -0.40334264999996 ], [ 100.04865989, -0.403322659999967 ], [ 100.0485385, -0.403275529999978 ], [ 100.0484371, -0.403209839999931 ], [ 100.04832142, -0.40313556999996 ], [ 100.04814719, -0.403047029999927 ], [ 100.04803008, -0.402972759999952 ], [ 100.04795773, -0.402946329999965 ], [ 100.04792232, -0.40293338999993 ], [ 100.04788512, -0.402912419999944 ], [ 100.04769661, -0.40283815999993 ], [ 100.04755665, -0.402808169999964 ], [ 100.04741241, -0.402833879999952 ], [ 100.04736072, -0.402853919999929 ], [ 100.04734192, -0.402861209999972 ], [ 100.04732166, -0.402865369999978 ], [ 100.04729098, -0.402871679999978 ], [ 100.04713459, -0.402924379999952 ], [ 100.04708794, -0.402940109999981 ], [ 100.04690113, -0.402973829999955 ], [ 100.04663835, -0.402959549999935 ], [ 100.04628417, -0.402905279999971 ], [ 100.04609851, -0.402848159999958 ], [ 100.04595284, -0.40277960999993 ], [ 100.04583778, -0.402730289999973 ], [ 100.04551298, -0.402591089999934 ], [ 100.0451388, -0.402531109999931 ], [ 100.04497028, -0.402522539999957 ], [ 100.04473606, -0.402562529999956 ], [ 100.04450756, -0.402648219999949 ], [ 100.0442962, -0.402751039999943 ], [ 100.04407626, -0.402845299999977 ], [ 100.04378778, -0.403110939999982 ], [ 100.04352785, -0.403402279999971 ], [ 100.04325936, -0.403762169999944 ], [ 100.04299087, -0.404113499999947 ], [ 100.04262527, -0.404553359999964 ], [ 100.04229693, -0.404906829999966 ], [ 100.04206543, -0.405156039999952 ], [ 100.04183979, -0.405450239999941 ], [ 100.0416884, -0.405590199999952 ], [ 100.04145704, -0.405718729999934 ], [ 100.04121426, -0.405761569999923 ], [ 100.04104859, -0.405755859999952 ], [ 100.04092006, -0.405727299999973 ], [ 100.04076011, -0.405670169999954 ], [ 100.04056874, -0.405587339999957 ], [ 100.04047701, -0.405532469999973 ], [ 100.04024883, -0.405395969999969 ], [ 100.04001176, -0.405198889999959 ], [ 100.0397347, -0.405058929999944 ], [ 100.03936338, -0.404981809999933 ], [ 100.03888067, -0.404916109999933 ], [ 100.03872357, -0.404910399999955 ], [ 100.03851221, -0.404904689999971 ], [ 100.038258, -0.404916109999933 ], [ 100.03791524, -0.404890409999949 ], [ 100.03772958, -0.404878979999981 ], [ 100.03760676, -0.404856129999926 ], [ 100.03707549, -0.404739019999966 ], [ 100.03686127, -0.40469617999998 ], [ 100.03680415, -0.40469617999998 ], [ 100.03671274, -0.404767579999943 ], [ 100.03664991, -0.404801859999966 ], [ 100.03654422, -0.404824709999965 ], [ 100.03621289, -0.404893259999941 ], [ 100.03601758, -0.404951209999976 ], [ 100.03595297, -0.40497037999995 ], [ 100.03586728, -0.40501036999996 ], [ 100.03566163, -0.40516746999998 ], [ 100.03544741, -0.405350269999931 ], [ 100.035380996, -0.40541668399993 ], [ 100.03531602, -0.405481659999967 ], [ 100.03519034, -0.405638749999978 ], [ 100.035082304, -0.405827824999964 ], [ 100.0350642, -0.405859509999976 ], [ 100.0350104, -0.405992929999973 ], [ 100.03490186, -0.406387099999964 ], [ 100.03480474, -0.406964069999962 ], [ 100.03477618, -0.407398229999959 ], [ 100.03476475, -0.408272249999937 ], [ 100.034771746, -0.408688148999949 ], [ 100.0347728, -0.40875077999994 ], [ 100.03476326, -0.408860079999955 ], [ 100.03474637, -0.408951779999944 ], [ 100.03474253, -0.408992529999984 ], [ 100.03472997, -0.409125929999972 ], [ 100.03472023, -0.409144459999935 ], [ 100.03470994, -0.40916403999996 ], [ 100.03453196, -0.409387389999953 ], [ 100.03435463, -0.409557479999933 ], [ 100.03404704, -0.409760129999937 ], [ 100.03367068, -0.409922979999976 ], [ 100.03341737, -0.409980879999982 ], [ 100.03311339, -0.410093059999957 ], [ 100.03278046, -0.410183529999922 ], [ 100.03250181, -0.410302949999967 ], [ 100.03226659, -0.410454939999966 ], [ 100.03216631, -0.410547039999931 ], [ 100.03208927, -0.41061777999994 ], [ 100.03193004, -0.410845769999986 ], [ 100.03181062, -0.411077369999929 ], [ 100.03176358, -0.41121488999994 ], [ 100.03177805, -0.411287259999945 ], [ 100.03181424, -0.411330689999946 ], [ 100.0319409, -0.411370489999969 ], [ 100.0321146, -0.411410299999948 ], [ 100.03232449, -0.411421159999979 ], [ 100.03245115, -0.411435629999973 ], [ 100.03272135, -0.411597749999944 ], [ 100.03279493, -0.411641899999956 ], [ 100.03301206, -0.41177941999996 ], [ 100.03317491, -0.411938639999959 ], [ 100.03319662, -0.412054449999976 ], [ 100.03320024, -0.412228149999982 ], [ 100.03318215, -0.412325859999964 ], [ 100.03313872, -0.412434419999954 ], [ 100.03303377, -0.412586409999958 ], [ 100.03288637, -0.412770369999987 ], [ 100.0328076, -0.412868679999976 ], [ 100.03269361, -0.412984479999984 ], [ 100.03248553, -0.41316722999995 ], [ 100.03236249, -0.413273979999932 ], [ 100.03216526, -0.413377119999958 ], [ 100.0319988, -0.413425969999942 ], [ 100.03177262, -0.413433209999943 ], [ 100.03159892, -0.413404259999939 ], [ 100.03148131, -0.413364449999964 ], [ 100.03125087, -0.41320313999996 ], [ 100.03119181, -0.413161799999955 ], [ 100.03109048, -0.413083989999962 ], [ 100.03086792, -0.412919339999977 ], [ 100.03069965, -0.412787249999951 ], [ 100.03059471, -0.412707639999958 ], [ 100.03051328, -0.412687739999971 ], [ 100.03043186, -0.412687739999971 ], [ 100.03036672, -0.412722119999952 ], [ 100.03031968, -0.412794489999954 ], [ 100.03024187, -0.412919339999977 ], [ 100.03015864, -0.413026089999958 ], [ 100.03007066, -0.413114069999951 ], [ 100.03006998, -0.413114749999984 ], [ 100.02998132, -0.413158179999929 ], [ 100.02989266, -0.413174459999947 ], [ 100.02975661, -0.413179559999946 ], [ 100.02961763, -0.413205219999952 ], [ 100.0294584, -0.413205219999952 ], [ 100.02938892, -0.413194699999971 ], [ 100.02933898, -0.413187129999926 ], [ 100.02926661, -0.41316722999995 ], [ 100.02923374, -0.413159169999974 ], [ 100.02919589, -0.413152139999974 ], [ 100.02917614, -0.413150939999987 ], [ 100.02904586, -0.413134659999973 ], [ 100.02894453, -0.413114749999984 ], [ 100.02886594, -0.413099319999963 ], [ 100.02874369, -0.413095749999975 ], [ 100.02854104, -0.413086709999957 ], [ 100.02823525, -0.413025189999928 ], [ 100.02792584, -0.412940149999948 ], [ 100.02749882, -0.412775489999951 ], [ 100.02731608, -0.412733869999952 ], [ 100.02704467, -0.412688639999948 ], [ 100.02673707, -0.41266692999995 ], [ 100.02658508, -0.412675969999953 ], [ 100.02649483, -0.412691169999967 ], [ 100.02624129, -0.412733869999952 ], [ 100.02600426, -0.412800819999976 ], [ 100.02590474, -0.412842439999963 ], [ 100.02581922, -0.412887709999951 ], [ 100.02572019, -0.412940149999948 ], [ 100.02551572, -0.413017949999929 ], [ 100.02530041, -0.413083089999932 ], [ 100.02522441, -0.413110229999976 ], [ 100.02515566, -0.413177179999939 ], [ 100.02511042, -0.413254979999985 ], [ 100.02506519, -0.413365359999952 ], [ 100.02500728, -0.413464869999932 ], [ 100.024953, -0.413535439999984 ], [ 100.02489872, -0.413578859999978 ], [ 100.02475035, -0.413667529999947 ], [ 100.02448799, -0.413841229999955 ], [ 100.02424372, -0.413989599999985 ], [ 100.02403745, -0.414132539999971 ], [ 100.02374975, -0.41428452999998 ], [ 100.0235851, -0.414340619999967 ], [ 100.02336978, -0.414344239999944 ], [ 100.02322004, -0.414332209999947 ], [ 100.02316713, -0.41432794999998 ], [ 100.02290114, -0.414378619999985 ], [ 100.02269668, -0.41443289999995 ], [ 100.02234566, -0.414572219999976 ], [ 100.02209596, -0.414677169999944 ], [ 100.02196207, -0.414742309999953 ], [ 100.02188426, -0.414823729999969 ], [ 100.02180691, -0.414926869999936 ], [ 100.02175399, -0.414997429999979 ], [ 100.02168161, -0.415104189999973 ], [ 100.02156943, -0.415219989999978 ], [ 100.02144458, -0.415295979999936 ], [ 100.0212763, -0.41535387999994 ], [ 100.02106822, -0.415377409999963 ], [ 100.02095423, -0.41538282999994 ], [ 100.02083843, -0.41535387999994 ], [ 100.02072151, -0.415315989999962 ], [ 100.02064302, -0.415290549999956 ], [ 100.02051636, -0.415261599999953 ], [ 100.02026644, -0.41522359999993 ], [ 100.01999344, -0.415212749999975 ], [ 100.01985593, -0.415241699999974 ], [ 100.01966232, -0.415301409999935 ], [ 100.01946329, -0.415417209999938 ], [ 100.01938729, -0.415491399999954 ], [ 100.0193312, -0.415634339999937 ], [ 100.01926787, -0.415750139999942 ], [ 100.01915388, -0.415853279999969 ], [ 100.01898199, -0.415952789999951 ], [ 100.01886981, -0.416010699999959 ], [ 100.01886786, -0.416011119999957 ], [ 100.01880681, -0.416024479999982 ], [ 100.018804226, -0.41602543199997 ], [ 100.01875581, -0.416043259999931 ], [ 100.01862, -0.416078579999977 ], [ 100.01857487, -0.41609030999996 ], [ 100.01848078, -0.416104779999958 ], [ 100.01826728, -0.416122879999937 ], [ 100.01815871, -0.416169919999967 ], [ 100.01809357, -0.416231439999943 ], [ 100.01802482, -0.416361719999937 ], [ 100.01798501, -0.416459429999983 ], [ 100.01799225, -0.416625889999975 ], [ 100.0180212, -0.416788739999963 ], [ 100.01807027, -0.41695803999994 ], [ 100.018061, -0.417016719999934 ], [ 100.01803748, -0.41715242999994 ], [ 100.0179832, -0.417373169999973 ], [ 100.01793254, -0.417510689999967 ], [ 100.01789092, -0.417572209999945 ], [ 100.01781854, -0.417651819999949 ], [ 100.01777331, -0.417706099999974 ], [ 100.01775522, -0.417760379999949 ], [ 100.01776426, -0.41791779999994 ], [ 100.01777874, -0.418100549999973 ], [ 100.01780226, -0.418323109999969 ], [ 100.01781505, -0.418401449999983 ], [ 100.01783121, -0.418500429999936 ], [ 100.01782216, -0.418668699999963 ], [ 100.017793939, -0.418755022999971 ], [ 100.0177914, -0.41876278999997 ], [ 100.01773712, -0.418853259999936 ], [ 100.01770636, -0.41889848999995 ], [ 100.0176961, -0.418905239999962 ], [ 100.01764303, -0.41894010999994 ], [ 100.01760866, -0.418970869999959 ], [ 100.01759599, -0.419041439999948 ], [ 100.01759599, -0.419126589999964 ], [ 100.01759599, -0.419146379999972 ], [ 100.01754533, -0.419258569999957 ], [ 100.01751943, -0.41928352999998 ], [ 100.017444, -0.419356269999983 ], [ 100.0172703, -0.419493789999932 ], [ 100.01703869, -0.419685579999966 ], [ 100.01687585, -0.419877379999949 ], [ 100.016789, -0.420032989999922 ], [ 100.01674195, -0.420286299999929 ], [ 100.01674195, -0.420412959999962 ], [ 100.0167709, -0.420579429999978 ], [ 100.01678206, -0.420632179999928 ], [ 100.01681071, -0.42076759999998 ], [ 100.01682157, -0.420926829999931 ], [ 100.01679985, -0.421191 ], [ 100.01672386, -0.421437079999979 ], [ 100.01662615, -0.421690399999932 ], [ 100.01655016, -0.421802579999966 ], [ 100.01636198, -0.421911139999963 ], [ 100.01613399, -0.422005229999972 ], [ 100.01600734, -0.422077609999976 ], [ 100.01598619, -0.422098749999977 ], [ 100.0158662, -0.422218739999945 ], [ 100.01578297, -0.422425009999929 ], [ 100.01574316, -0.422786889999949 ], [ 100.01575402, -0.422982309999953 ], [ 100.01577935, -0.423108959999978 ], [ 100.01583363, -0.423275429999939 ], [ 100.01586568, -0.423474579999948 ], [ 100.0158843, -0.423590259999978 ], [ 100.01586982, -0.42399556999994 ], [ 100.01587344, -0.424151179999975 ], [ 100.0158083, -0.424314019999937 ], [ 100.01578768, -0.424365139999964 ], [ 100.01572507, -0.424520299999932 ], [ 100.01565269, -0.424715709999935 ], [ 100.01564903, -0.424732409999934 ], [ 100.01562013, -0.424864079999968 ], [ 100.01560927, -0.425149959999941 ], [ 100.01560565, -0.425334519999976 ], [ 100.01560203, -0.425486509999939 ], [ 100.0155767, -0.425569749999971 ], [ 100.01548985, -0.425703639999938 ], [ 100.01533786, -0.425837539999972 ], [ 100.01517863, -0.425971429999951 ], [ 100.01495789, -0.426101709999957 ], [ 100.01474438, -0.426268169999965 ], [ 100.01454172, -0.426449109999975 ], [ 100.01437164, -0.426575769999942 ], [ 100.01424136, -0.426626429999943 ], [ 100.01419952, -0.426633899999965 ], [ 100.014041, -0.42666216999993 ], [ 100.01357551, -0.426684339999952 ], [ 100.01301821, -0.426662619999947 ], [ 100.01272871, -0.426727759999953 ], [ 100.01262014, -0.426771189999956 ], [ 100.01253329, -0.426865279999964 ], [ 100.01238676, -0.427109489999967 ], [ 100.01153677, -0.425956959999955 ], [ 100.0104656, -0.424292309999942 ], [ 100.010335026, -0.424110192999933 ], [ 100.010314885, -0.424064874999945 ], [ 100.010308876, -0.423989754999979 ], [ 100.010305871, -0.423920644999959 ], [ 100.01031188, -0.423830500999949 ], [ 100.010326904, -0.423734347999928 ], [ 100.010332914, -0.423602135999942 ], [ 100.010314885, -0.423244564999947 ], [ 100.010251784, -0.42307629699997 ], [ 100.010218732, -0.422938075999981 ], [ 100.010152626, -0.422763797999946 ], [ 100.010089525, -0.422589518999931 ], [ 100.009695897, -0.422015602999981 ], [ 100.009727100098672, -0.421840399455459 ], [ 100.009701117551089, -0.421596163508204 ], [ 100.00961537514408, -0.421458456006028 ], [ 100.009519239718031, -0.421385704872803 ] ] ] ] } }
]
}
